sample,temp_c,R1,R2,Cff,Cout,Cin,ESRout,ESRin,vadj,iadj,vout,gain,headroom,vdo,ignd,iin,p_diss,efficiency,r1,r2
0,25.0,0.0,998777568795.041,0.0,1.0394736058118729e-06,9.188354695775298e-07,0.014756223516367559,0.012611397019903528,5.042909645791543,0.0,5.042909645791543,1.0,6.657090354208457,0.3,0.0018,0.051800000000000006,0.36945451771042287,0.4056394502728075,0.0,998777568795.041
1,25.0,0.0,997415960484.6516,0.0,1.028773024016133e-06,1.064552322654166e-06,0.00943414198827331,0.007272387217847768,5.008187718052375,0.0,5.008187718052375,1.0,6.691812281947625,0.3,0.0018,0.051800000000000006,0.37119061409738124,0.4028465024173404,0.0,997415960484.6516
2,25.0,0.0,1002633287982.4413,0.0,9.709051936259736e-07,1.0941396048789806e-06,0.013931211213221977,0.012783834970737618,4.954195806177795,0.0,4.954195806177795,1.0,6.745804193822205,0.3,0.0018,0.051800000000000006,0.37389020969111025,0.39850352366295005,0.0,1002633287982.4413
3,25.0,0.0,993085789841.351,0.0,1.0489524311815634e-06,1.093501946486842e-06,0.00825825358138152,0.00870459706034869,4.995433371691371,0.0,4.995433371691371,1.0,6.704566628308629,0.3,0.0018,0.051800000000000006,0.3718283314154315,0.4018205736559983,0.0,993085789841.351
4,25.0,0.0,999514098524.5187,0.0,1.0339627989365022e-06,9.874303837744662e-07,0.013326781960578373,0.01200265102002249,4.971854996207306,0.0,4.971854996207306,1.0,6.728145003792694,0.3,0.0018,0.051800000000000006,0.3730072501896347,0.3999239861814114,0.0,999514098524.5187
5,25.0,0.0,997749567580.6035,0.0,1.0364991007949951e-06,9.27950496721862e-07,0.006999082024751083,0.005073622697510055,5.0430386566253205,0.0,5.0430386566253205,1.0,6.65696134337468,0.3,0.0018,0.051800000000000006,0.369448067168734,0.40564982759212675,0.0,997749567580.6035
6,25.0,0.0,1005614580620.4393,0.0,1.0137482391905787e-06,9.279593996255314e-07,0.006145300735359734,0.011684029617904716,4.99566443092147,0.0,4.99566443092147,1.0,6.7043355690785305,0.3,0.0018,0.051800000000000006,0.3718167784539265,0.4018391595014052,0.0,1005614580620.4393
7,25.0,0.0,1002694366400.0118,0.0,1.0118414321490828e-06,9.607900196125224e-07,0.005308178345679394,0.009367173892323624,4.95718770092293,0.0,4.95718770092293,1.0,6.7428122990770705,0.3,0.0018,0.051800000000000006,0.3737406149538535,0.3987441844371726,0.0,1002694366400.0118
8,25.0,0.0,994678789717.3068,0.0,9.562767784043993e-07,9.587187515533367e-07,0.01161916514726895,0.010570321523412782,5.042584731365962,0.0,5.042584731365962,1.0,6.657415268634038,0.3,0.0018,0.051800000000000006,0.36947076343170193,0.4056133149425645,0.0,994678789717.3068
9,25.0,0.0,1006280407693.3207,0.0,9.045424146267721e-07,9.180095721551283e-07,0.0122235935059645,0.009618772302513873,4.949190766855041,0.0,4.949190766855041,1.0,6.75080923314496,0.3,0.0018,0.051800000000000006,0.374140461657248,0.3981009304098327,0.0,1006280407693.3207
10,25.0,0.0,1003926407501.5547,0.0,9.762042452192965e-07,9.603024178295753e-07,0.011302825931188884,0.008618126105533905,4.938147487897415,0.0,4.938147487897415,1.0,6.761852512102585,0.3,0.0018,0.051800000000000006,0.3746926256051293,0.39721263577038407,0.0,1003926407501.5547
11,25.0,0.0,1008171613814.1521,0.0,9.531739922919039e-07,1.0938352754695448e-06,0.012787509039657946,0.012168901891589954,4.992404225321568,0.0,4.992404225321568,1.0,6.707595774678432,0.3,0.0018,0.051800000000000006,0.3719797887339216,0.40157691645122007,0.0,1008171613814.1521
12,25.0,0.0,1008052047930.8768,0.0,9.404726729590461e-07,9.611913248301305e-07,0.010792195689418959,0.006767727829392316,5.053492142613856,0.0,5.053492142613856,1.0,6.646507857386144,0.3,0.0018,0.051800000000000006,0.3689253928693072,0.4064906807121828,0.0,1008052047930.8768
13,25.0,0.0,998641860795.5021,0.0,1.016819593782547e-06,1.029969320310964e-06,0.005844443211398891,0.009158074021706096,4.931242126079284,0.0,4.931242126079284,1.0,6.768757873920716,0.3,0.0018,0.051800000000000006,0.37503789369603585,0.3966571851736876,0.0,998641860795.5021
14,25.0,0.0,992890483777.3209,0.0,1.0175289144355425e-06,9.341185937073772e-07,0.014251201183767971,0.010810611397003948,4.9770304706802255,0.0,4.9770304706802255,1.0,6.722969529319775,0.3,0.0018,0.051800000000000006,0.37274847646598874,0.4003402888256295,0.0,992890483777.3209
15,25.0,0.0,1009171184264.8289,0.0,1.0565470454500572e-06,9.165459999844877e-07,0.009866583308381603,0.009907069943545208,5.065673968246248,0.0,5.065673968246248,1.0,6.634326031753752,0.3,0.0018,0.051800000000000006,0.36831630158768763,0.40747055729136483,0.0,1009171184264.8289
16,25.0,0.0,995339513261.8379,0.0,1.0041344804943077e-06,9.877822920610093e-07,0.005216120798803304,0.013262919241943578,5.059424115775965,0.0,5.059424115775965,1.0,6.640575884224035,0.3,0.0018,0.051800000000000006,0.3686287942112018,0.4069678342805634,0.0,995339513261.8379
17,25.0,0.0,992171514822.7089,0.0,9.562467567678017e-07,1.0318845269383804e-06,0.012269946142868825,0.012686474919176568,4.941161141893384,0.0,4.941161141893384,1.0,6.758838858106616,0.3,0.0018,0.051800000000000006,0.3745419429053308,0.3974550468060959,0.0,992171514822.7089
18,25.0,0.0,990748251123.5236,0.0,9.741844567724878e-07,1.0659579486264827e-06,0.013082514720643017,0.008171388928227153,5.067934909260462,0.0,5.067934909260462,1.0,6.632065090739538,0.3,0.0018,0.051800000000000006,0.36820325453697694,0.4076524219160603,0.0,990748251123.5236
19,25.0,0.0,995119301811.352,0.0,9.329215635164036e-07,9.089821238784658e-07,0.00935097060003038,0.01492375564055837,5.058751589938237,0.0,5.058751589938237,1.0,6.641248410061763,0.3,0.0018,0.051800000000000006,0.3686624205030882,0.4069137379293949,0.0,995119301811.352
20,25.0,0.0,1007868932793.9573,0.0,9.631858103661585e-07,1.0544024864221976e-06,0.01161661263167761,0.0087365772887371,4.939170000209227,0.0,4.939170000209227,1.0,6.760829999790773,0.3,0.0018,0.051800000000000006,0.37464149998953866,0.3972948841867139,0.0,1007868932793.9573
21,25.0,0.0,1008736263010.6755,0.0,9.245515864822972e-07,1.0662225344249813e-06,0.0065328431662449405,0.0067926830815773906,5.014907418728127,0.0,5.014907418728127,1.0,6.685092581271873,0.3,0.0018,0.051800000000000006,0.3708546290635937,0.40338701888096257,0.0,1008736263010.6755
22,25.0,0.0,996206473458.002,0.0,1.0943652852121934e-06,1.0001482372404686e-06,0.0064389750255125075,0.005139362877082015,4.959448404499828,0.0,4.959448404499828,1.0,6.740551595500172,0.3,0.0018,0.051800000000000006,0.3736275797750086,0.39892602996298493,0.0,996206473458.002
23,25.0,0.0,992436650092.5707,0.0,1.0388524871285773e-06,1.0162233218441805e-06,0.006997756516600576,0.013041245261822626,5.03231106944237,0.0,5.03231106944237,1.0,6.66768893055763,0.3,0.0018,0.051800000000000006,0.36998444652788154,0.40478692643519704,0.0,992436650092.5707
24,25.0,0.0,992475076073.0068,0.0,9.795156387649881e-07,9.60189738356188e-07,0.009885840453515333,0.011628642127635824,5.068343488557046,0.0,5.068343488557046,1.0,6.631656511442954,0.3,0.0018,0.051800000000000006,0.3681828255721477,0.40768528704609447,0.0,992475076073.0068
25,25.0,0.0,990497189827.7251,0.0,1.026795022336217e-06,9.211794807501507e-07,0.0064033959706391265,0.009191143193163036,5.069934786821477,0.0,5.069934786821477,1.0,6.630065213178523,0.3,0.0018,0.051800000000000006,0.3681032606589262,0.4078132872282398,0.0,990497189827.7251
26,25.0,0.0,1006087218312.2594,0.0,1.0569526898504376e-06,9.035673567953975e-07,0.006091439967657349,0.013294286148827363,5.0445225632487745,0.0,5.0445225632487745,1.0,6.655477436751226,0.3,0.0018,0.051800000000000006,0.3693738718375613,0.4057691894505127,0.0,1006087218312.2594
27,25.0,0.0,1002120316414.0002,0.0,1.020621431467745e-06,9.825143138547361e-07,0.008741840434071826,0.009258820863735098,5.0227896538369965,0.0,5.0227896538369965,1.0,6.677210346163004,0.3,0.0018,0.051800000000000006,0.3704605173081502,0.4040210468015602,0.0,1002120316414.0002
28,25.0,0.0,994956791259.0272,0.0,1.0492028560486894e-06,1.063313752684782e-06,0.006052780798541249,0.005665588569551782,5.014165049563468,0.0,5.014165049563468,1.0,6.685834950436532,0.3,0.0018,0.051800000000000006,0.37089174752182663,0.40332730450156595,0.0,994956791259.0272
29,25.0,0.0,996206693478.4814,0.0,1.08419409449749e-06,9.331063445470556e-07,0.007847200823379355,0.006536133951920586,4.942323509549803,0.0,4.942323509549803,1.0,6.757676490450197,0.3,0.0018,0.051800000000000006,0.3744838245225099,0.39754854484795715,0.0,996206693478.4814
30,25.0,0.0,993492829418.717,0.0,1.0182287632221942e-06,1.0361429053599013e-06,0.008936304568320282,0.008179910969520494,5.000678935553334,0.0,5.000678935553334,1.0,6.699321064446666,0.3,0.0018,0.051800000000000006,0.3715660532223333,0.4022425141210854,0.0,993492829418.717
31,25.0,0.0,990869501240.2559,0.0,9.473489742208792e-07,9.498775151664424e-07,0.010712326517427727,0.009162624257031921,4.932388117989139,0.0,4.932388117989139,1.0,6.767611882010861,0.3,0.0018,0.051800000000000006,0.3749805941005431,0.39674936599011734,0.0,990869501240.2559
32,25.0,0.0,992033438058.0743,0.0,9.103923732930209e-07,1.0849683738036125e-06,0.005991131415798755,0.013435749515977525,5.0603979715891425,0.0,5.0603979715891425,1.0,6.639602028410858,0.3,0.0018,0.051800000000000006,0.3685801014205429,0.4070461688858705,0.0,992033438058.0743
33,25.0,0.0,1005589550815.4266,0.0,1.055799270915626e-06,9.269104416826294e-07,0.010360680359476373,0.010142228701904144,5.053635821618384,0.0,5.053635821618384,1.0,6.646364178381616,0.3,0.0018,0.051800000000000006,0.36891820891908084,0.40650223790366663,0.0,1005589550815.4266
34,25.0,0.0,1002791265424.7422,0.0,9.279536821907914e-07,9.955754548047492e-07,0.00916889368594885,0.007325699405288736,4.980126771517269,0.0,4.980126771517269,1.0,6.719873228482731,0.3,0.0018,0.051800000000000006,0.3725936614241366,0.4005893477732681,0.0,1002791265424.7422
35,25.0,0.0,997589281594.5386,0.0,9.593752949142571e-07,1.0897715853430681e-06,0.01416348019538178,0.009809104283000785,4.9742541807507035,0.0,4.9742541807507035,1.0,6.725745819249297,0.3,0.0018,0.051800000000000006,0.37288729096246487,0.4001169707811055,0.0,997589281594.5386
36,25.0,0.0,1003051746811.202,0.0,1.006544455213148e-06,1.026583525853524e-06,0.007881556141824616,0.012348931623102907,4.955360688968858,0.0,4.955360688968858,1.0,6.7446393110311424,0.3,0.0018,0.051800000000000006,0.3738319655515571,0.3985972240161565,0.0,1003051746811.202
37,25.0,0.0,992642056746.0309,0.0,9.190191496459869e-07,1.0451431256542855e-06,0.005844932188235202,0.01435939822700626,4.94561118950567,0.0,4.94561118950567,1.0,6.75438881049433,0.3,0.0018,0.051800000000000006,0.3743194405247165,0.3978129978688602,0.0,992642056746.0309
38,25.0,0.0,1001873640089.327,0.0,1.0590229677966173e-06,1.089205412563466e-06,0.007533833538391871,0.010900758953583091,4.93925737963466,0.0,4.93925737963466,1.0,6.76074262036534,0.3,0.0018,0.051800000000000006,0.374637131018267,0.39730191277627575,0.0,1001873640089.327
39,25.0,0.0,1001299012229.4489,0.0,9.931970305962454e-07,1.0045263551026245e-06,0.01263923390006588,0.012992447165120664,4.998822982336314,0.0,4.998822982336314,1.0,6.701177017663686,0.3,0.0018,0.051800000000000006,0.37165885088318434,0.402093225734903,0.0,1001299012229.4489
40,25.0,0.0,992394671770.0225,0.0,9.175418023821537e-07,1.0315726570081055e-06,0.009186083007903793,0.012743214161418432,5.025684711996289,0.0,5.025684711996289,1.0,6.6743152880037115,0.3,0.0018,0.051800000000000006,0.3703157644001856,0.40425391827511975,0.0,992394671770.0225
41,25.0,0.0,1005250642941.4131,0.0,9.72838403554411e-07,9.628879960408526e-07,0.006576116486249997,0.006477833725421917,5.065419119506362,0.0,5.065419119506362,1.0,6.634580880493639,0.3,0.0018,0.051800000000000006,0.368329044024682,0.40745005787535077,0.0,1005250642941.4131
42,25.0,0.0,1004593714173.5476,0.0,1.0872279973676925e-06,1.0560602987818784e-06,0.009793695641245402,0.008763594734808262,5.072994731738649,0.0,5.072994731738649,1.0,6.627005268261351,0.3,0.0018,0.051800000000000006,0.3679502634130676,0.40805942179364935,0.0,1004593714173.5476
43,25.0,0.0,992369571544.3408,0.0,1.0274147767982417e-06,9.243843356670225e-07,0.010882579999692206,0.011860963651054487,4.92684540288329,0.0,4.92684540288329,1.0,6.77315459711671,0.3,0.0018,0.051800000000000006,0.3752577298558355,0.39630352339794805,0.0,992369571544.3408
44,25.0,0.0,995907180506.8818,0.0,9.884628254135787e-07,9.603854782884984e-07,0.014184418955155542,0.012812940354315159,4.941588261649416,0.0,4.941588261649416,1.0,6.758411738350584,0.3,0.0018,0.051800000000000006,0.3745205869175292,0.3974894032858282,0.0,995907180506.8818
45,25.0,0.0,995678168757.2808,0.0,9.212839063742766e-07,1.0998209460948478e-06,0.011656847361065368,0.011501250155587969,4.93856610904762,0.0,4.93856610904762,1.0,6.761433890952381,0.3,0.0018,0.051800000000000006,0.37467169454761906,0.3972463086428265,0.0,995678168757.2808
46,25.0,0.0,994816561160.823,0.0,1.0553535881384438e-06,9.396408454425796e-07,0.014106382271308851,0.011562690393274901,4.930424406574204,0.0,4.930424406574204,1.0,6.769575593425796,0.3,0.0018,0.051800000000000006,0.37507877967128983,0.39659140979522234,0.0,994816561160.823
47,25.0,0.0,1002118503552.9546,0.0,9.477105641254777e-07,1.0698817685846146e-06,0.005572319401532604,0.013009638536416762,5.064169314525842,0.0,5.064169314525842,1.0,6.635830685474158,0.3,0.0018,0.051800000000000006,0.3683915342737079,0.40734952658669904,0.0,1002118503552.9546
48,25.0,0.0,1006759604373.1077,0.0,9.403564221438111e-07,9.249847358611286e-07,0.010045309901929865,0.012451881283288444,5.01950177668646,0.0,5.01950177668646,1.0,6.68049822331354,0.3,0.0018,0.051800000000000006,0.37062491116567703,0.40375657791879505,0.0,1006759604373.1077
49,25.0,0.0,1004692421838.7032,0.0,9.5415175026356e-07,1.0419809394562608e-06,0.014802047848986817,0.011115436059770695,4.933175047248694,0.0,4.933175047248694,1.0,6.766824952751306,0.3,0.0018,0.051800000000000006,0.3749412476375653,0.3968126646757315,0.0,1004692421838.7032
50,25.0,0.0,1007682914227.3363,0.0,9.346255692845006e-07,9.183442011648396e-07,0.006835332288803189,0.014800271795541924,4.993784096368773,0.0,4.993784096368773,1.0,6.706215903631227,0.3,0.0018,0.051800000000000006,0.3719107951815614,0.40168790993957315,0.0,1007682914227.3363
51,25.0,0.0,1001448262999.1727,0.0,1.089204890711619e-06,9.602685265029435e-07,0.010780172158075422,0.011997759445890661,5.022384973286797,0.0,5.022384973286797,1.0,6.6776150267132035,0.3,0.0018,0.051800000000000006,0.3704807513356602,0.40398849527725195,0.0,1001448262999.1727
52,25.0,0.0,1000167054768.9388,0.0,9.948337458965237e-07,9.238435052395489e-07,0.006340946098727653,0.007780755457812573,4.970705690564125,0.0,4.970705690564125,1.0,6.7292943094358755,0.3,0.0018,0.051800000000000006,0.3730647154717938,0.3998315388162906,0.0,1000167054768.9388
53,25.0,0.0,1002692582348.3652,0.0,9.817566218857393e-07,9.435257053393924e-07,0.010883062484090083,0.008170409113172378,4.930408975141605,0.0,4.930408975141605,1.0,6.7695910248583955,0.3,0.0018,0.051800000000000006,0.3750795512429198,0.39659016852812135,0.0,1002692582348.3652
54,25.0,0.0,994511857364.0842,0.0,1.0131543800863842e-06,1.0404004362220744e-06,0.011479484822012099,0.011524330565210315,4.972432122773607,0.0,4.972432122773607,1.0,6.727567877226393,0.3,0.0018,0.051800000000000006,0.3729783938613197,0.3999704088460108,0.0,994511857364.0842
55,25.0,0.0,998628363903.5978,0.0,9.721314668900508e-07,1.0025478489213517e-06,0.012367056884822203,0.013864028867237074,5.063158579594279,0.0,5.063158579594279,1.0,6.636841420405721,0.3,0.0018,0.051800000000000006,0.3684420710202861,0.40726822551434033,0.0,998628363903.5978
56,25.0,0.0,1005997408215.2767,0.0,1.0674764724690137e-06,9.988283293034847e-07,0.006158567243352684,0.005720591470729437,5.051298981655919,0.0,5.051298981655919,1.0,6.648701018344081,0.3,0.0018,0.051800000000000006,0.36903505091720407,0.40631426815121613,0.0,1005997408215.2767
57,25.0,0.0,996682600810.0309,0.0,9.627786739603979e-07,1.0485385133450171e-06,0.005146828435600707,0.013271734245206862,5.053482203536184,0.0,5.053482203536184,1.0,6.646517796463816,0.3,0.0018,0.051800000000000006,0.3689258898231908,0.40648988123682306,0.0,996682600810.0309
58,25.0,0.0,1002016808158.9016,0.0,9.729838722156505e-07,1.0916858361801945e-06,0.01495464472583637,0.012721048913545856,4.971644226488115,0.0,4.971644226488115,1.0,6.728355773511885,0.3,0.0018,0.051800000000000006,0.37301778867559426,0.3999070323751701,0.0,1002016808158.9016
59,25.0,0.0,997756833903.273,0.0,9.021455289951352e-07,9.418115317204482e-07,0.01025088302967261,0.006637513042582958,4.94988603018148,0.0,4.94988603018148,1.0,6.75011396981852,0.3,0.0018,0.051800000000000006,0.37410569849092606,0.3981568557095785,0.0,997756833903.273
60,25.0,0.0,1001119388560.569,0.0,1.0980643328652547e-06,9.283191777137549e-07,0.009482456132543511,0.0089257271584192,4.937007392546928,0.0,4.937007392546928,1.0,6.762992607453072,0.3,0.0018,0.051800000000000006,0.37474963037265363,0.3971209292589228,0.0,1001119388560.569
61,25.0,0.0,999386538683.808,0.0,9.361853304461736e-07,1.081420724431243e-06,0.005446490889742789,0.007328522849437062,4.968808899547179,0.0,4.968808899547179,1.0,6.731191100452821,0.3,0.0018,0.051800000000000006,0.3731595550226411,0.39967896553629173,0.0,999386538683.808
62,25.0,0.0,999865799517.0133,0.0,9.487334908111427e-07,1.0687176769525082e-06,0.01137588700478459,0.011491490501342742,5.025530488302703,0.0,5.025530488302703,1.0,6.674469511697297,0.3,0.0018,0.051800000000000006,0.3703234755848649,0.40424151289436155,0.0,999865799517.0133
63,25.0,0.0,997332167698.6522,0.0,9.676912966594652e-07,1.0688957746574373e-06,0.009825725085872938,0.01268627589459379,5.052802327532175,0.0,5.052802327532175,1.0,6.647197672467825,0.3,0.0018,0.051800000000000006,0.36895988362339127,0.406435193656063,0.0,997332167698.6522
64,25.0,0.0,1001742478810.7396,0.0,9.681181591183049e-07,9.99763391706297e-07,0.010314110410045776,0.006049797158960706,4.984782876005231,0.0,4.984782876005231,1.0,6.715217123994769,0.3,0.0018,0.051800000000000006,0.37236085619973847,0.4009638735525443,0.0,1001742478810.7396
65,25.0,0.0,993550131648.7394,0.0,9.383206019325399e-07,9.049646263597145e-07,0.014274604585040266,0.009482073282568716,4.971130260863118,0.0,4.971130260863118,1.0,6.728869739136882,0.3,0.0018,0.051800000000000006,0.37304348695684414,0.3998656902238673,0.0,993550131648.7394
66,25.0,0.0,995560442132.0162,0.0,1.0267539546138525e-06,1.0963611895085073e-06,0.01120357709658044,0.009775058736277327,5.039214884477602,0.0,5.039214884477602,1.0,6.6607851155223985,0.3,0.0018,0.051800000000000006,0.36963925577611995,0.4053422526124197,0.0,995560442132.0162
67,25.0,0.0,1009264224470.9875,0.0,1.0733602876523854e-06,9.228208142367274e-07,0.012324135029937875,0.009400886995273685,5.007965570361692,0.0,5.007965570361692,1.0,6.6920344296383085,0.3,0.0018,0.051800000000000006,0.37120172148191544,0.40282863339460195,0.0,1009264224470.9875
68,25.0,0.0,1009691561628.6324,0.0,1.0467506994875834e-06,1.0499967075870537e-06,0.008464928613130487,0.00623869774864221,4.931142044042858,0.0,4.931142044042858,1.0,6.7688579559571425,0.3,0.0018,0.051800000000000006,0.37504289779785716,0.39664913481683217,0.0,1009691561628.6324
69,25.0,0.0,1009710803389.8986,0.0,1.0955833958147681e-06,9.82315200438812e-07,0.012936821505599726,0.005848192723118321,5.0083192565206645,0.0,5.0083192565206645,1.0,6.691680743479336,0.3,0.0018,0.051800000000000006,0.3711840371739668,0.402857083053464,0.0,1009710803389.8986
70,25.0,0.0,1006451661812.3486,0.0,9.74540468261347e-07,9.097396944627703e-07,0.00609282291114558,0.011753056286674841,5.031988729446755,0.0,5.031988729446755,1.0,6.6680112705532455,0.3,0.0018,0.051800000000000006,0.3700005635276623,0.40476099818587147,0.0,1006451661812.3486
71,25.0,0.0,1004788629369.5302,0.0,9.097927419646558e-07,9.469070300882596e-07,0.011218977733752456,0.013581253046248229,4.925675018740948,0.0,4.925675018740948,1.0,6.774324981259052,0.3,0.0018,0.051800000000000006,0.37531624906295263,0.39620938052935556,0.0,1004788629369.5302
72,25.0,0.0,990592145782.5723,0.0,1.0791269762767394e-06,1.0343225617711718e-06,0.007376583633605972,0.013527811296319126,4.977204713511427,0.0,4.977204713511427,1.0,6.722795286488573,0.3,0.0018,0.051800000000000006,0.3727397643244287,0.4003543044973799,0.0,990592145782.5723
73,25.0,0.0,1001806405017.663,0.0,9.549650101510134e-07,1.0773115124343738e-06,0.006875936819394913,0.005848115912357631,4.976289040781849,0.0,4.976289040781849,1.0,6.723710959218151,0.3,0.0018,0.051800000000000006,0.37278554796090757,0.40028064999853996,0.0,1001806405017.663
74,25.0,0.0,1009974867401.3353,0.0,9.815883902262563e-07,9.273642556059253e-07,0.010748719296230336,0.014975800372629171,5.030132151518099,0.0,5.030132151518099,1.0,6.669867848481902,0.3,0.0018,0.051800000000000006,0.3700933924240951,0.4046116595493966,0.0,1009974867401.3353
75,25.0,0.0,1008305975205.711,0.0,9.268733826626122e-07,9.730756926398266e-07,0.005671666688477669,0.007019790376887816,4.927650317149987,0.0,4.927650317149987,1.0,6.772349682850013,0.3,0.0018,0.051800000000000006,0.37521748414250067,0.39636826875402087,0.0,1008305975205.711
76,25.0,0.0,996865849247.5781,0.0,1.0918418545689153e-06,1.0503926243149832e-06,0.010408566369449512,0.007845408751118253,5.059549519815949,0.0,5.059549519815949,1.0,6.640450480184051,0.3,0.0018,0.051800000000000006,0.3686225240092026,0.40697792147811684,0.0,996865849247.5781
77,25.0,0.0,1008181296288.459,0.0,1.0484635898835953e-06,1.0181489588327532e-06,0.01153439209009495,0.007993832915148255,4.9612058092439995,0.0,4.9612058092439995,1.0,6.738794190756001,0.3,0.0018,0.051800000000000006,0.3735397095378001,0.39906739134845554,0.0,1008181296288.459
78,25.0,0.0,1007486287305.8162,0.0,1.012297878882877e-06,1.0583948850282749e-06,0.012838241093757134,0.009383862585841929,4.996438596288009,0.0,4.996438596288009,1.0,6.7035614037119915,0.3,0.0018,0.051800000000000006,0.3717780701855996,0.4019014314903482,0.0,1007486287305.8162
79,25.0,0.0,1006292768862.3577,0.0,1.057517967245868e-06,9.370358689907135e-07,0.010621707337375722,0.0060189415731454485,5.0229383189845995,0.0,5.0229383189845995,1.0,6.677061681015401,0.3,0.0018,0.051800000000000006,0.37045308405077004,0.4040330050663288,0.0,1006292768862.3577
80,25.0,0.0,998659449857.3553,0.0,1.0919549044658442e-06,9.206005368260317e-07,0.00541079093304847,0.007460666115049384,4.934829565087758,0.0,4.934829565087758,1.0,6.765170434912243,0.3,0.0018,0.051800000000000006,0.3748585217456121,0.39694575008749655,0.0,998659449857.3553
81,25.0,0.0,996251398980.5717,0.0,9.223200736498453e-07,9.769008755979856e-07,0.0056052845082653615,0.011981897256099133,4.956053081228721,0.0,4.956053081228721,1.0,6.743946918771279,0.3,0.0018,0.051800000000000006,0.37379734593856395,0.39865291837425365,0.0,996251398980.5717
82,25.0,0.0,998332192661.3829,0.0,9.224140741997394e-07,1.0725529127481757e-06,0.005012330625119081,0.010081673558128751,4.9984253009760815,0.0,4.9984253009760815,1.0,6.701574699023919,0.3,0.0018,0.051800000000000006,0.37167873495119597,0.40206123720850073,0.0,998332192661.3829
83,25.0,0.0,1005611622750.5317,0.0,9.5206970868305e-07,9.644980881935459e-07,0.007424828530283327,0.009798634005510651,5.027488753648822,0.0,5.027488753648822,1.0,6.672511246351178,0.3,0.0018,0.051800000000000006,0.37022556231755893,0.4043990310206581,0.0,1005611622750.5317
84,25.0,0.0,1008607692351.783,0.0,9.921539210479133e-07,1.0423116083193555e-06,0.00650454011557474,0.005473740200054819,4.94573080574578,0.0,4.94573080574578,1.0,6.754269194254221,0.3,0.0018,0.051800000000000006,0.37431345971271107,0.39782261950979564,0.0,1008607692351.783
85,25.0,0.0,993766439496.227,0.0,9.221258935124406e-07,1.0240298573256592e-06,0.007416389087390857,0.010692120504306768,5.0135293074149185,0.0,5.0135293074149185,1.0,6.686470692585082,0.3,0.0018,0.051800000000000006,0.3709235346292541,0.4032761669413545,0.0,993766439496.227
86,25.0,0.0,1007067389186.8473,0.0,9.325486972209915e-07,1.0545874776270568e-06,0.013554915417905856,0.007542634837541573,5.062819052135402,0.0,5.062819052135402,1.0,6.637180947864598,0.3,0.0018,0.051800000000000006,0.36845904739322993,0.40724091474705615,0.0,1007067389186.8473
87,25.0,0.0,1009692990672.3529,0.0,1.0626318691640225e-06,9.63679823565692e-07,0.012992135222414908,0.011007339188626425,4.95745335428381,0.0,4.95745335428381,1.0,6.74254664571619,0.3,0.0018,0.051800000000000006,0.3737273322858095,0.39876555295075694,0.0,1009692990672.3529
88,25.0,0.0,991562167861.6073,0.0,9.692957310814361e-07,9.038068295634973e-07,0.00665487757581775,0.012251833208508686,5.031213685352538,0.0,5.031213685352538,1.0,6.668786314647462,0.3,0.0018,0.051800000000000006,0.3700393157323731,0.40469865551420037,0.0,991562167861.6073
89,25.0,0.0,1007800389142.3539,0.0,9.252052683493253e-07,9.287437322911068e-07,0.011930954269297014,0.00672943936442078,5.0010939052373065,0.0,5.0010939052373065,1.0,6.698906094762694,0.3,0.0018,0.051800000000000006,0.3715453047381347,0.4022758932784191,0.0,1007800389142.3539
90,25.0,0.0,990331596037.9512,0.0,1.0169277668268332e-06,9.253819951037026e-07,0.013973021997540934,0.01380380300127692,5.005430061966706,0.0,5.005430061966706,1.0,6.694569938033294,0.3,0.0018,0.051800000000000006,0.37132849690166475,0.4026246832341301,0.0,990331596037.9512
91,25.0,0.0,991010393927.4401,0.0,9.589510386405527e-07,1.0327242093320705e-06,0.013362451768426011,0.0051816054391436404,5.014357066202859,0.0,5.014357066202859,1.0,6.6856429337971415,0.3,0.0018,0.051800000000000006,0.3708821466898571,0.40334274985544233,0.0,991010393927.4401
92,25.0,0.0,995073290131.2366,0.0,1.0107081680179223e-06,9.792333000118497e-07,0.011776207635997939,0.012257696347154338,5.010040669297908,0.0,5.010040669297908,1.0,6.689959330702092,0.3,0.0018,0.051800000000000006,0.37109796653510463,0.4029955493321998,0.0,995073290131.2366
93,25.0,0.0,998385447758.0161,0.0,9.024939755882426e-07,1.0592057112620758e-06,0.010202300670459939,0.00907961430360565,4.939110794463409,0.0,4.939110794463409,1.0,6.760889205536591,0.3,0.0018,0.051800000000000006,0.37464446027682957,0.3972901218197723,0.0,998385447758.0161
94,25.0,0.0,1003651631964.1844,0.0,1.0923099259082065e-06,9.356883523643661e-07,0.006995419928994904,0.013589828605577135,5.0618874116212895,0.0,5.0618874116212895,1.0,6.638112588378711,0.3,0.0018,0.051800000000000006,0.36850562941893555,0.4071659758382633,0.0,1003651631964.1844
95,25.0,0.0,1004669898091.2566,0.0,9.75810539007461e-07,1.0034038973698858e-06,0.012417164105197349,0.012311359766527953,5.042444019503913,0.0,5.042444019503913,1.0,6.657555980496087,0.3,0.0018,0.051800000000000006,0.3694777990248044,0.40560199642084244,0.0,1004669898091.2566
96,25.0,0.0,1008079465817.5608,0.0,1.0596194871636667e-06,9.199724954321459e-07,0.0070439736708142915,0.012436003651076518,4.928471014187291,0.0,4.928471014187291,1.0,6.771528985812709,0.3,0.0018,0.051800000000000006,0.3751764492906355,0.3964342836379739,0.0,1008079465817.5608
97,25.0,0.0,1004386250673.8165,0.0,9.789259776300165e-07,9.638264977199332e-07,0.011087411288982467,0.010809893737480506,4.9863709966437195,0.0,4.9863709966437195,1.0,6.713629003356281,0.3,0.0018,0.051800000000000006,0.37228145016781405,0.4010916181341473,0.0,1004386250673.8165
98,25.0,0.0,999352805132.532,0.0,9.754411965766007e-07,9.788213965186238e-07,0.0063110869302621985,0.006628715005545549,5.027684311009051,0.0,5.027684311009051,1.0,6.672315688990949,0.3,0.0018,0.051800000000000006,0.37021578444954745,0.4044147611815518,0.0,999352805132.532
99,25.0,0.0,994871934907.1721,0.0,1.0507009126000516e-06,1.076207210383574e-06,0.007781133568714878,0.00702088101645478,4.952864920230663,0.0,4.952864920230663,1.0,6.747135079769337,0.3,0.0018,0.051800000000000006,0.3739567539884669,0.3983964704175244,0.0,994871934907.1721
100,25.0,0.0,995188796797.0907,0.0,9.962982680652562e-07,1.0918664695271216e-06,0.011525192007526632,0.009955065566286184,4.941603811104442,0.0,4.941603811104442,1.0,6.758396188895558,0.3,0.0018,0.051800000000000006,0.3745198094447779,0.39749065404636763,0.0,995188796797.0907
101,25.0,0.0,1005296071052.1447,0.0,1.0803283707132878e-06,1.0969137216501509e-06,0.014823666831045322,0.014529991327679813,4.935773321075432,0.0,4.935773321075432,1.0,6.764226678924568,0.3,0.0018,0.051800000000000006,0.3748113339462284,0.3970216635356686,0.0,1005296071052.1447
102,25.0,0.0,1001057965081.2892,0.0,1.0691593915604286e-06,1.0233512358154617e-06,0.010423644023022049,0.006653113233672911,4.962988321160029,0.0,4.962988321160029,1.0,6.737011678839971,0.3,0.0018,0.051800000000000006,0.37345058394199854,0.39921077229408214,0.0,1001057965081.2892
103,25.0,0.0,1001684557201.2244,0.0,9.592065725820052e-07,9.742505274176554e-07,0.009048549644265338,0.012600149717440348,5.040852948151185,0.0,5.040852948151185,1.0,6.659147051848815,0.3,0.0018,0.051800000000000006,0.36955735259244077,0.40547401449092546,0.0,1001684557201.2244
104,25.0,0.0,992413106748.8738,0.0,9.200791291299618e-07,9.529079622302622e-07,0.01346478536067957,0.006794920723460874,4.9870351896964955,0.0,4.9870351896964955,1.0,6.712964810303505,0.3,0.0018,0.051800000000000006,0.37224824051517524,0.4011450442162561,0.0,992413106748.8738
105,25.0,0.0,1004204904026.7197,0.0,1.0749150279711144e-06,9.678644291473123e-07,0.010308503942878144,0.007484064038656514,4.961719475232521,0.0,4.961719475232521,1.0,6.738280524767479,0.3,0.0018,0.051800000000000006,0.373514026238374,0.39910870939772536,0.0,1004204904026.7197
106,25.0,0.0,1007759776572.1116,0.0,1.0035323042575457e-06,9.981215831023744e-07,0.01029745666182498,0.010365680135770893,4.990184462704653,0.0,4.990184462704653,1.0,6.709815537295347,0.3,0.0018,0.051800000000000006,0.3720907768647674,0.40139836411716967,0.0,1007759776572.1116
107,25.0,0.0,1009044994316.9137,0.0,1.0906411049810378e-06,9.32715375542022e-07,0.010544165520399336,0.007077172533515392,4.96297769091899,0.0,4.96297769091899,1.0,6.73702230908101,0.3,0.0018,0.051800000000000006,0.3734511154540505,0.3992099172232135,0.0,1009044994316.9137
108,25.0,0.0,1008336968152.5839,0.0,1.0216258423829184e-06,9.930028263978547e-07,0.009004512452452783,0.010318860913460681,4.953085841692301,0.0,4.953085841692301,1.0,6.746914158307699,0.3,0.0018,0.051800000000000006,0.37394570791538495,0.3984142408053653,0.0,1008336968152.5839
109,25.0,0.0,1004832292654.6302,0.0,9.305754244252671e-07,1.0841331716547136e-06,0.008413870673817277,0.005501066896969338,4.976360551521594,0.0,4.976360551521594,1.0,6.723639448478406,0.3,0.0018,0.051800000000000006,0.3727819724239203,0.4002864021494204,0.0,1004832292654.6302
110,25.0,0.0,1005016771694.8972,0.0,9.423909222161085e-07,1.0847566632186361e-06,0.009379896029203725,0.011390136492641645,4.925346315888011,0.0,4.925346315888011,1.0,6.774653684111989,0.3,0.0018,0.051800000000000006,0.37533268420559945,0.39618294046718233,0.0,1005016771694.8972
111,25.0,0.0,991241262130.8031,0.0,9.258060114364083e-07,9.304653420315151e-07,0.0113228281303021,0.008929273915702331,5.063277867523249,0.0,5.063277867523249,1.0,6.636722132476751,0.3,0.0018,0.051800000000000006,0.3684361066238376,0.4072778207467221,0.0,991241262130.8031
112,25.0,0.0,999221988603.0981,0.0,1.019939071343198e-06,9.945567945517996e-07,0.014500610946244368,0.008427136427549558,4.9515853251873905,0.0,4.9515853251873905,1.0,6.74841467481261,0.3,0.0018,0.051800000000000006,0.3740207337406305,0.3982935428883036,0.0,999221988603.0981
113,25.0,0.0,990805074798.7985,0.0,1.0784975379374653e-06,1.0499237237845735e-06,0.014918077164976281,0.010314138115972437,5.0239993578201725,0.0,5.0239993578201725,1.0,6.676000642179828,0.3,0.0018,0.051800000000000006,0.3704000321089914,0.4041183524630126,0.0,990805074798.7985
114,25.0,0.0,997326709771.1307,0.0,9.806280408238165e-07,1.0123637860125998e-06,0.012197825350215461,0.01008934151751354,5.061062949036426,0.0,5.061062949036426,1.0,6.638937050963574,0.3,0.0018,0.051800000000000006,0.3685468525481787,0.4070996580627756,0.0,997326709771.1307
115,25.0,0.0,996847248666.0011,0.0,9.880100216467104e-07,9.251614036624571e-07,0.005917236790590067,0.011674899231467578,5.023327660751458,0.0,5.023327660751458,1.0,6.676672339248542,0.3,0.0018,0.051800000000000006,0.3704336169624271,0.4040643227760182,0.0,996847248666.0011
116,25.0,0.0,996530936853.4355,0.0,1.0556302845088026e-06,1.0721260802792261e-06,0.007466803772261473,0.011678491588479863,4.944404420518741,0.0,4.944404420518741,1.0,6.755595579481259,0.3,0.0018,0.051800000000000006,0.374379778974063,0.3977159282914045,0.0,996530936853.4355
117,25.0,0.0,995670415331.9846,0.0,1.0820653820370505e-06,9.405044815848372e-07,0.010420790349507192,0.012013911012434323,5.067938370272835,0.0,5.067938370272835,1.0,6.632061629727165,0.3,0.0018,0.051800000000000006,0.3682030814863583,0.40765270031152145,0.0,995670415331.9846
118,25.0,0.0,1002509563138.2787,0.0,1.0952256781383415e-06,9.799352270327274e-07,0.01185427720761014,0.005232275823467585,4.985009216920213,0.0,4.985009216920213,1.0,6.714990783079787,0.3,0.0018,0.051800000000000006,0.3723495391539894,0.4009820798680995,0.0,1002509563138.2787
119,25.0,0.0,998878857727.9196,0.0,1.070796875229446e-06,9.644431347645876e-07,0.010445484020413395,0.009898242560924628,5.0198303750172295,0.0,5.0198303750172295,1.0,6.680169624982771,0.3,0.0018,0.051800000000000006,0.37060848124913853,0.403783009573458,0.0,998878857727.9196
120,25.0,0.0,1008253436705.1107,0.0,1.0686645771523958e-06,1.0956408861529123e-06,0.012449915257796883,0.012646672285619994,5.039388513794396,0.0,5.039388513794396,1.0,6.660611486205604,0.3,0.0018,0.051800000000000006,0.36963057431028024,0.40535621893455565,0.0,1008253436705.1107
121,25.0,0.0,994804525522.9801,0.0,9.578640272204668e-07,9.515616819404709e-07,0.010859613740960547,0.009099823882250432,4.957828491319194,0.0,4.957828491319194,1.0,6.742171508680806,0.3,0.0018,0.051800000000000006,0.3737085754340403,0.39879572806621577,0.0,994804525522.9801
122,25.0,0.0,993353990393.5557,0.0,9.672259937058747e-07,1.0595021671361505e-06,0.013391738662343243,0.006383290701160492,5.041150385177458,0.0,5.041150385177458,1.0,6.658849614822542,0.3,0.0018,0.051800000000000006,0.3695424807411271,0.4054979396056514,0.0,993353990393.5557
123,25.0,0.0,1009972190300.2383,0.0,9.307927165155253e-07,9.845600665093587e-07,0.011196685259698615,0.01432900782413253,5.072123171829955,0.0,5.072123171829955,1.0,6.627876828170045,0.3,0.0018,0.051800000000000006,0.3679938414085023,0.40798931562338764,0.0,1009972190300.2383
124,25.0,0.0,1005814759477.9199,0.0,1.0769698119012722e-06,1.0326906514458173e-06,0.006118448023806772,0.01332529284924007,4.951453457001211,0.0,4.951453457001211,1.0,6.748546542998789,0.3,0.0018,0.051800000000000006,0.37402732714993947,0.39828293573047063,0.0,1005814759477.9199
125,25.0,0.0,1000015322981.6056,0.0,1.030537346973851e-06,1.098408401105611e-06,0.014994219092241877,0.010164594026356409,4.9392798630441295,0.0,4.9392798630441295,1.0,6.760720136955871,0.3,0.0018,0.051800000000000006,0.3746360068477936,0.39730372128733343,0.0,1000015322981.6056
126,25.0,0.0,996366527752.5804,0.0,9.849553849630911e-07,9.102838309113858e-07,0.011722644312234447,0.008533376950684677,5.043119581194725,0.0,5.043119581194725,1.0,6.656880418805275,0.3,0.0018,0.051800000000000006,0.3694440209402638,0.40565633696868764,0.0,996366527752.5804
127,25.0,0.0,998333319960.7976,0.0,1.049764155933411e-06,1.0602778867685446e-06,0.009912574463913661,0.01393031019536303,4.946586304411784,0.0,4.946586304411784,1.0,6.7534136955882165,0.3,0.0018,0.051800000000000006,0.37427068477941083,0.3978914337525566,0.0,998333319960.7976
128,25.0,0.0,993070510441.0923,0.0,9.13503696037483e-07,9.10561420280022e-07,0.005005187441657055,0.00936316659694263,5.041193582193834,0.0,5.041193582193834,1.0,6.658806417806166,0.3,0.0018,0.051800000000000006,0.3695403208903083,0.40550141426913083,0.0,993070510441.0923
129,25.0,0.0,1006462546348.3237,0.0,9.293727469642808e-07,1.0721601947241072e-06,0.013231246099500948,0.010389417662641868,5.047879981894098,0.0,5.047879981894098,1.0,6.652120018105903,0.3,0.0018,0.051800000000000006,0.36920600090529515,0.40603925208285857,0.0,1006462546348.3237
130,25.0,0.0,1004755951122.1274,0.0,1.0504657828867106e-06,1.0008357208781629e-06,0.01250265987948233,0.009646796378573295,4.980185651033272,0.0,4.980185651033272,1.0,6.719814348966728,0.3,0.0018,0.051800000000000006,0.37259071744833644,0.40059408389907275,0.0,1004755951122.1274
131,25.0,0.0,1005029816211.428,0.0,9.17196470022189e-07,9.35258273004426e-07,0.0067534651145392186,0.013231076228068996,4.984775993521132,0.0,4.984775993521132,1.0,6.715224006478868,0.3,0.0018,0.051800000000000006,0.37236120032394343,0.400963319942176,0.0,1005029816211.428
132,25.0,0.0,1003070796513.8729,0.0,9.785836353394149e-07,1.0750168398108164e-06,0.014755956458283995,0.013728589587741785,4.95384510185527,0.0,4.95384510185527,1.0,6.74615489814473,0.3,0.0018,0.051800000000000006,0.3739077449072365,0.39847531385579715,0.0,1003070796513.8729
133,25.0,0.0,995781671632.7638,0.0,1.013284130161929e-06,1.0101817536980806e-06,0.013285469248387857,0.012105327717426777,4.928986664749593,0.0,4.928986664749593,1.0,6.771013335250407,0.3,0.0018,0.051800000000000006,0.37515066676252035,0.3964757613215567,0.0,995781671632.7638
134,25.0,0.0,999723841512.4456,0.0,9.837312174629603e-07,1.0515820637465722e-06,0.013266114846579299,0.010612230678900441,4.982805422128566,0.0,4.982805422128566,1.0,6.717194577871434,0.3,0.0018,0.051800000000000006,0.37245972889357176,0.40080481194727846,0.0,999723841512.4456
135,25.0,0.0,996294992371.2876,0.0,1.0353304765019277e-06,9.13215842183879e-07,0.005010674650227472,0.0071227713884074294,5.059176724657817,0.0,5.059176724657817,1.0,6.640823275342183,0.3,0.0018,0.051800000000000006,0.36864116376710915,0.40694793473759794,0.0,996294992371.2876
136,25.0,0.0,1007805279236.4724,0.0,9.95218351335732e-07,1.087108388768531e-06,0.0055948669218334,0.0071517827462871855,5.012865698773209,0.0,5.012865698773209,1.0,6.687134301226791,0.3,0.0018,0.051800000000000006,0.3709567150613396,0.4032227878678578,0.0,1007805279236.4724
137,25.0,0.0,994281845786.7344,0.0,9.413970319281679e-07,9.845468068544125e-07,0.006761382991730799,0.006346920249233473,5.0540422829328415,0.0,5.0540422829328415,1.0,6.645957717067159,0.3,0.0018,0.051800000000000006,0.368897885853358,0.40653493266834306,0.0,994281845786.7344
138,25.0,0.0,991105408190.0245,0.0,9.529614354643159e-07,1.0220970134683578e-06,0.007053902976724067,0.013883654530628405,5.064449993137933,0.0,5.064449993137933,1.0,6.635550006862067,0.3,0.0018,0.051800000000000006,0.36837750034310335,0.4073721036951362,0.0,991105408190.0245
139,25.0,0.0,992306528762.2197,0.0,9.243937928419245e-07,1.0704764635860532e-06,0.012542715149378924,0.013198088582380238,5.003909079032903,0.0,5.003909079032903,1.0,6.696090920967097,0.3,0.0018,0.051800000000000006,0.3714045460483549,0.4025023390470482,0.0,992306528762.2197
140,25.0,0.0,998025299283.7223,0.0,1.0897290997425283e-06,1.0153721916995186e-06,0.01306190965444725,0.006703411936585188,5.071795121585066,0.0,5.071795121585066,1.0,6.628204878414934,0.3,0.0018,0.051800000000000006,0.3680102439207467,0.40796292805542683,0.0,998025299283.7223
141,25.0,0.0,1009417694570.9148,0.0,9.795050049109986e-07,1.0169505405609873e-06,0.006280526105477869,0.008210856264118549,4.95398124836677,0.0,4.95398124836677,1.0,6.746018751633231,0.3,0.0018,0.051800000000000006,0.37390093758166154,0.39848626515176716,0.0,1009417694570.9148
142,25.0,0.0,1001786623322.5496,0.0,9.817338754733426e-07,9.86303800737471e-07,0.011331491821447093,0.014267693914889933,5.064916942948548,0.0,5.064916942948548,1.0,6.635083057051452,0.3,0.0018,0.051800000000000006,0.3683541528525726,0.40740966400808787,0.0,1001786623322.5496
143,25.0,0.0,999020930003.7051,0.0,9.923635822899496e-07,1.0317506819633403e-06,0.010543990233797637,0.008207155466940761,4.976859620864395,0.0,4.976859620864395,1.0,6.7231403791356055,0.3,0.0018,0.051800000000000006,0.3727570189567803,0.4003265460798258,0.0,999020930003.7051
144,25.0,0.0,993321252648.2794,0.0,9.77819342304416e-07,9.429077945120287e-07,0.010626724105748572,0.012555395424734273,4.963613354351805,0.0,4.963613354351805,1.0,6.736386645648195,0.3,0.0018,0.051800000000000006,0.37341933228240975,0.3992610484517218,0.0,993321252648.2794
145,25.0,0.0,1001947890581.4768,0.0,9.10515198064611e-07,1.0891039782043813e-06,0.008924847342649436,0.014239004005454296,5.0118466287125365,0.0,5.0118466287125365,1.0,6.688153371287464,0.3,0.0018,0.051800000000000006,0.3710076685643732,0.40314081633788096,0.0,1001947890581.4768
146,25.0,0.0,1003608376113.3984,0.0,9.053064874412149e-07,1.0486919922444772e-06,0.013521453370691817,0.00996417482439308,4.994863616053588,0.0,4.994863616053588,1.0,6.705136383946412,0.3,0.0018,0.051800000000000006,0.3718568191973206,0.4017747438910544,0.0,1003608376113.3984
147,25.0,0.0,996614321334.9221,0.0,9.746121175116106e-07,1.013015582126141e-06,0.007703417881993275,0.006605883125849187,5.041236185507199,0.0,5.041236185507199,1.0,6.658763814492801,0.3,0.0018,0.051800000000000006,0.36953819072464006,0.40550484117657654,0.0,996614321334.9221
148,25.0,0.0,1009308319069.6348,0.0,1.0711284243404808e-06,9.375218585530066e-07,0.010942726943015797,0.013781474246555372,4.98116959046734,0.0,4.98116959046734,1.0,6.71883040953266,0.3,0.0018,0.051800000000000006,0.372541520476633,0.40067322960644625,0.0,1009308319069.6348
149,25.0,0.0,999635271027.2434,0.0,1.0964288592635689e-06,1.0214422860988144e-06,0.009249793856661012,0.008699843678471977,4.987642893898107,0.0,4.987642893898107,1.0,6.712357106101893,0.3,0.0018,0.051800000000000006,0.3722178553050947,0.4011939264718554,0.0,999635271027.2434
150,25.0,0.0,1006754337163.7408,0.0,9.607593236819887e-07,1.0748668512669628e-06,0.005239703555279555,0.010204574437672276,4.9945513572022255,0.0,4.9945513572022255,1.0,6.705448642797775,0.3,0.0018,0.051800000000000006,0.37187243213988874,0.4017496265445806,0.0,1006754337163.7408
151,25.0,0.0,1003366614815.9031,0.0,1.0237429556339285e-06,9.080190019745552e-07,0.009617271971845094,0.01022250893982372,4.957148960428248,0.0,4.957148960428248,1.0,6.742851039571752,0.3,0.0018,0.051800000000000006,0.37374255197858763,0.3987410682455154,0.0,1003366614815.9031
152,25.0,0.0,996882821561.267,0.0,1.089463959145921e-06,9.809988122991635e-07,0.013089696025067488,0.014744171231088465,4.937110292000411,0.0,4.937110292000411,1.0,6.762889707999589,0.3,0.0018,0.051800000000000006,0.37474448539997945,0.3971292062419893,0.0,996882821561.267
153,25.0,0.0,1002684688679.3346,0.0,9.862152715275876e-07,9.071797772014717e-07,0.010346007512892753,0.014935429967868473,5.06880612889579,0.0,5.06880612889579,1.0,6.63119387110421,0.3,0.0018,0.051800000000000006,0.3681596935552105,0.4077225007155559,0.0,1002684688679.3346
154,25.0,0.0,996035297333.9386,0.0,9.090229491418557e-07,1.0871748204022162e-06,0.013374757437877766,0.006175043822526015,4.933973650597594,0.0,4.933973650597594,1.0,6.766026349402406,0.3,0.0018,0.051800000000000006,0.3749013174701203,0.39687690239684636,0.0,996035297333.9386
155,25.0,0.0,1000697963059.5175,0.0,1.0134896227098646e-06,9.794466602945648e-07,0.009450160548539921,0.0056311717070387105,5.07031284820424,0.0,5.07031284820424,1.0,6.6296871517957605,0.3,0.0018,0.051800000000000006,0.368084357589788,0.40784369757112615,0.0,1000697963059.5175
156,25.0,0.0,995720946036.8079,0.0,9.188572106976014e-07,1.0734606081002364e-06,0.012078438944014478,0.013300191791590279,5.071384631055184,0.0,5.071384631055184,1.0,6.628615368944816,0.3,0.0018,0.051800000000000006,0.3680307684472408,0.40792990919041056,0.0,995720946036.8079
157,25.0,0.0,992538705135.8184,0.0,1.0091351388162096e-06,1.0086991190159721e-06,0.013989215763205134,0.014718038186467112,5.030725748456478,0.0,5.030725748456478,1.0,6.669274251543523,0.3,0.0018,0.051800000000000006,0.37006371257717613,0.404659407050875,0.0,992538705135.8184
158,25.0,0.0,997726829144.4636,0.0,9.783013683368863e-07,9.179506470502391e-07,0.005774360852604382,0.012798698438723116,4.991910933938034,0.0,4.991910933938034,1.0,6.708089066061966,0.3,0.0018,0.051800000000000006,0.37200445330309834,0.4015372372858779,0.0,997726829144.4636
159,25.0,0.0,990703519643.6884,0.0,9.411639586026015e-07,1.095147204877932e-06,0.007187042261516348,0.010157556762880512,5.06542653974603,0.0,5.06542653974603,1.0,6.6345734602539705,0.3,0.0018,0.051800000000000006,0.36832867301269856,0.40745065474147596,0.0,990703519643.6884
160,25.0,0.0,990982352875.0009,0.0,9.126656957405116e-07,9.390248482184672e-07,0.010685697147037354,0.014124487962956418,5.005582832554151,0.0,5.005582832554151,1.0,6.694417167445849,0.3,0.0018,0.051800000000000006,0.37132085837229245,0.4026369717305463,0.0,990982352875.0009
161,25.0,0.0,1006011672413.477,0.0,1.072827365838545e-06,1.0897686214011568e-06,0.008479007757565923,0.005905790585354394,4.958889343687518,0.0,4.958889343687518,1.0,6.7411106563124825,0.3,0.0018,0.051800000000000006,0.37365553281562414,0.3988810604639252,0.0,1006011672413.477
162,25.0,0.0,997566196447.4683,0.0,1.008095338434151e-06,9.365617540861953e-07,0.008207341189534516,0.011531918850228185,5.025928009202734,0.0,5.025928009202734,1.0,6.674071990797266,0.3,0.0018,0.051800000000000006,0.3703035995398633,0.40427348851373346,0.0,997566196447.4683
163,25.0,0.0,1004438135590.2535,0.0,1.0873339383730253e-06,9.375807158072953e-07,0.006073123628325204,0.009976477023653788,5.002932439716454,0.0,5.002932439716454,1.0,6.697067560283546,0.3,0.0018,0.051800000000000006,0.3714533780141773,0.40242378054347283,0.0,1004438135590.2535
164,25.0,0.0,1009896297856.5922,0.0,9.955893161479661e-07,9.843532125429123e-07,0.005668257547014629,0.01092956631149616,4.959195165833477,0.0,4.959195165833477,1.0,6.740804834166523,0.3,0.0018,0.051800000000000006,0.37364024170832616,0.39890566005739037,0.0,1009896297856.5922
165,25.0,0.0,1009627742025.06,0.0,1.0793510743181396e-06,9.95112234646587e-07,0.005603308185742217,0.013222135460938068,5.02222755945007,0.0,5.02222755945007,1.0,6.67777244054993,0.3,0.0018,0.051800000000000006,0.3704886220274965,0.40397583328909836,0.0,1009627742025.06
166,25.0,0.0,1002758734884.9329,0.0,1.0262130885743775e-06,9.695347269671807e-07,0.011625295943661997,0.011718541886140672,5.069088044375994,0.0,5.069088044375994,1.0,6.630911955624006,0.3,0.0018,0.051800000000000006,0.3681455977812003,0.40774517731467136,0.0,1002758734884.9329
167,25.0,0.0,1006242459223.7412,0.0,1.0473146186231467e-06,9.919418928907184e-07,0.007154951418127005,0.012452038427810107,4.944673275377706,0.0,4.944673275377706,1.0,6.755326724622294,0.3,0.0018,0.051800000000000006,0.3743663362311147,0.3977375543257486,0.0,1006242459223.7412
168,25.0,0.0,1004945396003.8414,0.0,9.545172994831784e-07,9.221448517201109e-07,0.01456046659522629,0.006544230880221424,4.954650047338196,0.0,4.954650047338196,1.0,6.745349952661805,0.3,0.0018,0.051800000000000006,0.37386749763309024,0.39854006172282785,0.0,1004945396003.8414
169,25.0,0.0,1007656511320.6815,0.0,1.041631510768527e-06,9.350361135712007e-07,0.008576826315259741,0.009784049260866779,4.947113893022838,0.0,4.947113893022838,1.0,6.752886106977162,0.3,0.0018,0.051800000000000006,0.37424430534885816,0.3979338717038962,0.0,1007656511320.6815
170,25.0,0.0,992545523966.5808,0.0,1.0410056393048386e-06,9.139863262953723e-07,0.009811231017631497,0.012822111952677948,5.037198519342867,0.0,5.037198519342867,1.0,6.662801480657133,0.3,0.0018,0.051800000000000006,0.36974007403285664,0.405180061079703,0.0,992545523966.5808
171,25.0,0.0,1006411141652.7972,0.0,9.72162112283503e-07,9.352711152835603e-07,0.009674845394285717,0.008920600224154432,4.961139067462147,0.0,4.961139067462147,1.0,6.738860932537853,0.3,0.0018,0.051800000000000006,0.3735430466268927,0.3990620228010093,0.0,1006411141652.7972
172,25.0,0.0,995456086602.9167,0.0,9.877643403603898e-07,9.605929257674604e-07,0.008692728413409685,0.007359972626205526,5.039473323472985,0.0,5.039473323472985,1.0,6.660526676527015,0.3,0.0018,0.051800000000000006,0.36962633382635074,0.4053630408198991,0.0,995456086602.9167
173,25.0,0.0,1002859968466.8167,0.0,1.0997659274667319e-06,1.0227032969459665e-06,0.013897794665398686,0.01408608246555642,5.043717723171143,0.0,5.043717723171143,1.0,6.656282276828857,0.3,0.0018,0.051800000000000006,0.36941411384144285,0.40570445006202893,0.0,1002859968466.8167
174,25.0,0.0,990316111108.8027,0.0,9.988629067069235e-07,9.814724775725945e-07,0.010681673512913645,0.01052162703304427,5.050491956154904,0.0,5.050491956154904,1.0,6.649508043845096,0.3,0.0018,0.051800000000000006,0.3690754021922548,0.4062493529725631,0.0,990316111108.8027
175,25.0,0.0,1005860099579.1926,0.0,1.0989648427241737e-06,1.074582403277417e-06,0.013898990070723309,0.008143479426299048,4.985249245101406,0.0,4.985249245101406,1.0,6.714750754898594,0.3,0.0018,0.051800000000000006,0.3723375377449297,0.4010013871542315,0.0,1005860099579.1926
176,25.0,0.0,1008776107084.1407,0.0,1.0114003563762901e-06,9.59259926090697e-07,0.006697999737727075,0.006951855298186557,4.93369180168072,0.0,4.93369180168072,1.0,6.7663081983192805,0.3,0.0018,0.051800000000000006,0.37491540991596406,0.39685423115192403,0.0,1008776107084.1407
177,25.0,0.0,1006682417840.0421,0.0,9.38384232282217e-07,9.350924493158175e-07,0.013119882015105448,0.007647117106195374,5.061992777555297,0.0,5.061992777555297,1.0,6.6380072224447035,0.3,0.0018,0.051800000000000006,0.3685003611222352,0.4071744512190553,0.0,1006682417840.0421
178,25.0,0.0,1006289477520.6187,0.0,9.552414726913132e-07,1.0929037772278404e-06,0.007645976053461583,0.009299570499000476,4.989877338986355,0.0,4.989877338986355,1.0,6.710122661013645,0.3,0.0018,0.051800000000000006,0.37210613305068224,0.40137365982837475,0.0,1006289477520.6187
179,25.0,0.0,1005436986864.5831,0.0,1.0670251582161468e-06,9.426149868798004e-07,0.005043057756676786,0.010711673620557409,5.074111665867857,0.0,5.074111665867857,1.0,6.625888334132143,0.3,0.0018,0.051800000000000006,0.36789441670660716,0.40814926527251105,0.0,1005436986864.5831
180,25.0,0.0,1000378292849.7417,0.0,9.178084010150106e-07,9.790469307517789e-07,0.012470758006298863,0.008715432084063616,4.953325463071346,0.0,4.953325463071346,1.0,6.746674536928654,0.3,0.0018,0.051800000000000006,0.3739337268464327,0.39843351536931676,0.0,1000378292849.7417
181,25.0,0.0,999588341496.1178,0.0,1.0284504837135986e-06,1.0380803909031003e-06,0.014829871715359069,0.009118434403009737,4.98550316048737,0.0,4.98550316048737,1.0,6.7144968395126305,0.3,0.0018,0.051800000000000006,0.37232484197563154,0.4010218114935143,0.0,999588341496.1178
182,25.0,0.0,1004596304926.0574,0.0,9.195575994890886e-07,9.936462811387169e-07,0.007005624713215541,0.006853752728024857,4.994574216569432,0.0,4.994574216569432,1.0,6.705425783430568,0.3,0.0018,0.051800000000000006,0.37187128917152845,0.4017514652967689,0.0,1004596304926.0574
183,25.0,0.0,1008152097827.8097,0.0,9.532061745243331e-07,9.548268787377217e-07,0.007547283501174674,0.006350380960562361,5.066569755215557,0.0,5.066569755215557,1.0,6.633430244784443,0.3,0.0018,0.051800000000000006,0.36827151223922217,0.4075426122277636,0.0,1008152097827.8097
184,25.0,0.0,1006933421010.1649,0.0,9.070233622219333e-07,9.323883140499262e-07,0.0113925034035617,0.012829052741717237,4.956640158273307,0.0,4.956640158273307,1.0,6.743359841726694,0.3,0.0018,0.051800000000000006,0.3737679920863347,0.3987001414312505,0.0,1006933421010.1649
185,25.0,0.0,1006967615081.2217,0.0,9.101071977300115e-07,1.0734847078965167e-06,0.008058002287385672,0.011189163811735257,5.03899503255511,0.0,5.03899503255511,1.0,6.661004967444891,0.3,0.0018,0.051800000000000006,0.3696502483722445,0.4053245682557199,0.0,1006967615081.2217
186,25.0,0.0,1008770229179.2213,0.0,9.882445496961116e-07,1.0753356277503406e-06,0.010274576300725589,0.01244770927816754,5.048075891578791,0.0,5.048075891578791,1.0,6.651924108421209,0.3,0.0018,0.051800000000000006,0.36919620542106046,0.4060550105838796,0.0,1008770229179.2213
187,25.0,0.0,992356878018.1166,0.0,1.0005749873960707e-06,1.0010553844586192e-06,0.010826443493145375,0.008951018375478908,5.043033707217504,0.0,5.043033707217504,1.0,6.656966292782496,0.3,0.0018,0.051800000000000006,0.3694483146391248,0.4056494294737375,0.0,992356878018.1166
188,25.0,0.0,1004730464354.0377,0.0,1.004618099855863e-06,9.37706046774832e-07,0.012952322585827094,0.014606262856288327,5.033275449835042,0.0,5.033275449835042,1.0,6.666724550164958,0.3,0.0018,0.051800000000000006,0.36993622750824795,0.404864498860605,0.0,1004730464354.0377
189,25.0,0.0,997041013484.7848,0.0,9.947865475276155e-07,1.097325749372646e-06,0.005938078240077249,0.009123749142972246,5.056330856679086,0.0,5.056330856679086,1.0,6.643669143320914,0.3,0.0018,0.051800000000000006,0.3687834571660457,0.406719020003144,0.0,997041013484.7848
190,25.0,0.0,997655663255.6051,0.0,1.0767059672847415e-06,9.60264071532523e-07,0.01270193113537855,0.008368565438332686,5.01595442603233,0.0,5.01595442603233,1.0,6.68404557396767,0.3,0.0018,0.051800000000000006,0.3708022786983835,0.4034712376152132,0.0,997655663255.6051
191,25.0,0.0,990489016817.6403,0.0,1.0423835621177158e-06,1.0127046473939075e-06,0.009956050782011429,0.0055520995670798046,4.977241382519218,0.0,4.977241382519218,1.0,6.722758617480782,0.3,0.0018,0.051800000000000006,0.3727379308740391,0.4003572540636437,0.0,990489016817.6403
192,25.0,0.0,997928724707.2963,0.0,9.101761469090029e-07,1.0499411502089273e-06,0.007576126161820364,0.013666088321536724,5.0369101968439045,0.0,5.0369101968439045,1.0,6.663089803156096,0.3,0.0018,0.051800000000000006,0.3697544901578048,0.40515686911550064,0.0,997928724707.2963
193,25.0,0.0,1000625855096.3721,0.0,9.491399485989962e-07,9.461492610534433e-07,0.00527182133497585,0.014585152939754521,5.031502532008194,0.0,5.031502532008194,1.0,6.6684974679918065,0.3,0.0018,0.051800000000000006,0.37002487339959034,0.4047218896402987,0.0,1000625855096.3721
194,25.0,0.0,1000632258373.9088,0.0,9.899064482247042e-07,1.0280878424207284e-06,0.007015349753923832,0.013880586950148696,5.04676285568289,0.0,5.04676285568289,1.0,6.65323714431711,0.3,0.0018,0.051800000000000006,0.3692618572158555,0.40594939315338563,0.0,1000632258373.9088
195,25.0,0.0,992820545999.0002,0.0,1.0805785375260568e-06,1.0843795012998402e-06,0.008321630477034516,0.006691347073828557,4.956765824519946,0.0,4.956765824519946,1.0,6.743234175480054,0.3,0.0018,0.051800000000000006,0.3737617087740027,0.3987102497200729,0.0,992820545999.0002
196,25.0,0.0,991426090683.6969,0.0,9.148115366738146e-07,9.265084161902827e-07,0.013272545955907364,0.01080240216742943,5.0411625806854,0.0,5.0411625806854,1.0,6.6588374193146,0.3,0.0018,0.051800000000000006,0.36954187096573005,0.4054989205828024,0.0,991426090683.6969
197,25.0,0.0,1002769350555.2948,0.0,1.04254993875226e-06,9.89478550358422e-07,0.008460638229047347,0.009676524524502125,4.950457115764784,0.0,4.950457115764784,1.0,6.7495428842352165,0.3,0.0018,0.051800000000000006,0.37407714421176086,0.3982027924521222,0.0,1002769350555.2948
198,25.0,0.0,993070630926.741,0.0,1.068414030354448e-06,9.660402591195462e-07,0.011860498695059,0.013564096306557392,4.936661700038756,0.0,4.936661700038756,1.0,6.763338299961244,0.3,0.0018,0.051800000000000006,0.37476691499806225,0.39709312258998997,0.0,993070630926.741
199,25.0,0.0,994332447283.6809,0.0,1.081959324546647e-06,9.590038417424791e-07,0.010688338053843189,0.007898341138494915,5.008142837858964,0.0,5.008142837858964,1.0,6.691857162141036,0.3,0.0018,0.051800000000000006,0.3711928581070518,0.4028428923631728,0.0,994332447283.6809
200,25.0,0.0,1002470927392.8549,0.0,1.038708093917344e-06,1.0349500712760447e-06,0.01182588122216883,0.005740705527387063,4.992025826362123,0.0,4.992025826362123,1.0,6.7079741736378775,0.3,0.0018,0.051800000000000006,0.3719987086818939,0.4015464789544822,0.0,1002470927392.8549
201,25.0,0.0,994447358557.9362,0.0,1.0485812619716166e-06,9.474124153969326e-07,0.013297499101249114,0.010457982857394634,5.039063252777693,0.0,5.039063252777693,1.0,6.6609367472223076,0.3,0.0018,0.051800000000000006,0.3696468373611154,0.40533005572536135,0.0,994447358557.9362
202,25.0,0.0,1002394387787.5928,0.0,9.98362516282582e-07,1.0057315076216582e-06,0.011019969635275295,0.012375151372977258,4.935777550322935,0.0,4.935777550322935,1.0,6.7642224496770655,0.3,0.0018,0.051800000000000006,0.3748111224838533,0.3970220037261048,0.0,1002394387787.5928
203,25.0,0.0,1008433699684.7515,0.0,9.936641069388663e-07,1.0924399977069405e-06,0.009505764636008815,0.006808844303220903,4.957537418420868,0.0,4.957537418420868,1.0,6.742462581579132,0.3,0.0018,0.051800000000000006,0.3737231290789566,0.3987723148665434,0.0,1008433699684.7515
204,25.0,0.0,998638913220.0096,0.0,1.0466932885599672e-06,9.0642981756057e-07,0.010699829035940328,0.00654283125413476,5.066161442714705,0.0,5.066161442714705,1.0,6.633838557285295,0.3,0.0018,0.051800000000000006,0.3682919278642648,0.4075097685581326,0.0,998638913220.0096
205,25.0,0.0,996524767243.2811,0.0,9.82451719292815e-07,1.051928610461279e-06,0.007306791253278579,0.0140579185291426,5.000031447397003,0.0,5.000031447397003,1.0,6.699968552602997,0.3,0.0018,0.051800000000000006,0.3715984276301499,0.4021904317404282,0.0,996524767243.2811
206,25.0,0.0,1009976572219.0961,0.0,9.57378482712691e-07,9.500866173463777e-07,0.007628713321597826,0.010824447415393772,5.074028378471876,0.0,5.074028378471876,1.0,6.625971621528124,0.3,0.0018,0.051800000000000006,0.3678985810764062,0.40814256583589736,0.0,1009976572219.0961
207,25.0,0.0,1002780544205.2935,0.0,1.0865866916907012e-06,9.407721254659087e-07,0.010285417289424528,0.01332837054661512,4.970480311495189,0.0,4.970480311495189,1.0,6.729519688504811,0.3,0.0018,0.051800000000000006,0.3730759844252406,0.3998134098693041,0.0,1002780544205.2935
208,25.0,0.0,1009700933934.4175,0.0,1.0596896689656116e-06,9.53826100144561e-07,0.008208500740671875,0.010472828412048746,5.0091166061843015,0.0,5.0091166061843015,1.0,6.690883393815699,0.3,0.0018,0.051800000000000006,0.37114416969078495,0.4029212199311697,0.0,1009700933934.4175
209,25.0,0.0,998166460452.6598,0.0,9.667099852956711e-07,9.661353993892704e-07,0.00627225961891828,0.006887122100289193,5.052578131838204,0.0,5.052578131838204,1.0,6.647421868161796,0.3,0.0018,0.051800000000000006,0.3689710934080898,0.4064171598968955,0.0,998166460452.6598
210,25.0,0.0,1005186822000.4478,0.0,9.042312022846586e-07,9.63272291467343e-07,0.00677001411121341,0.011558728609828404,4.966254656094538,0.0,4.966254656094538,1.0,6.733745343905462,0.3,0.0018,0.051800000000000006,0.3732872671952731,0.39947350837311274,0.0,1005186822000.4478
211,25.0,0.0,1001634545959.1743,0.0,1.0697584226272178e-06,9.310794238514551e-07,0.011065663351954297,0.009446880280107456,4.991427728184785,0.0,4.991427728184785,1.0,6.708572271815215,0.3,0.0018,0.051800000000000006,0.3720286135907608,0.401498369384233,0.0,1001634545959.1743
212,25.0,0.0,1007861049695.0651,0.0,9.357208351394235e-07,1.0807808377590958e-06,0.01049493612800058,0.006500395782482101,4.955418567891374,0.0,4.955418567891374,1.0,6.744581432108626,0.3,0.0018,0.051800000000000006,0.37382907160543133,0.39860187965664207,0.0,1007861049695.0651
213,25.0,0.0,1001988536171.5988,0.0,9.988127207323553e-07,9.600543824285053e-07,0.009772329099757964,0.008596662936666109,4.958662383901203,0.0,4.958662383901203,1.0,6.7413376160987974,0.3,0.0018,0.051800000000000006,0.37366688080493987,0.39886280436785737,0.0,1001988536171.5988
214,25.0,0.0,1004228186954.1948,0.0,9.87835702641187e-07,1.0288018802899737e-06,0.01110404109174307,0.012766484358887158,5.04657795734897,0.0,5.04657795734897,1.0,6.65342204265103,0.3,0.0018,0.051800000000000006,0.36927110213255154,0.40593452037877814,0.0,1004228186954.1948
215,25.0,0.0,999500448880.0872,0.0,9.491132077618904e-07,9.085103635293552e-07,0.007235903208760469,0.009548944017326387,4.98708954785819,0.0,4.98708954785819,1.0,6.71291045214181,0.3,0.0018,0.051800000000000006,0.37224552260709054,0.40114941665525977,0.0,999500448880.0872
216,25.0,0.0,1008513733374.7345,0.0,1.0859145831134443e-06,9.035721918350361e-07,0.014249624727069452,0.014519287900809079,4.926807779452389,0.0,4.926807779452389,1.0,6.773192220547611,0.3,0.0018,0.051800000000000006,0.3752596110273806,0.3963004970601986,0.0,1008513733374.7345
217,25.0,0.0,1008118044376.3556,0.0,1.010064701139528e-06,9.156312279770777e-07,0.013497891978050361,0.011138282558090115,5.017210511628243,0.0,5.017210511628243,1.0,6.682789488371757,0.3,0.0018,0.051800000000000006,0.37073947441858784,0.4035722741013709,0.0,1008118044376.3556
218,25.0,0.0,993071595581.7223,0.0,9.150034614703085e-07,1.0459561534087585e-06,0.013489784226248538,0.009724686775644881,5.001474554908557,0.0,5.001474554908557,1.0,6.698525445091443,0.3,0.0018,0.051800000000000006,0.3715262722545722,0.40230651181696886,0.0,993071595581.7223
219,25.0,0.0,1004662489491.1909,0.0,9.34961477246601e-07,9.439159184404183e-07,0.0096392228611005,0.014425684003143376,5.035121951864138,0.0,5.035121951864138,1.0,6.664878048135862,0.3,0.0018,0.051800000000000006,0.36984390240679316,0.4050130270160986,0.0,1004662489491.1909
220,25.0,0.0,997564010460.1936,0.0,9.483399195962261e-07,1.0237321223872636e-06,0.014266704880812817,0.007578940091477941,5.028938988587878,0.0,5.028938988587878,1.0,6.671061011412122,0.3,0.0018,0.051800000000000006,0.3701530505706061,0.4045156844102219,0.0,997564010460.1936
221,25.0,0.0,991768045814.0134,0.0,9.679471895498062e-07,9.142488954733182e-07,0.009753056178836041,0.012537706796439556,4.967768360062278,0.0,4.967768360062278,1.0,6.732231639937722,0.3,0.0018,0.051800000000000006,0.37321158199688614,0.39959526705777654,0.0,991768045814.0134
222,25.0,0.0,1000401438245.2297,0.0,9.89277898428742e-07,1.0905950323120206e-06,0.011507945897177366,0.006158988653192494,5.057763948234021,0.0,5.057763948234021,1.0,6.6422360517659795,0.3,0.0018,0.051800000000000006,0.368711802588299,0.40683429442036845,0.0,1000401438245.2297
223,25.0,0.0,993053802676.8284,0.0,9.094745013458979e-07,9.573187529827627e-07,0.006397875904698681,0.009410774296172842,4.987153065799154,0.0,4.987153065799154,1.0,6.712846934200846,0.3,0.0018,0.051800000000000006,0.37224234671004236,0.4011545258847453,0.0,993053802676.8284
224,25.0,0.0,990640871787.5636,0.0,9.747436005764702e-07,1.0302669997480092e-06,0.006086669708042685,0.005137773552940503,4.962244137182794,0.0,4.962244137182794,1.0,6.737755862817206,0.3,0.0018,0.051800000000000006,0.37348779314086034,0.3991509119355529,0.0,990640871787.5636
225,25.0,0.0,1006206051105.4694,0.0,1.0060882359206157e-06,1.0187031184884385e-06,0.0052183139164581165,0.01015133376846189,4.976724688909826,0.0,4.976724688909826,1.0,6.723275311090174,0.3,0.0018,0.051800000000000006,0.37276376555450874,0.4003156924798766,0.0,1006206051105.4694
226,25.0,0.0,1005656411312.9729,0.0,9.0445376412592e-07,1.0202745525622696e-06,0.01263844067288358,0.007848075886498895,5.043133337729483,0.0,5.043133337729483,1.0,6.6568666622705175,0.3,0.0018,0.051800000000000006,0.3694433331135259,0.40565744351105876,0.0,1005656411312.9729
227,25.0,0.0,1009620096227.0754,0.0,9.889875522054012e-07,1.0093975575156435e-06,0.006467432332076525,0.008362858304273618,5.07314711716347,0.0,5.07314711716347,1.0,6.6268528828365305,0.3,0.0018,0.051800000000000006,0.36794264414182654,0.4080716793085159,0.0,1009620096227.0754
228,25.0,0.0,1006853092434.3639,0.0,9.959597005510307e-07,1.095609149157596e-06,0.009748768364757038,0.00630921312146499,4.932758223749959,0.0,4.932758223749959,1.0,6.767241776250041,0.3,0.0018,0.051800000000000006,0.3749620888125021,0.3967791364020237,0.0,1006853092434.3639
229,25.0,0.0,1000081278131.291,0.0,9.84731024110121e-07,1.086021103850025e-06,0.010024129936309384,0.014711351518023278,4.96382534558561,0.0,4.96382534558561,1.0,6.73617465441439,0.3,0.0018,0.051800000000000006,0.37340873272071956,0.399278100513643,0.0,1000081278131.291
230,25.0,0.0,998965047091.0748,0.0,1.0710950726835765e-06,9.779778937745218e-07,0.01030723291060234,0.014765270664151457,4.9529724942133795,0.0,4.9529724942133795,1.0,6.747027505786621,0.3,0.0018,0.051800000000000006,0.37395137528933103,0.3984051234084121,0.0,998965047091.0748
231,25.0,0.0,997836754198.201,0.0,1.0360069870815783e-06,9.362642917531705e-07,0.011748127524058696,0.007634754281893176,4.97828267511818,0.0,4.97828267511818,1.0,6.72171732488182,0.3,0.0018,0.051800000000000006,0.372685866244091,0.4004410131208317,0.0,997836754198.201
232,25.0,0.0,999330185262.7668,0.0,1.07052454380789e-06,1.0143901251282406e-06,0.007138308212779977,0.014000912781436826,4.976397544405046,0.0,4.976397544405046,1.0,6.723602455594954,0.3,0.0018,0.051800000000000006,0.37278012277974776,0.40028937776745865,0.0,999330185262.7668
233,25.0,0.0,992478761088.8175,0.0,1.0494221745374822e-06,9.261503626752637e-07,0.013069442243540355,0.014369072881309536,5.015979815061192,0.0,5.015979815061192,1.0,6.684020184938809,0.3,0.0018,0.051800000000000006,0.3708010092469404,0.4034732798472645,0.0,992478761088.8175
234,25.0,0.0,1009856159145.4089,0.0,9.325713102485405e-07,1.0038334469828642e-06,0.010332498098317083,0.0067791248829614445,5.016966412849121,0.0,5.016966412849121,1.0,6.683033587150879,0.3,0.0018,0.051800000000000006,0.370751679357544,0.4035526393861905,0.0,1009856159145.4089
235,25.0,0.0,995291485556.4253,0.0,9.216498882949714e-07,9.480497896559283e-07,0.007739061686060452,0.0053280999949772865,4.966903221829059,0.0,4.966903221829059,1.0,6.733096778170941,0.3,0.0018,0.051800000000000006,0.37325483890854705,0.39952567743155243,0.0,995291485556.4253
236,25.0,0.0,997703354747.1194,0.0,9.655847767061408e-07,9.179462555482502e-07,0.005252049471261622,0.007021143001564666,5.038497414112492,0.0,5.038497414112492,1.0,6.661502585887508,0.3,0.0018,0.051800000000000006,0.3696751292943754,0.4052845410322146,0.0,997703354747.1194
237,25.0,0.0,1000084387110.7554,0.0,9.629163138071685e-07,1.0547878877275313e-06,0.012647566879326486,0.013442723575824444,5.059325686579533,0.0,5.059325686579533,1.0,6.640674313420467,0.3,0.0018,0.051800000000000006,0.3686337156710234,0.40695991687415806,0.0,1000084387110.7554
238,25.0,0.0,1006127974575.9176,0.0,1.08584844880123e-06,9.188683005279311e-07,0.014942691791632826,0.012700907181588693,4.938990635798649,0.0,4.938990635798649,1.0,6.761009364201351,0.3,0.0018,0.051800000000000006,0.3746504682100676,0.3972804565475104,0.0,1006127974575.9176
239,25.0,0.0,1005403738988.8837,0.0,1.0204820506182895e-06,1.0713720783833141e-06,0.0059788328021485974,0.007759238420408132,4.987126628238901,0.0,4.987126628238901,1.0,6.712873371761099,0.3,0.0018,0.051800000000000006,0.37224366858805497,0.40115239931136587,0.0,1005403738988.8837
240,25.0,0.0,995304269122.2513,0.0,9.850205263984613e-07,1.075882346697537e-06,0.007703409705276391,0.01393743128716272,4.988895644721928,0.0,4.988895644721928,1.0,6.7111043552780725,0.3,0.0018,0.051800000000000006,0.37215521776390365,0.4012946947170148,0.0,995304269122.2513
241,25.0,0.0,998354865727.2568,0.0,1.0005358649592134e-06,9.303603466157662e-07,0.00851929943022966,0.010657902193740906,4.9870112366584785,0.0,4.9870112366584785,1.0,6.712988763341522,0.3,0.0018,0.051800000000000006,0.3722494381670761,0.40114311749183384,0.0,998354865727.2568
242,25.0,0.0,1009395431576.6202,0.0,1.0935186051994945e-06,1.067627310966061e-06,0.006421039258516427,0.010264600906350136,4.950496778179367,0.0,4.950496778179367,1.0,6.749503221820633,0.3,0.0018,0.051800000000000006,0.37407516109103167,0.3982059828007856,0.0,1009395431576.6202
243,25.0,0.0,995268986287.1381,0.0,9.230372106628521e-07,1.012772480694263e-06,0.012210405546667254,0.005588485373324318,5.0146784049809305,0.0,5.0146784049809305,1.0,6.68532159501907,0.3,0.0018,0.051800000000000006,0.3708660797509535,0.4033685975692512,0.0,995268986287.1381
244,25.0,0.0,1000244859422.1326,0.0,1.0325848903073841e-06,9.23735473415769e-07,0.014370514306705068,0.013947285817147315,4.952896162981356,0.0,4.952896162981356,1.0,6.747103837018644,0.3,0.0018,0.051800000000000006,0.37395519185093223,0.3983989835087964,0.0,1000244859422.1326
245,25.0,0.0,1004361246732.685,0.0,9.31258264392195e-07,9.208302987605743e-07,0.014997653369143438,0.009553521214434871,5.055879762372275,0.0,5.055879762372275,1.0,6.6441202376277255,0.3,0.0018,0.051800000000000006,0.3688060118813863,0.4066827350685549,0.0,1004361246732.685
246,25.0,0.0,991755187655.431,0.0,1.085926437544845e-06,1.089498609008957e-06,0.008147174474653632,0.008551648869938719,4.992867535225214,0.0,4.992867535225214,1.0,6.707132464774786,0.3,0.0018,0.051800000000000006,0.37195662323873935,0.4016141839788621,0.0,991755187655.431
247,25.0,0.0,1007967507678.7875,0.0,1.0410544818955303e-06,9.134311355469946e-07,0.005387513315284294,0.011537304725769205,4.975852378635989,0.0,4.975852378635989,1.0,6.724147621364011,0.3,0.0018,0.051800000000000006,0.3728073810682006,0.4002455259520583,0.0,1007967507678.7875
248,25.0,0.0,1008997027598.3173,0.0,1.07525344660516e-06,9.272941108089022e-07,0.008201609688928694,0.00868344164206344,5.005575897249023,0.0,5.005575897249023,1.0,6.694424102750977,0.3,0.0018,0.051800000000000006,0.3713212051375489,0.4026364138713821,0.0,1008997027598.3173
249,25.0,0.0,997377567614.7494,0.0,9.77184258292643e-07,9.393919085240052e-07,0.007618963745647354,0.011269523404322686,4.98322307518671,0.0,4.98322307518671,1.0,6.71677692481329,0.3,0.0018,0.051800000000000006,0.37243884624066453,0.4008384069487379,0.0,997377567614.7494
250,25.0,0.0,1005437210816.8785,0.0,1.0175038985111682e-06,1.0932405250736352e-06,0.010219801141180505,0.014097975765175443,5.044050893638464,0.0,5.044050893638464,1.0,6.655949106361536,0.3,0.0018,0.051800000000000006,0.36939745531807683,0.4057312494882934,0.0,1005437210816.8785
251,25.0,0.0,1003966368157.3717,0.0,9.916752582323026e-07,9.185570908253478e-07,0.010620091747128677,0.006265637921239603,5.037727934041909,0.0,5.037727934041909,1.0,6.662272065958091,0.3,0.0018,0.051800000000000006,0.3697136032979046,0.40522264591714197,0.0,1003966368157.3717
252,25.0,0.0,1007387236537.5704,0.0,1.0224878658506363e-06,1.0509140590879263e-06,0.013424550014526672,0.013690537862770025,4.930464529352433,0.0,4.930464529352433,1.0,6.769535470647567,0.3,0.0018,0.051800000000000006,0.3750767735323784,0.39659463717442345,0.0,1007387236537.5704
253,25.0,0.0,1007206917815.6356,0.0,9.840444958064876e-07,9.376208456242702e-07,0.008390236259198264,0.012037776945402244,4.955653931781746,0.0,4.955653931781746,1.0,6.744346068218254,0.3,0.0018,0.051800000000000006,0.37381730341091274,0.39862081175850594,0.0,1007206917815.6356
254,25.0,0.0,1005284206991.6023,0.0,9.584623086859983e-07,1.0944140354261773e-06,0.012081844867591174,0.011105220042138247,4.9711442728136195,0.0,4.9711442728136195,1.0,6.728855727186381,0.3,0.0018,0.051800000000000006,0.37304278635931903,0.39986681731126283,0.0,1005284206991.6023
255,25.0,0.0,1004569637338.0386,0.0,9.009714675554558e-07,1.045899017572196e-06,0.014488737571491252,0.012565030477273104,4.995746028593657,0.0,4.995746028593657,1.0,6.704253971406343,0.3,0.0018,0.051800000000000006,0.3718126985703172,0.4018457230207253,0.0,1004569637338.0386
256,25.0,0.0,996492873342.2067,0.0,9.86230191428223e-07,1.019633576008155e-06,0.013981200805010943,0.014950094173238102,4.936811493482438,0.0,4.936811493482438,1.0,6.7631885065175625,0.3,0.0018,0.051800000000000006,0.37475942532587814,0.3971051716121652,0.0,996492873342.2067
257,25.0,0.0,997042409478.5106,0.0,9.349074263253576e-07,1.0528152106842582e-06,0.009962887428292357,0.014192455822172257,4.929888866487052,0.0,4.929888866487052,1.0,6.770111133512948,0.3,0.0018,0.051800000000000006,0.37510555667564743,0.39654833224638447,0.0,997042409478.5106
258,25.0,0.0,991605546408.0807,0.0,1.0972059486153248e-06,9.417919214969228e-07,0.006981177414120907,0.010736406687957091,4.999699743618973,0.0,4.999699743618973,1.0,6.700300256381027,0.3,0.0018,0.051800000000000006,0.37161501281905135,0.4021637502911014,0.0,991605546408.0807
259,25.0,0.0,1006535247197.8989,0.0,9.85678529168293e-07,1.0379523696888173e-06,0.013682364402828995,0.008695716063567576,5.010161839864063,0.0,5.010161839864063,1.0,6.689838160135937,0.3,0.0018,0.051800000000000006,0.37109190800679687,0.4030052959993616,0.0,1006535247197.8989
260,25.0,0.0,991382763249.3223,0.0,9.576119937444282e-07,1.0447490580383676e-06,0.005663982790432746,0.013625478004083254,5.050329529716664,0.0,5.050329529716664,1.0,6.649670470283336,0.3,0.0018,0.051800000000000006,0.36908352351416684,0.4062362877828719,0.0,991382763249.3223
261,25.0,0.0,991125776259.6398,0.0,9.469406978103791e-07,1.0096546635716378e-06,0.009262442031800567,0.012955255262286018,4.998334745220601,0.0,4.998334745220601,1.0,6.7016652547794,0.3,0.0018,0.051800000000000006,0.37168326273897,0.40205395312263514,0.0,991125776259.6398
262,25.0,0.0,993002591134.9851,0.0,9.10349949120777e-07,9.95529753914594e-07,0.013863348239330234,0.011652139656041212,5.02778219290492,0.0,5.02778219290492,1.0,6.67221780709508,0.3,0.0018,0.051800000000000006,0.370210890354754,0.40442263456442407,0.0,993002591134.9851
263,25.0,0.0,997331621269.981,0.0,9.924455860287337e-07,9.653796703753979e-07,0.0080548061237117,0.007508528916551221,4.979757087032714,0.0,4.979757087032714,1.0,6.7202429129672865,0.3,0.0018,0.051800000000000006,0.37261214564836437,0.40055961124780515,0.0,997331621269.981
264,25.0,0.0,1002042387836.6686,0.0,1.0387718668418003e-06,1.0695332935995948e-06,0.007375356720522589,0.006506005943372639,4.926292588570063,0.0,4.926292588570063,1.0,6.773707411429937,0.3,0.0018,0.051800000000000006,0.37528537057149686,0.3962590563521608,0.0,1002042387836.6686
265,25.0,0.0,1009743726640.8339,0.0,1.0496141918159786e-06,9.14372433168192e-07,0.010921328249036667,0.012560752824282376,4.9788806595901605,0.0,4.9788806595901605,1.0,6.72111934040984,0.3,0.0018,0.051800000000000006,0.37265596702049203,0.4004891135448971,0.0,1009743726640.8339
266,25.0,0.0,1009824892562.8005,0.0,9.378982554374431e-07,9.24785178550703e-07,0.01055255619900056,0.010964450993602732,5.043840625575561,0.0,5.043840625575561,1.0,6.65615937442444,0.3,0.0018,0.051800000000000006,0.369407968721222,0.4057143360340702,0.0,1009824892562.8005
267,25.0,0.0,1006115453966.8461,0.0,1.0111754809751523e-06,9.59482391818716e-07,0.008297853795515025,0.014319443692299962,5.027284385760061,0.0,5.027284385760061,1.0,6.672715614239939,0.3,0.0018,0.051800000000000006,0.370235780711997,0.40438259216216704,0.0,1006115453966.8461
268,25.0,0.0,1000748751467.0796,0.0,9.214574115047453e-07,9.473403989053207e-07,0.010276363606044822,0.005673743051330062,5.064719289396334,0.0,5.064719289396334,1.0,6.635280710603666,0.3,0.0018,0.051800000000000006,0.3683640355301833,0.40739376523458287,0.0,1000748751467.0796
269,25.0,0.0,1005306424478.7727,0.0,1.080055619923082e-06,1.045140194144507e-06,0.0056862085710885895,0.011918470612856528,5.019744281325698,0.0,5.019744281325698,1.0,6.680255718674302,0.3,0.0018,0.051800000000000006,0.3706127859337151,0.4037760844052203,0.0,1005306424478.7727
270,25.0,0.0,1004367011263.4631,0.0,9.644926637163555e-07,1.0394547323659859e-06,0.014569715846307792,0.010875217805288741,5.024651730265139,0.0,5.024651730265139,1.0,6.675348269734862,0.3,0.0018,0.051800000000000006,0.3703674134867431,0.40417082772402974,0.0,1004367011263.4631
271,25.0,0.0,1009953347846.7727,0.0,9.404810559007524e-07,1.0078875517328779e-06,0.009813753972616582,0.010715697845067186,4.93236110715864,0.0,4.93236110715864,1.0,6.76763889284136,0.3,0.0018,0.051800000000000006,0.374981944642068,0.3967471933042664,0.0,1009953347846.7727
272,25.0,0.0,1001703827026.0992,0.0,1.0440432058005327e-06,1.0283094406681713e-06,0.01290243155389435,0.011247606346845917,5.00562614938058,0.0,5.00562614938058,1.0,6.69437385061942,0.3,0.0018,0.051800000000000006,0.371318692530971,0.4026404560312565,0.0,1001703827026.0992
273,25.0,0.0,995463130814.5104,0.0,1.0745974430803415e-06,1.0358103112575987e-06,0.0059040807847189755,0.010922749504444043,4.958260698145565,0.0,4.958260698145565,1.0,6.741739301854436,0.3,0.0018,0.051800000000000006,0.3736869650927218,0.39883049373757756,0.0,995463130814.5104
274,25.0,0.0,1001869125451.7994,0.0,9.677182886421627e-07,9.892500042322618e-07,0.013641083538153454,0.012233203309671564,5.002963048954377,0.0,5.002963048954377,1.0,6.697036951045623,0.3,0.0018,0.051800000000000006,0.37145184755228117,0.4024262426765104,0.0,1001869125451.7994
275,25.0,0.0,992860148026.5277,0.0,9.746767086517348e-07,1.088828729415255e-06,0.010051533948587486,0.007348401632592311,4.940862520619227,0.0,4.940862520619227,1.0,6.759137479380773,0.3,0.0018,0.051800000000000006,0.3745568739690387,0.3974310264333355,0.0,992860148026.5277
276,25.0,0.0,997666855868.2102,0.0,1.0605409952253758e-06,9.221641539397408e-07,0.011086597526267837,0.014590960633711104,4.985320711235533,0.0,4.985320711235533,1.0,6.714679288764467,0.3,0.0018,0.051800000000000006,0.37233396443822336,0.4010071357171439,0.0,997666855868.2102
277,25.0,0.0,1007673325631.4497,0.0,1.0104506240688019e-06,9.42348220555225e-07,0.01319450755544637,0.009986000383921265,4.930081669271384,0.0,4.930081669271384,1.0,6.769918330728617,0.3,0.0018,0.051800000000000006,0.3750959165364309,0.3965638408358578,0.0,1007673325631.4497
278,25.0,0.0,1006583009806.915,0.0,9.106650169866681e-07,1.0880702825076362e-06,0.014370627248797015,0.010324153197128693,5.0213476117507305,0.0,5.0213476117507305,1.0,6.67865238824927,0.3,0.0018,0.051800000000000006,0.3705326194124635,0.40390505242525176,0.0,1006583009806.915
279,25.0,0.0,992388968718.574,0.0,9.465464293352375e-07,1.0673281492813088e-06,0.006458323007356799,0.007266986519147107,5.007292108898331,0.0,5.007292108898331,1.0,6.692707891101669,0.3,0.0018,0.051800000000000006,0.3712353945550835,0.4027744617839713,0.0,992388968718.574
280,25.0,0.0,1001266324833.9592,0.0,1.0252318571680939e-06,1.0824410680817352e-06,0.006509931314350677,0.014134336598130636,5.060373495113438,0.0,5.060373495113438,1.0,6.639626504886563,0.3,0.0018,0.051800000000000006,0.36858132524432813,0.40704420005738723,0.0,1001266324833.9592
281,25.0,0.0,1002402933149.3109,0.0,1.0380991102435626e-06,9.032964401192313e-07,0.014580925791606497,0.010856037614655797,5.042219875910363,0.0,5.042219875910363,1.0,6.657780124089637,0.3,0.0018,0.051800000000000006,0.3694890062044819,0.40558396685250664,0.0,1002402933149.3109
282,25.0,0.0,1000194693197.5289,0.0,9.873978576622904e-07,9.679434108324153e-07,0.00749826087809722,0.010275448744971827,4.981291720954024,0.0,4.981291720954024,1.0,6.718708279045976,0.3,0.0018,0.051800000000000006,0.37253541395229883,0.4006830534872928,0.0,1000194693197.5289
283,25.0,0.0,996393311352.5417,0.0,1.0086618352471914e-06,9.998560513948297e-07,0.011437404654242731,0.014500017705742076,4.96778316282408,0.0,4.96778316282408,1.0,6.73221683717592,0.3,0.0018,0.051800000000000006,0.373210841858796,0.3995964577561197,0.0,996393311352.5417
284,25.0,0.0,995247769454.6725,0.0,9.061989576962268e-07,1.0235338921107277e-06,0.011783106084017081,0.012467317148380466,5.002486175726452,0.0,5.002486175726452,1.0,6.697513824273548,0.3,0.0018,0.051800000000000006,0.3714756912136774,0.4023878841478807,0.0,995247769454.6725
285,25.0,0.0,990825060650.1312,0.0,1.0309991848402929e-06,1.0991110599171554e-06,0.005158032391632962,0.010575834968263826,5.037651312932383,0.0,5.037651312932383,1.0,6.662348687067617,0.3,0.0018,0.051800000000000006,0.36971743435338084,0.40521648270048133,0.0,990825060650.1312
286,25.0,0.0,1002398319603.6821,0.0,1.0717932499386862e-06,9.244579074405637e-07,0.014261821962748632,0.0052601740355157,5.050429962643666,0.0,5.050429962643666,1.0,6.649570037356334,0.3,0.0018,0.051800000000000006,0.3690785018678167,0.4062443663645163,0.0,1002398319603.6821
287,25.0,0.0,990077882927.6227,0.0,9.668718453434785e-07,9.331985822974054e-07,0.009510901608039062,0.009023708831721839,5.040149154904811,0.0,5.040149154904811,1.0,6.659850845095189,0.3,0.0018,0.051800000000000006,0.36959254225475946,0.4054174030650588,0.0,990077882927.6227
288,25.0,0.0,992488207774.5305,0.0,1.082663659366456e-06,9.177468986015778e-07,0.009068558393908265,0.014425046192334812,5.067599726220423,0.0,5.067599726220423,1.0,6.632400273779577,0.3,0.0018,0.051800000000000006,0.3682200136889789,0.40762546060331584,0.0,992488207774.5305
289,25.0,0.0,999134911967.08,0.0,9.063162661385996e-07,9.288314297842717e-07,0.011141988035435991,0.007325522624430636,5.024907844890373,0.0,5.024907844890373,1.0,6.675092155109628,0.3,0.0018,0.051800000000000006,0.3703546077554814,0.4041914289647983,0.0,999134911967.08
290,25.0,0.0,1006385187711.1997,0.0,1.0545790174189716e-06,9.54227577247018e-07,0.009942597768118625,0.006974820518632781,5.054132925278149,0.0,5.054132925278149,1.0,6.645867074721851,0.3,0.0018,0.051800000000000006,0.36889335373609256,0.40654222371928483,0.0,1006385187711.1997
291,25.0,0.0,1007549539624.4852,0.0,9.456672463263852e-07,1.0863648581590631e-06,0.010712131913519975,0.009224950839181522,5.009056084395181,0.0,5.009056084395181,1.0,6.690943915604819,0.3,0.0018,0.051800000000000006,0.37114719578024097,0.4029163517048891,0.0,1007549539624.4852
292,25.0,0.0,994826286759.5505,0.0,9.993129794294375e-07,1.0775523351427776e-06,0.011301519692743846,0.010209756327557735,4.989288937737637,0.0,4.989288937737637,1.0,6.710711062262363,0.3,0.0018,0.051800000000000006,0.3721355531131182,0.4013263302556014,0.0,994826286759.5505
293,25.0,0.0,1006458717543.8619,0.0,1.0433245513454626e-06,1.0519970022992307e-06,0.010748690420277342,0.013629263749548284,4.968657552867597,0.0,4.968657552867597,1.0,6.731342447132403,0.3,0.0018,0.051800000000000006,0.37316712235662014,0.39966679157557894,0.0,1006458717543.8619
294,25.0,0.0,1005974996555.2352,0.0,1.069268603397994e-06,1.0986197725435272e-06,0.009201628545246386,0.0131391568370957,5.036686963927705,0.0,5.036686963927705,1.0,6.663313036072295,0.3,0.0018,0.051800000000000006,0.36976565180361476,0.4051389127998476,0.0,1005974996555.2352
295,25.0,0.0,997888518591.4519,0.0,9.211884713981923e-07,9.451550388132532e-07,0.013406961705337606,0.008965527228288472,4.984112613412289,0.0,4.984112613412289,1.0,6.715887386587712,0.3,0.0018,0.051800000000000006,0.3723943693293856,0.4009099592513102,0.0,997888518591.4519
296,25.0,0.0,1006116339227.0125,0.0,9.140228864088367e-07,1.014964146248023e-06,0.009672733678923344,0.011142818504715782,4.9920913530362405,0.0,4.9920913530362405,1.0,6.70790864696376,0.3,0.0018,0.051800000000000006,0.371995432348188,0.40155174976160235,0.0,1006116339227.0125
297,25.0,0.0,1001639982575.1283,0.0,9.944288902041292e-07,1.063567061991616e-06,0.012456479912378577,0.008413784941811928,5.0450865676272985,0.0,5.0450865676272985,1.0,6.654913432372702,0.3,0.0018,0.051800000000000006,0.36934567161863513,0.40581455659807736,0.0,1001639982575.1283
298,25.0,0.0,1001653649234.6152,0.0,1.0478344643853445e-06,9.477570658717366e-07,0.011714035241730317,0.007551246560576338,5.001671564514491,0.0,5.001671564514491,1.0,6.698328435485509,0.3,0.0018,0.051800000000000006,0.37151642177427546,0.40232235879299316,0.0,1001653649234.6152
299,25.0,0.0,1007514769719.2642,0.0,1.0749701697610328e-06,9.331732059446685e-07,0.013196582195351629,0.005321493951005613,4.983995282554896,0.0,4.983995282554896,1.0,6.716004717445104,0.3,0.0018,0.051800000000000006,0.37240023587225524,0.4009005214410309,0.0,1007514769719.2642
300,25.0,0.0,1000654808546.7576,0.0,1.0624593892940572e-06,1.0419116807896443e-06,0.009684053196156733,0.013924843372096596,4.959492202672795,0.0,4.959492202672795,1.0,6.740507797327205,0.3,0.0018,0.051800000000000006,0.3736253898663603,0.3989295529820459,0.0,1000654808546.7576
301,25.0,0.0,1009439886854.0354,0.0,9.499340757867653e-07,9.27899769592438e-07,0.01360563555273632,0.007263975404113341,5.000476779008733,0.0,5.000476779008733,1.0,6.699523220991267,0.3,0.0018,0.051800000000000006,0.37157616104956337,0.4022262531377681,0.0,1009439886854.0354
302,25.0,0.0,1001129721810.216,0.0,1.061489475282031e-06,9.710563079105555e-07,0.009103413588990415,0.006679379805988636,5.036122284745368,0.0,5.036122284745368,1.0,6.663877715254632,0.3,0.0018,0.051800000000000006,0.3697938857627316,0.40509349137269696,0.0,1001129721810.216
303,25.0,0.0,997869141479.7665,0.0,9.005414547351574e-07,9.597518141245264e-07,0.010550422850525477,0.008340938596599533,4.96580677837665,0.0,4.96580677837665,1.0,6.73419322162335,0.3,0.0018,0.051800000000000006,0.37330966108116753,0.39943748217315395,0.0,997869141479.7665
304,25.0,0.0,1000592504819.1897,0.0,1.0150589905257005e-06,9.186218661717062e-07,0.01344408614165573,0.006749778374874882,5.0397218000916695,0.0,5.0397218000916695,1.0,6.660278199908331,0.3,0.0018,0.051800000000000006,0.36961390999541655,0.40538302767790135,0.0,1000592504819.1897
305,25.0,0.0,994125458068.1069,0.0,9.994051692434965e-07,9.065872029396721e-07,0.007252973387823334,0.01224012252184348,5.050607521745814,0.0,5.050607521745814,1.0,6.649392478254186,0.3,0.0018,0.051800000000000006,0.3690696239127093,0.40625864878907775,0.0,994125458068.1069
306,25.0,0.0,1005950344081.0636,0.0,1.039685710915768e-06,1.034830613458793e-06,0.010250932333448638,0.011527872244913149,5.062866449684991,0.0,5.062866449684991,1.0,6.637133550315009,0.3,0.0018,0.051800000000000006,0.36845667751575045,0.40724472729126376,0.0,1005950344081.0636
307,25.0,0.0,991449099471.9175,0.0,9.890530931998775e-07,1.0350688941352378e-06,0.013411200645043211,0.014910002480764885,4.949267368668839,0.0,4.949267368668839,1.0,6.750732631331161,0.3,0.0018,0.051800000000000006,0.3741366315665581,0.3981070920743918,0.0,991449099471.9175
308,25.0,0.0,990977507537.0175,0.0,9.7094506423931e-07,1.0297193582940864e-06,0.010140481960388647,0.007597422520866369,4.945283204300598,0.0,4.945283204300598,1.0,6.7547167956994025,0.3,0.0018,0.051800000000000006,0.37433583978497015,0.39778661553254485,0.0,990977507537.0175
309,25.0,0.0,1002755800802.6915,0.0,9.433266876411745e-07,1.0383770185411807e-06,0.011868495657664667,0.010391682923569977,5.065243672529878,0.0,5.065243672529878,1.0,6.6347563274701225,0.3,0.0018,0.051800000000000006,0.36833781637350616,0.4074359453450674,0.0,1002755800802.6915
310,25.0,0.0,991502788158.6439,0.0,1.0976894827663862e-06,1.0693196432575635e-06,0.010796647193100594,0.011267660643271605,4.977993432415542,0.0,4.977993432415542,1.0,6.722006567584458,0.3,0.0018,0.051800000000000006,0.3727003283792229,0.4004177471376723,0.0,991502788158.6439
311,25.0,0.0,1009964569622.357,0.0,9.122608131546884e-07,1.019171590146197e-06,0.006190241499821686,0.0074476504355611,4.97431698669586,0.0,4.97431698669586,1.0,6.72568301330414,0.3,0.0018,0.051800000000000006,0.372884150665207,0.400122022739371,0.0,1009964569622.357
312,25.0,0.0,993315058936.847,0.0,1.0746479872707763e-06,1.0387010848712122e-06,0.005399464656176265,0.0052829230563811455,5.008801144471258,0.0,5.008801144471258,1.0,6.691198855528742,0.3,0.0018,0.051800000000000006,0.3711599427764371,0.4028958449542518,0.0,993315058936.847
313,25.0,0.0,998692083513.6193,0.0,9.575618029922736e-07,1.0358290736877787e-06,0.005540543116185992,0.014558605341889252,5.072113620186253,0.0,5.072113620186253,1.0,6.627886379813747,0.3,0.0018,0.051800000000000006,0.36799431899068735,0.40798854731227907,0.0,998692083513.6193
314,25.0,0.0,994399868786.5452,0.0,1.0472708194294045e-06,9.443908079121898e-07,0.009512152941572656,0.009627989378167851,5.048961582495907,0.0,5.048961582495907,1.0,6.651038417504093,0.3,0.0018,0.051800000000000006,0.3691519208752047,0.40612625341826786,0.0,994399868786.5452
315,25.0,0.0,1002996548451.2656,0.0,9.743422519659068e-07,9.091324570873412e-07,0.012869411358121238,0.009329982151698137,4.990735753563136,0.0,4.990735753563136,1.0,6.709264246436864,0.3,0.0018,0.051800000000000006,0.3720632123218432,0.40144270861994336,0.0,1002996548451.2656
316,25.0,0.0,1001756438591.3806,0.0,9.128417703130929e-07,1.0535014831961797e-06,0.00876469434406366,0.008802355838993043,4.989697742227369,0.0,4.989697742227369,1.0,6.710302257772631,0.3,0.0018,0.051800000000000006,0.3721151128886316,0.4013592134996275,0.0,1001756438591.3806
317,25.0,0.0,1005160724225.1567,0.0,1.0321736391849598e-06,9.86336216235405e-07,0.012477897231466646,0.009578973697513853,4.987164090666221,0.0,4.987164090666221,1.0,6.712835909333779,0.3,0.0018,0.051800000000000006,0.37224179546668895,0.40115541269837685,0.0,1005160724225.1567
318,25.0,0.0,992085004325.6,0.0,9.247713762258603e-07,9.820882947110894e-07,0.010569337212134503,0.014307111812056468,4.930433349656796,0.0,4.930433349656796,1.0,6.769566650343204,0.3,0.0018,0.051800000000000006,0.3750783325171602,0.39659212915514763,0.0,992085004325.6
319,25.0,0.0,990405222564.0828,0.0,9.236970504709603e-07,9.433588291462889e-07,0.007745702434609182,0.009013063353821963,5.004355909023333,0.0,5.004355909023333,1.0,6.695644090976667,0.3,0.0018,0.051800000000000006,0.37138220454883336,0.40253828097034533,0.0,990405222564.0828
320,25.0,0.0,991871327712.176,0.0,9.658149740802539e-07,1.0096795472069436e-06,0.007218233021746778,0.005242293540875849,5.066205035190537,0.0,5.066205035190537,1.0,6.633794964809463,0.3,0.0018,0.051800000000000006,0.36828974824047317,0.4075132750314139,0.0,991871327712.176
321,25.0,0.0,992930936530.2028,0.0,1.0235320480339993e-06,1.02205799034077e-06,0.014866982015185295,0.005884387692746547,5.0711751338813436,0.0,5.0711751338813436,1.0,6.628824866118657,0.3,0.0018,0.051800000000000006,0.36804124330593285,0.4079130577446383,0.0,992930936530.2028
322,25.0,0.0,998401671306.0558,0.0,1.0862486656958925e-06,9.298455456880512e-07,0.014970690110762436,0.008791250610915485,5.0223162355832836,0.0,5.0223162355832836,1.0,6.677683764416717,0.3,0.0018,0.051800000000000006,0.37048418822083584,0.4039829661826966,0.0,998401671306.0558
323,25.0,0.0,1008457287258.5038,0.0,1.0408793757954905e-06,9.298368367772696e-07,0.010333874308310322,0.011735137147252436,4.993437096108153,0.0,4.993437096108153,1.0,6.7065629038918475,0.3,0.0018,0.051800000000000006,0.3719281451945924,0.40165999807819763,0.0,1008457287258.5038
324,25.0,0.0,1007087855819.87,0.0,1.0417724156881625e-06,1.0998780073029055e-06,0.005074829961067666,0.006610456828199399,5.02612164513397,0.0,5.02612164513397,1.0,6.67387835486603,0.3,0.0018,0.051800000000000006,0.3702939177433015,0.40428906411952786,0.0,1007087855819.87
325,25.0,0.0,1003680002071.2211,0.0,9.730369406042134e-07,1.0394564591973279e-06,0.010942944280138204,0.007076371720939197,5.009470331537766,0.0,5.009470331537766,1.0,6.690529668462234,0.3,0.0018,0.051800000000000006,0.3711264834231117,0.4029496727427418,0.0,1003680002071.2211
326,25.0,0.0,999435830147.877,0.0,9.171772418875146e-07,9.489254265518057e-07,0.005111867530868769,0.014866259175249644,4.958372337819311,0.0,4.958372337819311,1.0,6.741627662180689,0.3,0.0018,0.051800000000000006,0.3736813831090345,0.3988394737628146,0.0,999435830147.877
327,25.0,0.0,995672022992.1115,0.0,9.64881132828321e-07,1.0596701625519722e-06,0.01457693408015423,0.013752944836508484,4.948036680042163,0.0,4.948036680042163,1.0,6.751963319957837,0.3,0.0018,0.051800000000000006,0.37419816599789185,0.39800809845898993,0.0,995672022992.1115
328,25.0,0.0,1008267622131.2421,0.0,9.672762176113414e-07,9.314050994668386e-07,0.005118090881790046,0.007479469916608847,5.062103009492197,0.0,5.062103009492197,1.0,6.637896990507803,0.3,0.0018,0.051800000000000006,0.3684948495253902,0.4071833180093466,0.0,1008267622131.2421
329,25.0,0.0,992015230422.4275,0.0,9.514300948061554e-07,1.0085883411544816e-06,0.008204548855634552,0.007834655502433575,5.01107679530369,0.0,5.01107679530369,1.0,6.6889232046963105,0.3,0.0018,0.051800000000000006,0.37104616023481557,0.4030788928011333,0.0,992015230422.4275
330,25.0,0.0,1003016245300.8807,0.0,1.0861188541753808e-06,1.0011449398908249e-06,0.01319527971884342,0.011539054306210633,5.031500141183382,0.0,5.031500141183382,1.0,6.668499858816618,0.3,0.0018,0.051800000000000006,0.37002499294083097,0.40472169732813557,0.0,1003016245300.8807
331,25.0,0.0,1002272108700.9385,0.0,9.199019285730914e-07,1.0212501238900282e-06,0.005663528037705811,0.007412934516895302,4.934106077690287,0.0,4.934106077690287,1.0,6.765893922309713,0.3,0.0018,0.051800000000000006,0.3748946961154857,0.396887554511767,0.0,1002272108700.9385
332,25.0,0.0,1002208146388.6694,0.0,1.0643761441543726e-06,9.619087016275254e-07,0.01048954532694496,0.010630107600863588,4.995933077323125,0.0,4.995933077323125,1.0,6.704066922676875,0.3,0.0018,0.051800000000000006,0.3718033461338438,0.4018607687679476,0.0,1002208146388.6694
333,25.0,0.0,1009584864791.7358,0.0,1.0658442282406238e-06,1.0188191973902376e-06,0.007448547471937159,0.012456750006602997,4.937672134351561,0.0,4.937672134351561,1.0,6.762327865648439,0.3,0.0018,0.051800000000000006,0.37471639328242196,0.3971743994813032,0.0,1009584864791.7358
334,25.0,0.0,992215006367.928,0.0,1.0501672666872925e-06,9.585871813007674e-07,0.013893018507672134,0.012620730210301759,5.029728536707657,0.0,5.029728536707657,1.0,6.670271463292343,0.3,0.0018,0.051800000000000006,0.3701135731646172,0.4045791937506159,0.0,992215006367.928
335,25.0,0.0,1008962953690.2966,0.0,9.652325284007132e-07,9.469344530923188e-07,0.008932501344006666,0.012423326548539462,4.996136387213808,0.0,4.996136387213808,1.0,6.703863612786193,0.3,0.0018,0.051800000000000006,0.37179318063930966,0.40187712252363317,0.0,1008962953690.2966
336,25.0,0.0,992825785341.7421,0.0,1.0719360602483975e-06,1.020483392430682e-06,0.008779886731972338,0.012899059817355875,4.934668614868237,0.0,4.934668614868237,1.0,6.765331385131764,0.3,0.0018,0.051800000000000006,0.3748665692565882,0.39693280364126743,0.0,992825785341.7421
337,25.0,0.0,1009707291243.3645,0.0,1.0235571872777108e-06,9.009969930588946e-07,0.006843100020898574,0.01135541292973078,4.98195789897225,0.0,4.98195789897225,1.0,6.71804210102775,0.3,0.0018,0.051800000000000006,0.37250210505138753,0.40073663923521957,0.0,1009707291243.3645
338,25.0,0.0,998947681456.0824,0.0,1.0950808647652444e-06,9.92196164940294e-07,0.011425258878885333,0.01418664615061295,4.962301199305426,0.0,4.962301199305426,1.0,6.737698800694575,0.3,0.0018,0.051800000000000006,0.37348494003472876,0.399155501874632,0.0,998947681456.0824
339,25.0,0.0,1002968963411.7529,0.0,1.0229212438504853e-06,9.991069608305085e-07,0.011173470999256859,0.006516637087794446,4.957335606549533,0.0,4.957335606549533,1.0,6.742664393450467,0.3,0.0018,0.051800000000000006,0.3737332196725234,0.39875608160790965,0.0,1002968963411.7529
340,25.0,0.0,998838021474.9014,0.0,1.076561866428916e-06,9.747843680586448e-07,0.009460317192298912,0.009097010765489945,4.952291443291513,0.0,4.952291443291513,1.0,6.747708556708488,0.3,0.0018,0.051800000000000006,0.3739854278354244,0.39835034132010233,0.0,998838021474.9014
341,25.0,0.0,990325142197.8544,0.0,1.0631527223190829e-06,1.0447118708183607e-06,0.013690918705185288,0.014068072536055503,4.975623455957666,0.0,4.975623455957666,1.0,6.724376544042334,0.3,0.0018,0.051800000000000006,0.37281882720211673,0.4002271119657067,0.0,990325142197.8544
342,25.0,0.0,995345993376.2119,0.0,9.227814509638044e-07,1.0318628391832905e-06,0.012809189910307796,0.012609529795170037,4.972441306577746,0.0,4.972441306577746,1.0,6.727558693422254,0.3,0.0018,0.051800000000000006,0.37297793467111273,0.399971147568995,0.0,995345993376.2119
343,25.0,0.0,1000936269204.8102,0.0,1.074964630854811e-06,1.0832116662603655e-06,0.013502623851359793,0.014645812044363112,4.994824999575359,0.0,4.994824999575359,1.0,6.705175000424641,0.3,0.0018,0.051800000000000006,0.3718587500212321,0.4017716376749806,0.0,1000936269204.8102
344,25.0,0.0,997805522835.4469,0.0,9.339881182722135e-07,1.0906407549017297e-06,0.006954195884106224,0.01459379272315231,5.039125826048181,0.0,5.039125826048181,1.0,6.660874173951819,0.3,0.0018,0.051800000000000006,0.36964370869759094,0.4053350889678396,0.0,997805522835.4469
345,25.0,0.0,996629486473.1825,0.0,9.37338423656253e-07,1.087541086507196e-06,0.008017933399605935,0.007551865122935422,5.031674419729124,0.0,5.031674419729124,1.0,6.668325580270876,0.3,0.0018,0.051800000000000006,0.37001627901354384,0.40473571587267726,0.0,996629486473.1825
346,25.0,0.0,1002648924693.8157,0.0,1.034665661480391e-06,9.541221390390387e-07,0.007728359766764573,0.006621799349437846,4.974856570255425,0.0,4.974856570255425,1.0,6.725143429744575,0.3,0.0018,0.051800000000000006,0.3728571714872288,0.4001654255353463,0.0,1002648924693.8157
347,25.0,0.0,993808390093.327,0.0,1.0083477143326457e-06,9.25775480934095e-07,0.011888970079888352,0.014439471258625963,4.989019343249657,0.0,4.989019343249657,1.0,6.710980656750343,0.3,0.0018,0.051800000000000006,0.37214903283751716,0.401304644727289,0.0,993808390093.327
348,25.0,0.0,990859152547.513,0.0,1.0522043145962994e-06,1.0686116481931503e-06,0.005568176783999814,0.012769070549568304,4.981480809919487,0.0,4.981480809919487,1.0,6.718519190080513,0.3,0.0018,0.051800000000000006,0.37252595950402567,0.4006982633461621,0.0,990859152547.513
349,25.0,0.0,1009920315102.0505,0.0,1.0654016029215999e-06,1.0278988870981055e-06,0.01235080444261867,0.012117171199217965,5.053765172760977,0.0,5.053765172760977,1.0,6.646234827239023,0.3,0.0018,0.051800000000000006,0.36891174136195115,0.40651264259660375,0.0,1009920315102.0505
350,25.0,0.0,1001970569780.8654,0.0,9.247574662234275e-07,9.372277508208477e-07,0.008317493124592228,0.005702333708867032,4.933536980319268,0.0,4.933536980319268,1.0,6.7664630196807325,0.3,0.0018,0.051800000000000006,0.37492315098403667,0.39684177769620876,0.0,1001970569780.8654
351,25.0,0.0,1009644613949.4717,0.0,9.285142564654227e-07,1.0429848605792381e-06,0.011008048891270692,0.011906470731051534,4.939428650002171,0.0,4.939428650002171,1.0,6.7605713499978295,0.3,0.0018,0.051800000000000006,0.3746285674998915,0.397315689350239,0.0,1009644613949.4717
352,25.0,0.0,1002082684104.3414,0.0,1.0343969075315882e-06,1.042152307004386e-06,0.01484585041543281,0.01178011554171796,4.931027235894271,0.0,4.931027235894271,1.0,6.76897276410573,0.3,0.0018,0.051800000000000006,0.3750486382052865,0.3966398999271453,0.0,1002082684104.3414
353,25.0,0.0,990087272430.2943,0.0,1.0874030001752529e-06,9.514661374389966e-07,0.009915131730528399,0.006737768877823907,4.933653900749966,0.0,4.933653900749966,1.0,6.766346099250034,0.3,0.0018,0.051800000000000006,0.37491730496250175,0.39685118249275786,0.0,990087272430.2943
354,25.0,0.0,1007281489414.843,0.0,9.576637135620937e-07,9.390058935289654e-07,0.005268557769264279,0.010534313698869835,5.029988325520647,0.0,5.029988325520647,1.0,6.670011674479353,0.3,0.0018,0.051800000000000006,0.37010058372396765,0.40460009053415763,0.0,1007281489414.843
355,25.0,0.0,1001100204918.7981,0.0,9.308607437445368e-07,1.0863589239105967e-06,0.012615077478198967,0.014227390958251672,5.062502042674906,0.0,5.062502042674906,1.0,6.6374979573250945,0.3,0.0018,0.051800000000000006,0.36847489786625476,0.407215415273078,0.0,1001100204918.7981
356,25.0,0.0,998334082061.6493,0.0,9.125142231692319e-07,9.21897465140163e-07,0.005953534531828603,0.008517023908502635,5.030190621066404,0.0,5.030190621066404,1.0,6.669809378933596,0.3,0.0018,0.051800000000000006,0.37009046894667985,0.4046163626983915,0.0,998334082061.6493
357,25.0,0.0,992928723491.1396,0.0,9.709603838275197e-07,9.025986697343592e-07,0.007805886205327493,0.008306005541409778,4.966136830282715,0.0,4.966136830282715,1.0,6.733863169717285,0.3,0.0018,0.051800000000000006,0.37329315848586425,0.3994640307498966,0.0,992928723491.1396
358,25.0,0.0,1003911040608.2528,0.0,1.0615667819412565e-06,1.0354351923326648e-06,0.006948376864813918,0.011480939302815164,4.997526746150552,0.0,4.997526746150552,1.0,6.7024732538494485,0.3,0.0018,0.051800000000000006,0.3717236626924724,0.40198895963244463,0.0,1003911040608.2528
359,25.0,0.0,1000366085516.9033,0.0,9.328506774508533e-07,9.265092628549525e-07,0.014541082790700075,0.0078486469044389,4.9782806485394016,0.0,4.9782806485394016,1.0,6.721719351460599,0.3,0.0018,0.051800000000000006,0.37268596757302996,0.40044085010773817,0.0,1000366085516.9033
360,25.0,0.0,1001259318226.6978,0.0,9.59984981165579e-07,9.229669348863897e-07,0.010562184527241746,0.008455369917900175,5.0452860250236125,0.0,5.0452860250236125,1.0,6.654713974976388,0.3,0.0018,0.051800000000000006,0.3693356987488194,0.40583060046843733,0.0,1001259318226.6978
361,25.0,0.0,1009427180481.7102,0.0,9.541840786772625e-07,9.97795103068855e-07,0.005373102924029276,0.013040011602630675,4.940215257628163,0.0,4.940215257628163,1.0,6.759784742371838,0.3,0.0018,0.051800000000000006,0.3745892371185919,0.3973789621644275,0.0,1009427180481.7102
362,25.0,0.0,990859502512.938,0.0,1.0392232715226026e-06,9.143554186121537e-07,0.009770828662473766,0.008386956334207503,4.959211911193463,0.0,4.959211911193463,1.0,6.7407880888065375,0.3,0.0018,0.051800000000000006,0.3736394044403269,0.3989070070136312,0.0,990859502512.938
363,25.0,0.0,1009030843863.0056,0.0,1.0919362438348255e-06,1.0189525006950208e-06,0.011416604053632571,0.012099263781425819,5.030617833553187,0.0,5.030617833553187,1.0,6.669382166446813,0.3,0.0018,0.051800000000000006,0.3700691083223407,0.4046507266371611,0.0,1009030843863.0056
364,25.0,0.0,1000667171750.2941,0.0,9.210515187566234e-07,1.0329280381852437e-06,0.0053360996918625095,0.007756350510833683,4.939134479666915,0.0,4.939134479666915,1.0,6.760865520333085,0.3,0.0018,0.051800000000000006,0.37464327601665426,0.3972920270002345,0.0,1000667171750.2941
365,25.0,0.0,1002569532604.0984,0.0,9.180343952978982e-07,9.866747832918817e-07,0.008527448718582933,0.012204591528559496,5.011853991229858,0.0,5.011853991229858,1.0,6.6881460087701425,0.3,0.0018,0.051800000000000006,0.37100730043850716,0.4031414085609602,0.0,1002569532604.0984
366,25.0,0.0,1009325937745.2084,0.0,9.993959120920256e-07,9.958445225777955e-07,0.005264791013049635,0.014425092633198064,4.972876095765099,0.0,4.972876095765099,1.0,6.727123904234901,0.3,0.0018,0.051800000000000006,0.37295619521174506,0.40000612095922616,0.0,1009325937745.2084
367,25.0,0.0,1004373793430.0905,0.0,9.123770954051153e-07,9.051003127920395e-07,0.01099618899512869,0.005715645000619518,5.06500825352674,0.0,5.06500825352674,1.0,6.63499174647326,0.3,0.0018,0.051800000000000006,0.368349587323663,0.407417008810066,0.0,1004373793430.0905
368,25.0,0.0,1002332778627.9191,0.0,9.127945084816546e-07,1.047492089038363e-06,0.006017859887490175,0.0058555764101839314,4.971683466380633,0.0,4.971683466380633,1.0,6.728316533619367,0.3,0.0018,0.051800000000000006,0.3730158266809684,0.3999101887371809,0.0,1002332778627.9191
369,25.0,0.0,1004153618201.6016,0.0,1.0208614607597843e-06,1.0693748406227825e-06,0.009065022037671103,0.013487720850604765,5.000970996574757,0.0,5.000970996574757,1.0,6.6990290034252435,0.3,0.0018,0.051800000000000006,0.3715514501712622,0.4022660068029888,0.0,1004153618201.6016
370,25.0,0.0,995499417476.7423,0.0,9.485348085910053e-07,9.733375122514855e-07,0.008513496832892641,0.010246675094435716,5.057469032305389,0.0,5.057469032305389,1.0,6.642530967694611,0.3,0.0018,0.051800000000000006,0.36872654838473057,0.40681057209663685,0.0,995499417476.7423
371,25.0,0.0,996802779073.7695,0.0,9.315203026576956e-07,9.207020536620117e-07,0.010029952532376016,0.011718875857654918,5.044328780163615,0.0,5.044328780163615,1.0,6.655671219836385,0.3,0.0018,0.051800000000000006,0.3693835609918193,0.40575360200801275,0.0,996802779073.7695
372,25.0,0.0,997854201171.2185,0.0,9.232198615803113e-07,9.077445202457992e-07,0.008289436504764927,0.009954913412686821,4.978447622548541,0.0,4.978447622548541,1.0,6.721552377451459,0.3,0.0018,0.051800000000000006,0.372677618872573,0.40045428109302933,0.0,997854201171.2185
373,25.0,0.0,1003558856037.2788,0.0,9.636128294217358e-07,9.692428910722183e-07,0.010851478216413031,0.010964324678908417,4.97220498704557,0.0,4.97220498704557,1.0,6.72779501295443,0.3,0.0018,0.051800000000000006,0.3729897506477215,0.39995213859761664,0.0,1003558856037.2788
374,25.0,0.0,1002948216457.5214,0.0,9.882083759350788e-07,1.0785412157421182e-06,0.005363056761044752,0.013551639464842134,4.949476723559622,0.0,4.949476723559622,1.0,6.750523276440378,0.3,0.0018,0.051800000000000006,0.37412616382201896,0.39812393207525915,0.0,1002948216457.5214
375,25.0,0.0,990202586746.8292,0.0,9.90985045466861e-07,1.0908536553521232e-06,0.007867439009792178,0.013662757734159724,5.063358436099345,0.0,5.063358436099345,1.0,6.636641563900655,0.3,0.0018,0.051800000000000006,0.36843207819503276,0.40728430148804257,0.0,990202586746.8292
376,25.0,0.0,1003704948642.1144,0.0,1.0889059331705252e-06,9.878544123620984e-07,0.00768513647639822,0.0063828700149410715,5.029795035303002,0.0,5.029795035303002,1.0,6.670204964696998,0.3,0.0018,0.051800000000000006,0.3701102482348499,0.404584542736728,0.0,1003704948642.1144
377,25.0,0.0,1004808907095.5625,0.0,9.149563068454699e-07,9.220340090212266e-07,0.011919570984497085,0.011479633758957882,4.935324112297437,0.0,4.935324112297437,1.0,6.7646758877025635,0.3,0.0018,0.051800000000000006,0.3748337943851282,0.3969855302684553,0.0,1004808907095.5625
378,25.0,0.0,1008143947466.7323,0.0,1.0625015538100333e-06,1.0031797792488843e-06,0.007517106417494322,0.010059755039111325,4.940121706670267,0.0,4.940121706670267,1.0,6.7598782933297334,0.3,0.0018,0.051800000000000006,0.37459391466648667,0.39737143715172674,0.0,1008143947466.7323
379,25.0,0.0,1000223459250.0144,0.0,9.59902498054929e-07,9.464160921339575e-07,0.011200315427116704,0.012867867120225085,4.933595443181079,0.0,4.933595443181079,1.0,6.766404556818921,0.3,0.0018,0.051800000000000006,0.3749202278409461,0.3968464803073583,0.0,1000223459250.0144
380,25.0,0.0,996845381485.7605,0.0,9.8052260634069e-07,9.308381764379262e-07,0.010286624185631102,0.005863596745015966,5.056770823309399,0.0,5.056770823309399,1.0,6.6432291766906015,0.3,0.0018,0.051800000000000006,0.3687614588345301,0.4067544098543596,0.0,996845381485.7605
381,25.0,0.0,1001250562415.1196,0.0,1.096921475320186e-06,9.495803379662365e-07,0.005759483659052074,0.010619409236011776,4.9743178396715155,0.0,4.9743178396715155,1.0,6.725682160328485,0.3,0.0018,0.051800000000000006,0.37288410801642424,0.4001220913506689,0.0,1001250562415.1196
382,25.0,0.0,1001924788190.9586,0.0,9.375717096385362e-07,9.080863862786007e-07,0.008643615764756113,0.013789688723864574,4.975500621139606,0.0,4.975500621139606,1.0,6.724499378860394,0.3,0.0018,0.051800000000000006,0.37282496894301975,0.4002172314301484,0.0,1001924788190.9586
383,25.0,0.0,996562016183.804,0.0,1.0383759319333898e-06,1.0118484457401904e-06,0.005009924640506289,0.005350907659228081,5.07362987661591,0.0,5.07362987661591,1.0,6.62637012338409,0.3,0.0018,0.051800000000000006,0.3679185061692045,0.40811051131080356,0.0,996562016183.804
384,25.0,0.0,1008046064098.3606,0.0,1.0583694579582149e-06,9.90229148802231e-07,0.012895582040006556,0.005067157841633851,4.968229895180085,0.0,4.968229895180085,1.0,6.7317701048199154,0.3,0.0018,0.051800000000000006,0.3731885052409958,0.3996323918259399,0.0,1008046064098.3606
385,25.0,0.0,1002394292024.2925,0.0,9.620725182575727e-07,1.0933527927284067e-06,0.009392121792342046,0.00947125550243837,5.007849912536105,0.0,5.007849912536105,1.0,6.6921500874638955,0.3,0.0018,0.051800000000000006,0.3712075043731948,0.4028193301589531,0.0,1002394292024.2925
386,25.0,0.0,998646708455.3512,0.0,1.0818102039596568e-06,1.0864220519630724e-06,0.010642962058293865,0.009421485574644953,5.030786008818776,0.0,5.030786008818776,1.0,6.669213991181224,0.3,0.0018,0.051800000000000006,0.37006069955906123,0.4046642542486145,0.0,998646708455.3512
387,25.0,0.0,1003999620436.4452,0.0,1.0352787553434574e-06,1.0492267111458619e-06,0.007086453325559983,0.009983745470217974,5.013240283190763,0.0,5.013240283190763,1.0,6.686759716809237,0.3,0.0018,0.051800000000000006,0.3709379858404619,0.4032529185320755,0.0,1003999620436.4452
388,25.0,0.0,1002200490168.8982,0.0,1.0632714145151653e-06,1.043411393288109e-06,0.012582995434636368,0.008920424618618562,5.0531303760042485,0.0,5.0531303760042485,1.0,6.646869623995752,0.3,0.0018,0.051800000000000006,0.3689434811997876,0.40646158108142283,0.0,1002200490168.8982
389,25.0,0.0,990012846073.9974,0.0,1.0436351584255874e-06,1.0134218730977586e-06,0.00996558817043616,0.013099364737117081,5.027205907574786,0.0,5.027205907574786,1.0,6.672794092425214,0.3,0.0018,0.051800000000000006,0.3702397046212607,0.4043762795668264,0.0,990012846073.9974
390,25.0,0.0,1004145343883.9069,0.0,1.0942522632537736e-06,1.083781944562018e-06,0.012553715412253075,0.011094293684969673,4.950825599552439,0.0,4.950825599552439,1.0,6.749174400447561,0.3,0.0018,0.051800000000000006,0.3740587200223781,0.3982324323964317,0.0,1004145343883.9069
391,25.0,0.0,1000417143174.1113,0.0,9.219311798383396e-07,9.761880696097268e-07,0.010059644185936571,0.00932325295869108,4.9412879821732325,0.0,4.9412879821732325,1.0,6.758712017826768,0.3,0.0018,0.051800000000000006,0.3745356008913384,0.3974652495313089,0.0,1000417143174.1113
392,25.0,0.0,999687685184.029,0.0,9.0329825179553e-07,9.946950803988654e-07,0.006643787259244437,0.012051259459992218,5.044298519379163,0.0,5.044298519379163,1.0,6.655701480620837,0.3,0.0018,0.051800000000000006,0.36938507403104187,0.40575116790372934,0.0,999687685184.029
393,25.0,0.0,993088892869.7078,0.0,1.0777590988362868e-06,1.0088196182964622e-06,0.013858886951441999,0.007252478041795069,4.9745036514873,0.0,4.9745036514873,1.0,6.7254963485127,0.3,0.0018,0.051800000000000006,0.37287481742563505,0.4001370376035473,0.0,993088892869.7078
394,25.0,0.0,1009952959343.674,0.0,1.0703930071203182e-06,1.0727364078843741e-06,0.010531986315377873,0.008440371682591537,5.0028839156432445,0.0,5.0028839156432445,1.0,6.697116084356756,0.3,0.0018,0.051800000000000006,0.3714558042178378,0.40241987738443086,0.0,1009952959343.674
395,25.0,0.0,999965583174.2065,0.0,1.0245382688712088e-06,1.0028638666229366e-06,0.01211069353977652,0.010039329644302342,5.060675952562917,0.0,5.060675952562917,1.0,6.639324047437083,0.3,0.0018,0.051800000000000006,0.36856620237185417,0.40706852900280865,0.0,999965583174.2065
396,25.0,0.0,1006243811037.0238,0.0,9.965815664742143e-07,1.0674403098675194e-06,0.00806774083577205,0.012619481785641751,4.946067523758353,0.0,4.946067523758353,1.0,6.753932476241647,0.3,0.0018,0.051800000000000006,0.37429662381208234,0.3978497042920168,0.0,1006243811037.0238
397,25.0,0.0,996446394362.8684,0.0,1.0640209489567397e-06,9.513351784284335e-07,0.01245281172154572,0.005737120691116518,5.039860866127259,0.0,5.039860866127259,1.0,6.660139133872741,0.3,0.0018,0.051800000000000006,0.3696069566936371,0.4053942138133252,0.0,996446394362.8684
398,25.0,0.0,1004449556463.3494,0.0,1.0601425947109054e-06,9.78089302079392e-07,0.009842135142800645,0.012793575447858054,4.968889188477369,0.0,4.968889188477369,1.0,6.7311108115226315,0.3,0.0018,0.051800000000000006,0.3731555405761316,0.39968542378357214,0.0,1004449556463.3494
399,25.0,0.0,1006119811647.7108,0.0,9.08879459382118e-07,1.0995350894739644e-06,0.01369457123234689,0.013828475034662037,5.067691992140992,0.0,5.067691992140992,1.0,6.632308007859008,0.3,0.0018,0.051800000000000006,0.3682154003929504,0.4076328822507233,0.0,1006119811647.7108
400,25.0,0.0,992600499900.358,0.0,9.440096640953216e-07,1.087110171347864e-06,0.005040031624427791,0.006431967377431216,4.961971377962514,0.0,4.961971377962514,1.0,6.738028622037486,0.3,0.0018,0.051800000000000006,0.37350143110187434,0.39912897184383156,0.0,992600499900.358
401,25.0,0.0,1003120952101.2235,0.0,1.0230048763806747e-06,1.0780515867292583e-06,0.011025567655257019,0.011945327912863814,4.979825494733204,0.0,4.979825494733204,1.0,6.7201745052667965,0.3,0.0018,0.051800000000000006,0.3726087252633398,0.40056511379771587,0.0,1003120952101.2235
402,25.0,0.0,1009285652974.0822,0.0,9.55502223886803e-07,9.901830534324208e-07,0.013355130374309944,0.011684435707057735,5.0090979261093755,0.0,5.0090979261093755,1.0,6.690902073890625,0.3,0.0018,0.051800000000000006,0.37114510369453124,0.40291971735114024,0.0,1009285652974.0822
403,25.0,0.0,1002854594615.8219,0.0,9.212777366024815e-07,1.09302842341148e-06,0.010988583701003526,0.00915683409146429,5.0133531231365325,0.0,5.0133531231365325,1.0,6.686646876863468,0.3,0.0018,0.051800000000000006,0.3709323438431734,0.4032619951042899,0.0,1002854594615.8219
404,25.0,0.0,994332910711.2867,0.0,1.006875688652722e-06,9.553144027313805e-07,0.005302099482420704,0.013158333553266056,4.951469021220396,0.0,4.951469021220396,1.0,6.748530978779605,0.3,0.0018,0.051800000000000006,0.37402654893898024,0.39828418767860324,0.0,994332910711.2867
405,25.0,0.0,997000864447.4596,0.0,9.494135174561437e-07,1.0718356957393796e-06,0.00797329526106532,0.007101925697510238,4.971387458950423,0.0,4.971387458950423,1.0,6.728612541049577,0.3,0.0018,0.051800000000000006,0.37303062705247886,0.3998863786157033,0.0,997000864447.4596
406,25.0,0.0,991658724457.3634,0.0,9.834105766792296e-07,1.0758933711179753e-06,0.005572907467222859,0.0071267470676003065,5.06125185133124,0.0,5.06125185133124,1.0,6.6387481486687605,0.3,0.0018,0.051800000000000006,0.36853740743343805,0.4071148529063095,0.0,991658724457.3634
407,25.0,0.0,994809471081.9048,0.0,9.42244198887593e-07,9.257177018250406e-07,0.008799983945138914,0.010758216050703501,4.9789899013197205,0.0,4.9789899013197205,1.0,6.72101009868028,0.3,0.0018,0.051800000000000006,0.372650504934014,0.4004979006853057,0.0,994809471081.9048
408,25.0,0.0,996917010555.2158,0.0,1.0756629461787716e-06,9.644068163062104e-07,0.010715158013452762,0.00778162283892268,4.933000196256114,0.0,4.933000196256114,1.0,6.766999803743886,0.3,0.0018,0.051800000000000006,0.3749499901871943,0.39679860008495127,0.0,996917010555.2158
409,25.0,0.0,998514250474.9384,0.0,9.368943168358212e-07,9.189110701326793e-07,0.008480130146710705,0.014522859075503183,5.017270338498263,0.0,5.017270338498263,1.0,6.682729661501737,0.3,0.0018,0.051800000000000006,0.3707364830750869,0.4035770864300404,0.0,998514250474.9384
410,25.0,0.0,1002005465627.8217,0.0,1.0085088142095053e-06,1.0503901016543485e-06,0.009235853482947863,0.007994114948165244,4.93210763507264,0.0,4.93210763507264,1.0,6.76789236492736,0.3,0.0018,0.051800000000000006,0.37499461824636804,0.39672680462296006,0.0,1002005465627.8217
411,25.0,0.0,1007666905414.0593,0.0,1.0148111011563643e-06,1.0368611639359524e-06,0.005608298675013615,0.006531003758033771,4.974691519012935,0.0,4.974691519012935,1.0,6.725308480987065,0.3,0.0018,0.051800000000000006,0.3728654240493533,0.4001521492127521,0.0,1007666905414.0593
412,25.0,0.0,1004683901364.3649,0.0,1.0516744553197086e-06,1.0984494414626498e-06,0.012543610687316496,0.013521791950074503,5.04985495376975,0.0,5.04985495376975,1.0,6.65014504623025,0.3,0.0018,0.051800000000000006,0.36910725231151253,0.4061981140419683,0.0,1004683901364.3649
413,25.0,0.0,1008693664557.3481,0.0,1.0276574047825087e-06,1.0029879443145544e-06,0.013510369871920728,0.009313596028715072,5.04795901567171,0.0,5.04795901567171,1.0,6.65204098432829,0.3,0.0018,0.051800000000000006,0.36920204921641453,0.40604560936870254,0.0,1008693664557.3481
414,25.0,0.0,994978413985.1483,0.0,1.0513838995294972e-06,1.0872556985609331e-06,0.01406902418055531,0.010735258617084482,5.011872977879597,0.0,5.011872977879597,1.0,6.688127022120403,0.3,0.0018,0.051800000000000006,0.37100635110602015,0.4031429358011259,0.0,994978413985.1483
415,25.0,0.0,995100349254.0685,0.0,1.0591590009610625e-06,9.882431009222761e-07,0.00711193720029058,0.006889603842196867,5.053474400135239,0.0,5.053474400135239,1.0,6.646525599864761,0.3,0.0018,0.051800000000000006,0.36892627999323807,0.4064892535501318,0.0,995100349254.0685
416,25.0,0.0,1004340389455.2578,0.0,1.075278950150176e-06,9.61914357205995e-07,0.007002708300901431,0.0058485844355493435,5.0017296704956475,0.0,5.0017296704956475,1.0,6.698270329504353,0.3,0.0018,0.051800000000000006,0.37151351647521763,0.4023270326975264,0.0,1004340389455.2578
417,25.0,0.0,999292051743.8607,0.0,9.523309831265888e-07,9.556293490939942e-07,0.01427847901827814,0.006650786020878123,5.073226463683572,0.0,5.073226463683572,1.0,6.626773536316428,0.3,0.0018,0.051800000000000006,0.36793867681582143,0.40807806175060907,0.0,999292051743.8607
418,25.0,0.0,994973807615.7573,0.0,1.0580059538327833e-06,1.002510582508221e-06,0.008369866188668008,0.011620496046315624,5.019596978892548,0.0,5.019596978892548,1.0,6.680403021107452,0.3,0.0018,0.051800000000000006,0.3706201510553726,0.40376423575390513,0.0,994973807615.7573
419,25.0,0.0,1003613675513.3081,0.0,1.0584850200670357e-06,9.9826070653998e-07,0.012044582880334168,0.005782590076835702,5.0387031624725465,0.0,5.0387031624725465,1.0,6.661296837527454,0.3,0.0018,0.051800000000000006,0.3696648418763727,0.40530109093247635,0.0,1003613675513.3081
420,25.0,0.0,1006722315691.837,0.0,9.452377779604124e-07,1.0049622375218407e-06,0.014278582254629885,0.014602260045229676,4.944182357652847,0.0,4.944182357652847,1.0,6.755817642347153,0.3,0.0018,0.051800000000000006,0.37439088211735766,0.397698066091767,0.0,1006722315691.837
421,25.0,0.0,994431169987.7186,0.0,9.046582120009386e-07,9.307043361862398e-07,0.010623294944177438,0.011530900663041826,5.0223367746643754,0.0,5.0223367746643754,1.0,6.677663225335625,0.3,0.0018,0.051800000000000006,0.37048316126678127,0.403984618296684,0.0,994431169987.7186
422,25.0,0.0,995469814324.8231,0.0,9.413259652104774e-07,9.624775624404074e-07,0.006782068564804655,0.0052014447149660225,4.948617141299779,0.0,4.948617141299779,1.0,6.751382858700222,0.3,0.0018,0.051800000000000006,0.3741691429350111,0.3980547893580903,0.0,995469814324.8231
423,25.0,0.0,1008713672787.9608,0.0,1.0135512233682382e-06,9.275112694986423e-07,0.010640718189251568,0.005615950609141808,4.989632734611628,0.0,4.989632734611628,1.0,6.710367265388372,0.3,0.0018,0.051800000000000006,0.37211836326941866,0.40135398444430725,0.0,1008713672787.9608
424,25.0,0.0,995596518367.8958,0.0,1.068188893459756e-06,1.0537033985197955e-06,0.011277520957908804,0.010383447993330132,4.929662627001204,0.0,4.929662627001204,1.0,6.770337372998796,0.3,0.0018,0.051800000000000006,0.3751168686499398,0.39653013408954346,0.0,995596518367.8958
425,25.0,0.0,995414821013.2777,0.0,1.0871213572939484e-06,1.0248724490234455e-06,0.009759124346575283,0.011209217397084076,4.987061348747848,0.0,4.987061348747848,1.0,6.712938651252152,0.3,0.0018,0.051800000000000006,0.3722469325626076,0.4011471483870534,0.0,995414821013.2777
426,25.0,0.0,998797066011.8329,0.0,9.079883850172938e-07,1.059005481459231e-06,0.007829795408613128,0.011825597934324996,5.021408797202009,0.0,5.021408797202009,1.0,6.678591202797991,0.3,0.0018,0.051800000000000006,0.37052956013989957,0.40390997403491063,0.0,998797066011.8329
427,25.0,0.0,1009182036761.3907,0.0,1.0464638231030704e-06,1.0410898662469156e-06,0.0073626757727833034,0.007833058391868255,4.9886025647235455,0.0,4.9886025647235455,1.0,6.711397435276455,0.3,0.0018,0.051800000000000006,0.37216987176382277,0.40127112007107024,0.0,1009182036761.3907
428,25.0,0.0,997819212278.5662,0.0,9.439780085470123e-07,1.0608583731753375e-06,0.009375363567715046,0.012062441116832467,4.937216372186122,0.0,4.937216372186122,1.0,6.762783627813878,0.3,0.0018,0.051800000000000006,0.3747391813906939,0.39713773907546024,0.0,997819212278.5662
429,25.0,0.0,1003518199836.3113,0.0,1.0898505628211658e-06,9.64824842920284e-07,0.010638058980177268,0.007573875756946147,5.018016894342101,0.0,5.018016894342101,1.0,6.681983105657899,0.3,0.0018,0.051800000000000006,0.370699155282895,0.4036371375757803,0.0,1003518199836.3113
430,25.0,0.0,994073786981.6036,0.0,9.239758267913346e-07,1.0998080035011106e-06,0.009123107268572347,0.005019297078733395,5.067939318593902,0.0,5.067939318593902,1.0,6.632060681406098,0.3,0.0018,0.051800000000000006,0.3682030340703049,0.4076527765921736,0.0,994073786981.6036
431,25.0,0.0,1004349551719.4131,0.0,1.0425772582864202e-06,9.927251509800023e-07,0.014744420389841032,0.005393193830332705,5.073033830380702,0.0,5.073033830380702,1.0,6.6269661696192985,0.3,0.0018,0.051800000000000006,0.36794830848096494,0.4080625667938145,0.0,1004349551719.4131
432,25.0,0.0,995095448481.9507,0.0,1.0326630558745401e-06,1.003171887597224e-06,0.010231679607443794,0.014246191784832173,5.0180121359979895,0.0,5.0180121359979895,1.0,6.681987864002011,0.3,0.0018,0.051800000000000006,0.37069939320010054,0.4036367548260931,0.0,995095448481.9507
433,25.0,0.0,992669916701.837,0.0,9.286700140419077e-07,1.0620582682422709e-06,0.012048734679721188,0.010303450176108519,4.981155175044136,0.0,4.981155175044136,1.0,6.718844824955864,0.3,0.0018,0.051800000000000006,0.3725422412477932,0.40067207006468275,0.0,992669916701.837
434,25.0,0.0,1007624664313.4342,0.0,1.0639770243639402e-06,1.002261190682539e-06,0.009745300891878908,0.013654318556221002,4.9829560904397,0.0,4.9829560904397,1.0,6.7170439095603,0.3,0.0018,0.051800000000000006,0.37245219547801506,0.4008169313416747,0.0,1007624664313.4342
435,25.0,0.0,1000374034565.8923,0.0,1.0320922290620914e-06,9.861004620219142e-07,0.007178372918835993,0.013668420624138759,4.976900130085702,0.0,4.976900130085702,1.0,6.723099869914298,0.3,0.0018,0.051800000000000006,0.37275499349571495,0.40032980454357314,0.0,1000374034565.8923
436,25.0,0.0,1001201149524.7246,0.0,1.0657295695853991e-06,9.27770277350166e-07,0.014099371729174612,0.010314281721720702,5.012916407587155,0.0,5.012916407587155,1.0,6.687083592412845,0.3,0.0018,0.051800000000000006,0.3709541796206423,0.40322686676215846,0.0,1001201149524.7246
437,25.0,0.0,999941813236.132,0.0,9.685376360755662e-07,1.029820319837428e-06,0.009976971294741059,0.005932182126674604,4.935956191214264,0.0,4.935956191214264,1.0,6.764043808785736,0.3,0.0018,0.051800000000000006,0.3748021904392868,0.3970363731671705,0.0,999941813236.132
438,25.0,0.0,1002166015139.4272,0.0,1.0763438846549542e-06,9.419521321226826e-07,0.005911314454263826,0.013757460163596469,4.96929913641151,0.0,4.96929913641151,1.0,6.73070086358849,0.3,0.0018,0.051800000000000006,0.37313504317942453,0.3997183990034998,0.0,1002166015139.4272
439,25.0,0.0,1008887384383.1555,0.0,9.137877903465109e-07,1.0186680250822795e-06,0.014890779350422576,0.014469162284239803,4.940900373877991,0.0,4.940900373877991,1.0,6.759099626122009,0.3,0.0018,0.051800000000000006,0.3745549813061005,0.39743407125788216,0.0,1008887384383.1555
440,25.0,0.0,992594562138.0981,0.0,9.547696728720474e-07,9.689731606250595e-07,0.005903588767014179,0.009979675587786657,4.948725179547808,0.0,4.948725179547808,1.0,6.751274820452192,0.3,0.0018,0.051800000000000006,0.37416374102260963,0.3980634796933565,0.0,992594562138.0981
441,25.0,0.0,1009076997799.0029,0.0,1.0043774307701267e-06,9.393959650637975e-07,0.0057636180347260925,0.0070230861884209815,4.933216116108565,0.0,4.933216116108565,1.0,6.766783883891435,0.3,0.0018,0.051800000000000006,0.3749391941945718,0.39681596815545084,0.0,1009076997799.0029
442,25.0,0.0,1003036310421.1515,0.0,9.882037247808537e-07,1.0162494045706704e-06,0.007342256762110614,0.008720784115160253,4.935775230460041,0.0,4.935775230460041,1.0,6.764224769539959,0.3,0.0018,0.051800000000000006,0.374811238476998,0.3970218171219467,0.0,1003036310421.1515
443,25.0,0.0,1009808843578.5065,0.0,1.0959243362248577e-06,9.846172772600655e-07,0.0058068037841466505,0.008235734372493335,4.960657156305646,0.0,4.960657156305646,1.0,6.739342843694354,0.3,0.0018,0.051800000000000006,0.3735671421847177,0.3990232590335944,0.0,1009808843578.5065
444,25.0,0.0,999063838700.9813,0.0,9.360707443268966e-07,1.0432199941317495e-06,0.008571155958966185,0.013518678557465441,4.961146574039468,0.0,4.961146574039468,1.0,6.738853425960532,0.3,0.0018,0.051800000000000006,0.37354267129802665,0.39906262661192626,0.0,999063838700.9813
445,25.0,0.0,999906012327.7168,0.0,9.323157248743044e-07,1.0224446754084032e-06,0.007637860421757667,0.006723672265642473,5.0644652375202615,0.0,5.0644652375202615,1.0,6.635534762479739,0.3,0.0018,0.051800000000000006,0.36837673812398697,0.40737332991636593,0.0,999906012327.7168
446,25.0,0.0,1000965276836.6653,0.0,9.905543490225635e-07,9.17547556616527e-07,0.012212701459238855,0.007216971483768231,4.954007803973983,0.0,4.954007803973983,1.0,6.745992196026017,0.3,0.0018,0.051800000000000006,0.3738996098013009,0.39848840122055845,0.0,1000965276836.6653
447,25.0,0.0,1005929332965.6709,0.0,1.0303924692066172e-06,1.0325843022064176e-06,0.00980030999426217,0.014051863233669755,5.00163157239055,0.0,5.00163157239055,1.0,6.69836842760945,0.3,0.0018,0.051800000000000006,0.37151842138047253,0.40231914192330676,0.0,1005929332965.6709
448,25.0,0.0,1000922789868.0193,0.0,9.78545082782486e-07,9.62665082218896e-07,0.013468337750111317,0.008788425569731088,5.048233284895834,0.0,5.048233284895834,1.0,6.651766715104166,0.3,0.0018,0.051800000000000006,0.3691883357552083,0.40606767092147955,0.0,1000922789868.0193
449,25.0,0.0,992705638570.2238,0.0,9.961119781597836e-07,9.519596491252613e-07,0.007414896063648068,0.0076507728857497185,4.980008625937695,0.0,4.980008625937695,1.0,6.719991374062305,0.3,0.0018,0.051800000000000006,0.3725995687031153,0.40057984442870775,0.0,992705638570.2238
450,25.0,0.0,1003380748602.4727,0.0,9.897195616034268e-07,1.0656388934075234e-06,0.0134965720244607,0.007930376744328185,5.068013037298015,0.0,5.068013037298015,1.0,6.631986962701985,0.3,0.0018,0.051800000000000006,0.3681993481350993,0.40765870634636536,0.0,1003380748602.4727
451,25.0,0.0,1009336397561.6447,0.0,9.323101452902387e-07,1.017227391034786e-06,0.006187771230955784,0.012891420398689263,4.967197276081082,0.0,4.967197276081082,1.0,6.732802723918918,0.3,0.0018,0.051800000000000006,0.3732401361959459,0.39954933044410246,0.0,1009336397561.6447
452,25.0,0.0,993620197013.4034,0.0,1.0294237576147133e-06,9.839317185619001e-07,0.006748189416247152,0.00529071614168797,4.985989721555295,0.0,4.985989721555295,1.0,6.7140102784447055,0.3,0.0018,0.051800000000000006,0.3723005139222353,0.4010609492885533,0.0,993620197013.4034
453,25.0,0.0,993124824795.2129,0.0,9.738942092362506e-07,9.5484048045868e-07,0.01229271243860389,0.008096520300271843,5.006021292849955,0.0,5.006021292849955,1.0,6.693978707150046,0.3,0.0018,0.051800000000000006,0.3712989353575023,0.40267224041585864,0.0,993124824795.2129
454,25.0,0.0,1002340458203.2112,0.0,9.356268287483473e-07,9.201902398596227e-07,0.0126481294835584,0.013359210809168423,4.952968293979186,0.0,4.952968293979186,1.0,6.747031706020814,0.3,0.0018,0.051800000000000006,0.3739515853010407,0.3984047855517363,0.0,1002340458203.2112
455,25.0,0.0,1001821552339.0767,0.0,1.0373507917082916e-06,1.0810385512426926e-06,0.007950401404965382,0.011587589892067755,5.008958426866654,0.0,5.008958426866654,1.0,6.691041573133346,0.3,0.0018,0.051800000000000006,0.37115207865666733,0.40290849636958287,0.0,1001821552339.0767
456,25.0,0.0,991909668239.1843,0.0,1.0455747426045205e-06,1.0830653055379924e-06,0.010185805923513536,0.008216223382192458,5.049161100479004,0.0,5.049161100479004,1.0,6.650838899520997,0.3,0.0018,0.051800000000000006,0.36914194497604985,0.406142302162082,0.0,991909668239.1843
457,25.0,0.0,1005357147512.6763,0.0,1.0179012660806936e-06,1.0730366909575752e-06,0.008179845046165125,0.009835499824307432,5.067656728125933,0.0,5.067656728125933,1.0,6.632343271874067,0.3,0.0018,0.051800000000000006,0.3682171635937034,0.40763004569867545,0.0,1005357147512.6763
458,25.0,0.0,997704941217.809,0.0,9.305131209367626e-07,1.0037541166432618e-06,0.009792733822962493,0.012984321908001344,5.061292665877252,0.0,5.061292665877252,1.0,6.638707334122748,0.3,0.0018,0.051800000000000006,0.36853536670613746,0.40711813592963736,0.0,997704941217.809
459,25.0,0.0,998548583816.9701,0.0,1.0018600626449644e-06,9.040736947368755e-07,0.010030458048276777,0.013559708001741246,5.031391101671337,0.0,5.031391101671337,1.0,6.668608898328663,0.3,0.0018,0.051800000000000006,0.37003044491643317,0.4047129264536146,0.0,998548583816.9701
460,25.0,0.0,1000579464738.2592,0.0,9.765995884338688e-07,9.948832089785287e-07,0.007552088995990816,0.005312409789906498,5.0285612163168425,0.0,5.0285612163168425,1.0,6.671438783683158,0.3,0.0018,0.051800000000000006,0.3701719391841579,0.4044852973227833,0.0,1000579464738.2592
461,25.0,0.0,994999735080.5702,0.0,9.876053562541463e-07,9.947968946058182e-07,0.01080871348436382,0.005063246472397353,5.061154385530764,0.0,5.061154385530764,1.0,6.638845614469236,0.3,0.0018,0.051800000000000006,0.36854228072346185,0.4071070129931438,0.0,994999735080.5702
462,25.0,0.0,994147457504.7876,0.0,9.560460217594275e-07,1.0720012996125209e-06,0.008963598339624202,0.011387555557684371,4.9623319592221815,0.0,4.9623319592221815,1.0,6.737668040777819,0.3,0.0018,0.051800000000000006,0.37348340203889097,0.3991579761279103,0.0,994147457504.7876
463,25.0,0.0,1000729729791.1658,0.0,1.092402872763772e-06,1.0413678347692058e-06,0.01495669800625395,0.00795060090313972,5.043357991941072,0.0,5.043357991941072,1.0,6.656642008058928,0.3,0.0018,0.051800000000000006,0.36943210040294644,0.4056755141522741,0.0,1000729729791.1658
464,25.0,0.0,1009717064008.8466,0.0,1.0797633784673836e-06,1.0451500469438495e-06,0.006273861217247501,0.011994237103223124,4.997647338302822,0.0,4.997647338302822,1.0,6.702352661697178,0.3,0.0018,0.051800000000000006,0.37171763308485894,0.401998659773393,0.0,1009717064008.8466
465,25.0,0.0,992082693752.1445,0.0,9.13922200359721e-07,9.986489749489234e-07,0.00580771759207353,0.01223678336574694,5.007853787217565,0.0,5.007853787217565,1.0,6.692146212782435,0.3,0.0018,0.051800000000000006,0.37120731063912177,0.40281964182895474,0.0,992082693752.1445
466,25.0,0.0,1000382815683.2228,0.0,1.076922000530056e-06,9.350009924579677e-07,0.00602362251350405,0.007050505985231832,5.045934723308448,0.0,5.045934723308448,1.0,6.6540652766915525,0.3,0.0018,0.051800000000000006,0.3693032638345776,0.4058827801889035,0.0,1000382815683.2228
467,25.0,0.0,1004923626012.3025,0.0,9.380121773216262e-07,9.123247996755223e-07,0.009488063837722174,0.007024853452445461,5.029890621352091,0.0,5.029890621352091,1.0,6.6701093786479095,0.3,0.0018,0.051800000000000006,0.3701054689323955,0.40459223144724027,0.0,1004923626012.3025
468,25.0,0.0,992269698662.0342,0.0,9.371048379263815e-07,1.0357971321829874e-06,0.005711688225478937,0.014758945922813231,5.027679046787872,0.0,5.027679046787872,1.0,6.672320953212128,0.3,0.0018,0.051800000000000006,0.3702160476606064,0.40441433774033725,0.0,992269698662.0342
469,25.0,0.0,996689257844.1044,0.0,9.436822666239092e-07,1.074550051687578e-06,0.011032046600508494,0.006764576530288995,5.008498910103118,0.0,5.008498910103118,1.0,6.6915010898968825,0.3,0.0018,0.051800000000000006,0.37117505449484417,0.40287153395295344,0.0,996689257844.1044
470,25.0,0.0,990655144605.2739,0.0,1.0545994052382855e-06,9.1343255279154e-07,0.006718693642313515,0.008843066591039575,5.05522322397936,0.0,5.05522322397936,1.0,6.64477677602064,0.3,0.0018,0.051800000000000006,0.368838838801032,0.40662992470876447,0.0,990655144605.2739
471,25.0,0.0,1005660256709.1368,0.0,9.952569086167361e-07,1.0017586277546962e-06,0.012180058570877794,0.007633423587356264,5.053173460454829,0.0,5.053173460454829,1.0,6.646826539545171,0.3,0.0018,0.051800000000000006,0.36894132697725857,0.406465046690382,0.0,1005660256709.1368
472,25.0,0.0,1006003998860.7301,0.0,9.299665665384612e-07,9.373509511422806e-07,0.010307564019360695,0.013461815293449877,4.935597607365667,0.0,4.935597607365667,1.0,6.7644023926343335,0.3,0.0018,0.051800000000000006,0.3748201196317167,0.39700752955000534,0.0,1006003998860.7301
473,25.0,0.0,1009123748301.0728,0.0,1.0918341078134098e-06,1.0775362353180004e-06,0.00783135076387511,0.013169480642561467,5.027880095385322,0.0,5.027880095385322,1.0,6.672119904614678,0.3,0.0018,0.051800000000000006,0.3702059952307339,0.4044305096030665,0.0,1009123748301.0728
474,25.0,0.0,1006310055118.5092,0.0,1.051387267188512e-06,1.0996511902430593e-06,0.009785124609413838,0.013069229778199156,5.054371755047522,0.0,5.054371755047522,1.0,6.645628244952478,0.3,0.0018,0.051800000000000006,0.36888141224762394,0.40656143460806965,0.0,1006310055118.5092
475,25.0,0.0,998094968043.7716,0.0,9.57820656238902e-07,1.0400020308134849e-06,0.005073481390642627,0.008553644323202377,5.017327504213723,0.0,5.017327504213723,1.0,6.682672495786277,0.3,0.0018,0.051800000000000006,0.3707336247893139,0.40358168470187605,0.0,998094968043.7716
476,25.0,0.0,993125479542.3416,0.0,9.432778617365949e-07,1.0988557347831683e-06,0.011047487132955908,0.005843448944383113,4.934791585171799,0.0,4.934791585171799,1.0,6.7652084148282015,0.3,0.0018,0.051800000000000006,0.37486042074141007,0.3969426950749516,0.0,993125479542.3416
477,25.0,0.0,1006191584046.5477,0.0,9.889671518563725e-07,1.0178575407329257e-06,0.010330406047863557,0.0118806173310127,4.995767858024454,0.0,4.995767858024454,1.0,6.704232141975546,0.3,0.0018,0.051800000000000006,0.3718116070987773,0.4018474789273209,0.0,1006191584046.5477
478,25.0,0.0,997005956844.9753,0.0,9.251250091103309e-07,1.0107028369973909e-06,0.00844257787144652,0.014399825937049922,5.019116913516108,0.0,5.019116913516108,1.0,6.680883086483893,0.3,0.0018,0.051800000000000006,0.3706441543241947,0.4037256204565723,0.0,997005956844.9753
479,25.0,0.0,995171797420.9819,0.0,9.006122209728186e-07,1.0239354724271435e-06,0.014347571510457787,0.0128785995203387,5.053045128822104,0.0,5.053045128822104,1.0,6.646954871177896,0.3,0.0018,0.051800000000000006,0.3689477435588948,0.406454724004352,0.0,995171797420.9819
480,25.0,0.0,1001016633300.6053,0.0,9.117830678671607e-07,9.403103394348784e-07,0.010509644155135524,0.005588010578234976,5.036217020988157,0.0,5.036217020988157,1.0,6.6637829790118435,0.3,0.0018,0.051800000000000006,0.3697891489505922,0.4051011117268466,0.0,1001016633300.6053
481,25.0,0.0,992035369183.5961,0.0,9.13524001525859e-07,9.948112431855631e-07,0.013402510206278116,0.005703111385644554,4.927734660948348,0.0,4.927734660948348,1.0,6.7722653390516525,0.3,0.0018,0.051800000000000006,0.37521326695258267,0.39637505316508587,0.0,992035369183.5961
482,25.0,0.0,1006231934891.9332,0.0,9.249220508159081e-07,1.0137093710099583e-06,0.0073429560081192365,0.012302137351448738,5.067445308226513,0.0,5.067445308226513,1.0,6.632554691773487,0.3,0.0018,0.051800000000000006,0.36822773458867436,0.40761303959350975,0.0,1006231934891.9332
483,25.0,0.0,1000391721151.4333,0.0,9.365806367973365e-07,9.136695780791255e-07,0.01155953110124686,0.005519525037580559,5.058872212870952,0.0,5.058872212870952,1.0,6.641127787129048,0.3,0.0018,0.051800000000000006,0.36865638935645245,0.4069234405462477,0.0,1000391721151.4333
484,25.0,0.0,996277733126.2648,0.0,1.0483380730090238e-06,9.485557970921641e-07,0.010418488201116669,0.011594672750054779,5.071821298167056,0.0,5.071821298167056,1.0,6.628178701832944,0.3,0.0018,0.051800000000000006,0.3680089350916472,0.4079650336363462,0.0,996277733126.2648
485,25.0,0.0,999506669027.6663,0.0,9.293246285728705e-07,9.863932113962156e-07,0.00784005816335823,0.00618827542262026,5.001806290019518,0.0,5.001806290019518,1.0,6.698193709980482,0.3,0.0018,0.051800000000000006,0.37150968549902413,0.40233319578664073,0.0,999506669027.6663
486,25.0,0.0,993393938644.8373,0.0,9.390483246059341e-07,1.07925702015523e-06,0.0052620935654880885,0.01021997387045736,4.973015714882982,0.0,4.973015714882982,1.0,6.726984285117018,0.3,0.0018,0.051800000000000006,0.3729492142558509,0.40001735158325147,0.0,993393938644.8373
487,25.0,0.0,1006840390726.4852,0.0,9.606497236295691e-07,9.308487244190143e-07,0.01220140447566307,0.010819987254559883,4.955152422301634,0.0,4.955152422301634,1.0,6.7448475776983665,0.3,0.0018,0.051800000000000006,0.37384237888491834,0.3985804715493592,0.0,1006840390726.4852
488,25.0,0.0,1003067903990.1482,0.0,9.878195122604753e-07,9.360684196749884e-07,0.012565158676453409,0.006570113241517918,5.041745389212659,0.0,5.041745389212659,1.0,6.658254610787341,0.3,0.0018,0.051800000000000006,0.36951273053936706,0.40554580029059356,0.0,1003067903990.1482
489,25.0,0.0,990388455761.1748,0.0,9.936675485583628e-07,1.019108875743359e-06,0.0141922209936905,0.008756059721287023,5.056253497816093,0.0,5.056253497816093,1.0,6.643746502183907,0.3,0.0018,0.051800000000000006,0.3687873251091954,0.4067127974433794,0.0,990388455761.1748
490,25.0,0.0,991045640216.4265,0.0,9.301305514865826e-07,9.514040031296916e-07,0.012752332521932147,0.010347167174227099,4.927095907912769,0.0,4.927095907912769,1.0,6.772904092087231,0.3,0.0018,0.051800000000000006,0.37524520460436156,0.3963236734164068,0.0,991045640216.4265
491,25.0,0.0,996099110274.9839,0.0,1.0227187875432222e-06,9.456872943434854e-07,0.010922071496849478,0.008792659505862728,4.953011932650468,0.0,4.953011932650468,1.0,6.746988067349532,0.3,0.0018,0.051800000000000006,0.3739494033674766,0.3984082957408678,0.0,996099110274.9839
492,25.0,0.0,990596642160.2596,0.0,1.080390938036359e-06,1.0662724251766056e-06,0.008720037567196588,0.010758336185818038,5.0101040838521085,0.0,5.0101040838521085,1.0,6.689895916147892,0.3,0.0018,0.051800000000000006,0.37109479580739463,0.4030006502455042,0.0,990596642160.2596
493,25.0,0.0,995927749775.8602,0.0,9.081739979543348e-07,9.629375726578384e-07,0.013779137765880068,0.014119876475714808,4.941445301865283,0.0,4.941445301865283,1.0,6.758554698134717,0.3,0.0018,0.051800000000000006,0.3745277349067359,0.39747790394669263,0.0,995927749775.8602
494,25.0,0.0,999787183932.4678,0.0,9.040517520035491e-07,1.0684484495842322e-06,0.014736640731733384,0.011534048120036423,5.024067835774005,0.0,5.024067835774005,1.0,6.675932164225995,0.3,0.0018,0.051800000000000006,0.37039660821129977,0.4041238606639322,0.0,999787183932.4678
495,25.0,0.0,992979556483.5905,0.0,9.089882807018414e-07,1.0649005135383748e-06,0.009209116994706154,0.009147542241619747,4.974075628771386,0.0,4.974075628771386,1.0,6.725924371228614,0.3,0.0018,0.051800000000000006,0.37289621856143074,0.4001026084919068,0.0,992979556483.5905
496,25.0,0.0,993026156429.5043,0.0,1.0317054965701527e-06,1.0983790637459198e-06,0.007354751704017547,0.014056173970674875,4.966792483881226,0.0,4.966792483881226,1.0,6.7332075161187745,0.3,0.0018,0.051800000000000006,0.37326037580593874,0.399516769938966,0.0,993026156429.5043
497,25.0,0.0,999913079491.5238,0.0,1.0072639554445257e-06,9.475670769763582e-07,0.013284969482679154,0.014701365112382403,4.99387941435381,0.0,4.99387941435381,1.0,6.7061205856461905,0.3,0.0018,0.051800000000000006,0.37190602928230954,0.4016955770876617,0.0,999913079491.5238
498,25.0,0.0,994829781212.4359,0.0,9.560401810619994e-07,1.0551661607030479e-06,0.00612099232426422,0.007883867034141697,5.00504299009098,0.0,5.00504299009098,1.0,6.69495700990902,0.3,0.0018,0.051800000000000006,0.371347850495451,0.40259354810899134,0.0,994829781212.4359
499,25.0,0.0,1009922545152.7721,0.0,9.542776265650075e-07,9.715196420446152e-07,0.00978918407810005,0.009939097431543989,5.053429259472263,0.0,5.053429259472263,1.0,6.646570740527737,0.3,0.0018,0.051800000000000006,0.3689285370263869,0.40648562254442266,0.0,1009922545152.7721
500,25.0,0.0,999100435211.6638,0.0,9.920791174186047e-07,9.261290512051404e-07,0.008974740836906482,0.009116556951297362,4.9531573883674636,0.0,4.9531573883674636,1.0,6.746842611632537,0.3,0.0018,0.051800000000000006,0.37394213058162684,0.3984199958468037,0.0,999100435211.6638
501,25.0,0.0,1001779745811.3723,0.0,1.0754854158432779e-06,9.244029863725676e-07,0.006142630082534601,0.008003196691230157,4.989682245218876,0.0,4.989682245218876,1.0,6.710317754781125,0.3,0.0018,0.051800000000000006,0.37211588773905624,0.40135796695776027,0.0,1001779745811.3723
502,25.0,0.0,994905316862.186,0.0,9.827599619768296e-07,1.0546758576276968e-06,0.013505619435867412,0.012333448483633507,5.008683001774962,0.0,5.008683001774962,1.0,6.691316998225038,0.3,0.0018,0.051800000000000006,0.37116584991125195,0.4028863418416153,0.0,994905316862.186
503,25.0,0.0,994687332649.9012,0.0,1.0541218665276864e-06,9.634241323750277e-07,0.011539731467169313,0.009814804275187983,5.000473827641753,0.0,5.000473827641753,1.0,6.699526172358247,0.3,0.0018,0.051800000000000006,0.3715763086179124,0.40222601573694916,0.0,994687332649.9012
504,25.0,0.0,1007313740707.0905,0.0,9.732211324432899e-07,9.09733490968167e-07,0.0052963188597639115,0.014896584966717436,4.999020726245957,0.0,4.999020726245957,1.0,6.700979273754043,0.3,0.0018,0.051800000000000006,0.37164896368770217,0.40210913177654095,0.0,1007313740707.0905
505,25.0,0.0,1009600252898.8992,0.0,1.0451416791475487e-06,9.567516191611868e-07,0.005704895053569191,0.011832766145179412,4.92524462714448,0.0,4.92524462714448,1.0,6.7747553728555205,0.3,0.0018,0.051800000000000006,0.37533776864277607,0.396174760870695,0.0,1009600252898.8992
506,25.0,0.0,1004922084641.43,0.0,1.0448214477635076e-06,9.048966882935221e-07,0.012037366196437683,0.014901456140557632,4.961393805278844,0.0,4.961393805278844,1.0,6.738606194721156,0.3,0.0018,0.051800000000000006,0.37353030973605783,0.3990825132946303,0.0,1004922084641.43
507,25.0,0.0,993207936101.1216,0.0,1.0510052755001157e-06,9.074321323638713e-07,0.010537620942652261,0.010758772585358827,4.970516434608769,0.0,4.970516434608769,1.0,6.729483565391231,0.3,0.0018,0.051800000000000006,0.3730741782695616,0.3998163155251584,0.0,993207936101.1216
508,25.0,0.0,997283894190.1172,0.0,9.381285513211985e-07,1.064274827265535e-06,0.005790691773679557,0.0098922906718999,4.936299599366856,0.0,4.936299599366856,1.0,6.7637004006331445,0.3,0.0018,0.051800000000000006,0.37478502003165726,0.39706399608806753,0.0,997283894190.1172
509,25.0,0.0,1006997170964.936,0.0,1.0344031444599175e-06,1.0538123827680041e-06,0.010057582783213292,0.014127369011811261,5.021563757329919,0.0,5.021563757329919,1.0,6.678436242670081,0.3,0.0018,0.051800000000000006,0.37052181213350405,0.4039224386526641,0.0,1006997170964.936
510,25.0,0.0,999934755614.3613,0.0,9.405443509125366e-07,9.422679586523957e-07,0.014780427404056374,0.00934610360737206,4.952272317938566,0.0,4.952272317938566,1.0,6.747727682061434,0.3,0.0018,0.051800000000000006,0.3739863841030717,0.39834880292298636,0.0,999934755614.3613
511,25.0,0.0,1002461705149.4044,0.0,1.0973180151844182e-06,1.0303397517822226e-06,0.011999223607977247,0.00821829169696589,5.053573789317312,0.0,5.053573789317312,1.0,6.646426210682688,0.3,0.0018,0.051800000000000006,0.3689213105341344,0.4064972481754595,0.0,1002461705149.4044
512,25.0,0.0,1009465119801.953,0.0,9.607290269076267e-07,1.03503414327621e-06,0.009670183574131994,0.008231282061454709,4.9680161316140445,0.0,4.9680161316140445,1.0,6.731983868385956,0.3,0.0018,0.051800000000000006,0.3731991934192978,0.3996151972019019,0.0,1009465119801.953
513,25.0,0.0,998931933802.3501,0.0,9.430714334958809e-07,1.0877221341546496e-06,0.011385911963305413,0.013996006573833368,4.9413906749049135,0.0,4.9413906749049135,1.0,6.758609325095087,0.3,0.0018,0.051800000000000006,0.37453046625475434,0.39747350988617386,0.0,998931933802.3501
514,25.0,0.0,996618415596.2893,0.0,9.530042611611239e-07,9.545867453499597e-07,0.009471989649235351,0.008259636027793315,4.9656911109061985,0.0,4.9656911109061985,1.0,6.734308889093802,0.3,0.0018,0.051800000000000006,0.3733154444546901,0.39942817816169546,0.0,996618415596.2893
515,25.0,0.0,996807275562.7946,0.0,9.351699498562011e-07,9.441855724425824e-07,0.007006666254129174,0.005009261067314049,4.996065162774736,0.0,4.996065162774736,1.0,6.7039348372252645,0.3,0.0018,0.051800000000000006,0.37179674186126327,0.4018713934020862,0.0,996807275562.7946
516,25.0,0.0,1009896068491.8395,0.0,9.430151616312668e-07,9.620004863827866e-07,0.009637045822685514,0.013444135466592434,5.045396891208964,0.0,5.045396891208964,1.0,6.6546031087910364,0.3,0.0018,0.051800000000000006,0.36933015543955183,0.4058395182761393,0.0,1009896068491.8395
517,25.0,0.0,998334645077.8809,0.0,1.0764169998191005e-06,9.21473169937306e-07,0.010742972879655515,0.006556751971251129,5.027919396500417,0.0,5.027919396500417,1.0,6.672080603499583,0.3,0.0018,0.051800000000000006,0.37020403017497916,0.4044336708896732,0.0,998334645077.8809
518,25.0,0.0,991661655493.8411,0.0,9.81703334027171e-07,1.062179750466792e-06,0.008403444639263877,0.013748972004725891,4.966055061145218,0.0,4.966055061145218,1.0,6.7339449388547825,0.3,0.0018,0.051800000000000006,0.37329724694273914,0.3994574534383219,0.0,991661655493.8411
519,25.0,0.0,990698315836.455,0.0,1.032023526776406e-06,9.284565957113184e-07,0.006113649727865879,0.006323852912543504,4.93663275113922,0.0,4.93663275113922,1.0,6.763367248860781,0.3,0.0018,0.051800000000000006,0.37476836244303907,0.39709079401055497,0.0,990698315836.455
520,25.0,0.0,990931223034.5757,0.0,1.0474303493434397e-06,1.0993818849220082e-06,0.008478706617210681,0.007855089916904163,4.992962318121474,0.0,4.992962318121474,1.0,6.707037681878526,0.3,0.0018,0.051800000000000006,0.3719518840939263,0.40162180808570414,0.0,990931223034.5757
521,25.0,0.0,999432476279.3501,0.0,1.0454031482536743e-06,1.0709053736084393e-06,0.008999512310674907,0.01168585445820984,4.98503180317649,0.0,4.98503180317649,1.0,6.71496819682351,0.3,0.0018,0.051800000000000006,0.3723484098411755,0.40098389665190554,0.0,999432476279.3501
522,25.0,0.0,1005514516280.4456,0.0,9.888732325276465e-07,9.684630012495211e-07,0.008735910064723913,0.006338890693751816,4.969540810672658,0.0,4.969540810672658,1.0,6.730459189327342,0.3,0.0018,0.051800000000000006,0.37312295946636714,0.3997378386963206,0.0,1005514516280.4456
523,25.0,0.0,993347145386.221,0.0,1.0587155498783214e-06,9.491855301178272e-07,0.011118946213420688,0.014011814192486129,5.010039378054432,0.0,5.010039378054432,1.0,6.689960621945568,0.3,0.0018,0.051800000000000006,0.3710980310972784,0.4029954454676989,0.0,993347145386.221
524,25.0,0.0,1001807384143.6813,0.0,9.297239672553807e-07,9.893592689381138e-07,0.010430666949102482,0.007673327144575724,5.016866827300978,0.0,5.016866827300978,1.0,6.683133172699022,0.3,0.0018,0.051800000000000006,0.3707566586349511,0.4035446289656514,0.0,1001807384143.6813
525,25.0,0.0,1006085536655.5515,0.0,1.0210353700006156e-06,9.820059427420623e-07,0.008164601424152467,0.014161316879100268,4.976489257712058,0.0,4.976489257712058,1.0,6.723510742287942,0.3,0.0018,0.051800000000000006,0.37277553711439715,0.4002967549639686,0.0,1006085536655.5515
526,25.0,0.0,1004918887118.7163,0.0,9.099069884133752e-07,9.262409921431551e-07,0.011383399638096627,0.007094328365262602,4.958845697844554,0.0,4.958845697844554,1.0,6.741154302155446,0.3,0.0018,0.051800000000000006,0.37365771510777235,0.398877549697921,0.0,1004918887118.7163
527,25.0,0.0,991431746043.0383,0.0,9.886355974490575e-07,1.0234257155369291e-06,0.013688852333918027,0.006108043950326393,4.954500923943244,0.0,4.954500923943244,1.0,6.745499076056756,0.3,0.0018,0.051800000000000006,0.3738749538028378,0.39852806659775125,0.0,991431746043.0383
528,25.0,0.0,999650749024.9099,0.0,1.0089783307729374e-06,9.83024122122415e-07,0.014894399066997445,0.0056521566989953635,5.064817017255676,0.0,5.064817017255676,1.0,6.6351829827443245,0.3,0.0018,0.051800000000000006,0.36835914913721624,0.40740162622712967,0.0,999650749024.9099
529,25.0,0.0,1008439286684.0642,0.0,9.876814181060297e-07,9.544977184234397e-07,0.011588167668174207,0.010696450909797615,4.957151815542168,0.0,4.957151815542168,1.0,6.7428481844578325,0.3,0.0018,0.051800000000000006,0.37374240922289165,0.398741297903971,0.0,1008439286684.0642
530,25.0,0.0,997946677684.1309,0.0,9.893162300352376e-07,9.012116234260503e-07,0.005749984892990398,0.009306099024808341,4.937287982627799,0.0,4.937287982627799,1.0,6.762712017372201,0.3,0.0018,0.051800000000000006,0.3747356008686101,0.39714349924612286,0.0,997946677684.1309
531,25.0,0.0,996172306852.1884,0.0,1.0832604067829962e-06,1.0170619809171047e-06,0.014669471386349303,0.01368017294432522,4.972834777826073,0.0,4.972834777826073,1.0,6.7271652221739275,0.3,0.0018,0.051800000000000006,0.3729582611086964,0.40000279744418216,0.0,996172306852.1884
532,25.0,0.0,1003691028487.5748,0.0,9.033651878505649e-07,9.54845964478074e-07,0.014553822174042483,0.008158314850884807,4.952218168295216,0.0,4.952218168295216,1.0,6.747781831704784,0.3,0.0018,0.051800000000000006,0.37398909158523924,0.3983444472566937,0.0,1003691028487.5748
533,25.0,0.0,1006852984813.4106,0.0,9.873704015075548e-07,9.417453766873921e-07,0.005460649001021911,0.00962630319482731,5.047216302277729,0.0,5.047216302277729,1.0,6.652783697722271,0.3,0.0018,0.051800000000000006,0.36923918488611357,0.40598586730033215,0.0,1006852984813.4106
534,25.0,0.0,1001894053438.352,0.0,1.0158032219580356e-06,1.0035010488787099e-06,0.011809666001251589,0.010077088435331238,5.066091649725134,0.0,5.066091649725134,1.0,6.633908350274866,0.3,0.0018,0.051800000000000006,0.36829541751374334,0.40750415457892003,0.0,1001894053438.352
535,25.0,0.0,994727470708.1797,0.0,1.0081143703777324e-06,1.0104769578624107e-06,0.01214552098270082,0.007746481426175279,5.024735551856222,0.0,5.024735551856222,1.0,6.675264448143778,0.3,0.0018,0.051800000000000006,0.37036322240718894,0.40417757013000494,0.0,994727470708.1797
536,25.0,0.0,998043381982.9264,0.0,9.827974752510747e-07,1.0573632583414025e-06,0.014089730055498836,0.010936131913179653,4.969905551503145,0.0,4.969905551503145,1.0,6.730094448496855,0.3,0.0018,0.051800000000000006,0.37310472242484277,0.3997671775662118,0.0,998043381982.9264
537,25.0,0.0,996644255575.6133,0.0,9.14739166427668e-07,9.02150743520005e-07,0.0062297077263205256,0.006560083478275097,5.056839354942158,0.0,5.056839354942158,1.0,6.643160645057842,0.3,0.0018,0.051800000000000006,0.3687580322528921,0.40675992237308223,0.0,996644255575.6133
538,25.0,0.0,998581502319.7363,0.0,9.602923335976033e-07,9.27579916482393e-07,0.011559154619738806,0.006366044027796554,5.041313667900901,0.0,5.041313667900901,1.0,6.658686332099099,0.3,0.0018,0.051800000000000006,0.36953431660495495,0.40551107367285244,0.0,998581502319.7363
539,25.0,0.0,1006111722113.9093,0.0,9.173491536576008e-07,1.089914554130732e-06,0.009630468067525808,0.011302354949729882,4.928489066018265,0.0,4.928489066018265,1.0,6.771510933981735,0.3,0.0018,0.051800000000000006,0.37517554669908676,0.3964357356835799,0.0,1006111722113.9093
540,25.0,0.0,1007724366267.7881,0.0,1.055038263971744e-06,1.0324425856517405e-06,0.00615270767805745,0.007933751727919965,4.960679605465793,0.0,4.960679605465793,1.0,6.739320394534207,0.3,0.0018,0.051800000000000006,0.3735660197267104,0.3990250647897195,0.0,1007724366267.7881
541,25.0,0.0,998668395110.1702,0.0,1.039175753645655e-06,1.016894218942298e-06,0.010193139074156919,0.010544195974459783,4.958285096944073,0.0,4.958285096944073,1.0,6.741714903055927,0.3,0.0018,0.051800000000000006,0.37368574515279634,0.3988324563178952,0.0,998668395110.1702
542,25.0,0.0,997269356394.6003,0.0,1.0193674669100893e-06,1.0205328821093014e-06,0.008403006436665283,0.013598500568655341,5.051818684807315,0.0,5.051818684807315,1.0,6.648181315192685,0.3,0.0018,0.051800000000000006,0.36900906575963427,0.40635607181526023,0.0,997269356394.6003
543,25.0,0.0,997876695123.7004,0.0,9.450047259369305e-07,9.561048410828978e-07,0.009421062945557274,0.007687151486806631,5.028799004957977,0.0,5.028799004957977,1.0,6.671200995042023,0.3,0.0018,0.051800000000000006,0.37016004975210115,0.40450442446573176,0.0,997876695123.7004
544,25.0,0.0,1000127481389.7312,0.0,1.0584791293700106e-06,9.997657848853643e-07,0.007884926031419477,0.006798864647025278,5.056757431578035,0.0,5.056757431578035,1.0,6.643242568421965,0.3,0.0018,0.051800000000000006,0.3687621284210983,0.4067533326558908,0.0,1000127481389.7312
545,25.0,0.0,1007588692919.0734,0.0,1.0364978572004136e-06,9.433424624826464e-07,0.00620577441015987,0.009656085100069331,4.983108939464653,0.0,4.983108939464653,1.0,6.716891060535347,0.3,0.0018,0.051800000000000006,0.3724445530267674,0.4008292261474142,0.0,1007588692919.0734
546,25.0,0.0,1006298045181.04,0.0,1.0335847740117072e-06,1.084080094592012e-06,0.00907924594381342,0.008896711859828656,4.949142113537226,0.0,4.949142113537226,1.0,6.750857886462774,0.3,0.0018,0.051800000000000006,0.37414289432313874,0.3980970168546674,0.0,1006298045181.04
547,25.0,0.0,999487642658.2274,0.0,9.432224110164342e-07,9.96992050048723e-07,0.012166653704645286,0.007866920254570753,5.038657478121898,0.0,5.038657478121898,1.0,6.661342521878102,0.3,0.0018,0.051800000000000006,0.3696671260939051,0.40529741619384635,0.0,999487642658.2274
548,25.0,0.0,995018192577.4983,0.0,9.307470558977684e-07,9.727593964329273e-07,0.012243600948428012,0.011316683855799358,4.9531791088006285,0.0,4.9531791088006285,1.0,6.746820891199372,0.3,0.0018,0.051800000000000006,0.3739410445599686,0.39842174298589356,0.0,995018192577.4983
549,25.0,0.0,1001904313770.333,0.0,1.0063009463685498e-06,1.0601343639918841e-06,0.01095180973189102,0.012830883149229925,5.0233391203032935,0.0,5.0233391203032935,1.0,6.676660879696707,0.3,0.0018,0.051800000000000006,0.37043304398483534,0.4040652445546407,0.0,1001904313770.333
550,25.0,0.0,1004836418271.4584,0.0,1.0961280550285177e-06,9.455574381922409e-07,0.007366840035976563,0.01358673120483864,4.961447879294423,0.0,4.961447879294423,1.0,6.738552120705577,0.3,0.0018,0.051800000000000006,0.3735276060352789,0.399086862877608,0.0,1004836418271.4584
551,25.0,0.0,993174971603.8953,0.0,9.972716846533239e-07,9.487393508465454e-07,0.007356579555690336,0.005092389214185127,4.980567438679692,0.0,4.980567438679692,1.0,6.719432561320308,0.3,0.0018,0.051800000000000006,0.3725716280660154,0.40062479397359174,0.0,993174971603.8953
552,25.0,0.0,1002424663564.2733,0.0,9.141600943547317e-07,9.634083125818905e-07,0.013728055319953976,0.010821670682445782,4.986796208601798,0.0,4.986796208601798,1.0,6.713203791398202,0.3,0.0018,0.051800000000000006,0.37226018956991014,0.40112582115522827,0.0,1002424663564.2733
553,25.0,0.0,1006237630014.1586,0.0,1.0821328084500087e-06,9.4478687833846e-07,0.00810740267776457,0.006606227748095368,4.971080170044847,0.0,4.971080170044847,1.0,6.728919829955153,0.3,0.0018,0.051800000000000006,0.3730459914977577,0.39986166103964343,0.0,1006237630014.1586
554,25.0,0.0,993792927630.9625,0.0,9.20619894017062e-07,9.013756022068666e-07,0.01354945128630533,0.012037698077660496,4.9783039805534,0.0,4.9783039805534,1.0,6.7216960194466004,0.3,0.0018,0.051800000000000006,0.37268480097233003,0.400442726878491,0.0,993792927630.9625
555,25.0,0.0,993367792972.9075,0.0,9.706375659441921e-07,1.0230460101070584e-06,0.007181491845610314,0.011629277005606186,5.040029228045422,0.0,5.040029228045422,1.0,6.659970771954578,0.3,0.0018,0.051800000000000006,0.3695985385977289,0.4054077564386601,0.0,993367792972.9075
556,25.0,0.0,998791747506.0267,0.0,1.0301559671148286e-06,1.0403763440829184e-06,0.009028393399933683,0.007349455452530698,5.004766826492691,0.0,5.004766826492691,1.0,6.695233173507309,0.3,0.0018,0.051800000000000006,0.37136165867536547,0.40257133417734003,0.0,998791747506.0267
557,25.0,0.0,993939329119.1896,0.0,1.0013089556646011e-06,9.97341986828699e-07,0.011008493764070294,0.00937444600499917,5.062920996276514,0.0,5.062920996276514,1.0,6.637079003723486,0.3,0.0018,0.051800000000000006,0.36845395018617433,0.40724911488710697,0.0,993939329119.1896
558,25.0,0.0,1002590331428.0687,0.0,1.0218397367431897e-06,9.869768308842912e-07,0.008221060010672625,0.010920028874488702,4.928829775570767,0.0,4.928829775570767,1.0,6.771170224429233,0.3,0.0018,0.051800000000000006,0.37515851122146165,0.39646314153561507,0.0,1002590331428.0687
559,25.0,0.0,990928480895.5525,0.0,1.022997552589929e-06,9.396342459244871e-07,0.013957308382651482,0.00690095771748375,5.057677248105001,0.0,5.057677248105001,1.0,6.642322751894999,0.3,0.0018,0.051800000000000006,0.36871613759474997,0.4068273204717665,0.0,990928480895.5525
560,25.0,0.0,993014883325.5219,0.0,9.79590113254055e-07,9.491569352997847e-07,0.01498891548754423,0.0072965233623958105,5.049595224047429,0.0,5.049595224047429,1.0,6.6504047759525715,0.3,0.0018,0.051800000000000006,0.3691202387976286,0.406177222011537,0.0,993014883325.5219
561,25.0,0.0,994510469165.6617,0.0,1.0117128133535814e-06,9.240571430312186e-07,0.013168200674791013,0.007746855326808298,5.00739048524025,0.0,5.00739048524025,1.0,6.69260951475975,0.3,0.0018,0.051800000000000006,0.37123047573798756,0.40278237493888747,0.0,994510469165.6617
562,25.0,0.0,991109719730.4863,0.0,9.322384485846728e-07,9.604102518831703e-07,0.0064491415685833985,0.014219213207742897,5.001943167576695,0.0,5.001943167576695,1.0,6.698056832423305,0.3,0.0018,0.051800000000000006,0.37150284162116526,0.4023442058861563,0.0,991109719730.4863
563,25.0,0.0,995524922820.6782,0.0,9.588645949669668e-07,9.68729185145953e-07,0.00952750874270857,0.010057336871843556,5.072647101767276,0.0,5.072647101767276,1.0,6.627352898232724,0.3,0.0018,0.051800000000000006,0.3679676449116362,0.4080314592798646,0.0,995524922820.6782
564,25.0,0.0,992990234789.7867,0.0,1.043462143741281e-06,9.348924287521149e-07,0.01081351307550043,0.009167010235680072,4.932736931660671,0.0,4.932736931660671,1.0,6.76726306833933,0.3,0.0018,0.051800000000000006,0.3749631534169665,0.3967774237178789,0.0,992990234789.7867
565,25.0,0.0,1005678530715.0233,0.0,1.087472064315757e-06,9.580940668857795e-07,0.009122306496876967,0.012588642402592862,4.976550097292129,0.0,4.976550097292129,1.0,6.723449902707872,0.3,0.0018,0.051800000000000006,0.3727724951353936,0.40030164875258434,0.0,1005678530715.0233
566,25.0,0.0,1001112290513.807,0.0,1.028692446830722e-06,1.0655848294313144e-06,0.013618250994417429,0.010632561324703095,4.96918341124496,0.0,4.96918341124496,1.0,6.73081658875504,0.3,0.0018,0.051800000000000006,0.373140829437752,0.3997090903511068,0.0,1001112290513.807
567,25.0,0.0,1006509376665.3124,0.0,9.329412280981729e-07,9.57616414587128e-07,0.010099889295118646,0.013366812189776665,4.950762971910263,0.0,4.950762971910263,1.0,6.749237028089738,0.3,0.0018,0.051800000000000006,0.3740618514044869,0.3982273947804265,0.0,1006509376665.3124
568,25.0,0.0,1008720950406.6964,0.0,1.0852783268329116e-06,1.020293507034896e-06,0.012667015874322859,0.005537747095685555,5.000922223346089,0.0,5.000922223346089,1.0,6.699077776653911,0.3,0.0018,0.051800000000000006,0.3715538888326956,0.4022620836024846,0.0,1008720950406.6964
569,25.0,0.0,998633004162.025,0.0,1.010509587954596e-06,9.083723050813675e-07,0.009394817665788924,0.007138181547922309,5.062504261712802,0.0,5.062504261712802,1.0,6.637495738287198,0.3,0.0018,0.051800000000000006,0.3684747869143599,0.4072155937671173,0.0,998633004162.025
570,25.0,0.0,993503707945.0211,0.0,9.955504510705907e-07,1.0749011198226357e-06,0.010000362149376395,0.005553920617152977,4.930982840406972,0.0,4.930982840406972,1.0,6.769017159593028,0.3,0.0018,0.051800000000000006,0.37505085797965143,0.39663632886156464,0.0,993503707945.0211
571,25.0,0.0,1002429611150.7029,0.0,9.637939185165285e-07,1.0858850810092376e-06,0.008311782449621323,0.013349444126529466,5.059385527696382,0.0,5.059385527696382,1.0,6.640614472303618,0.3,0.0018,0.051800000000000006,0.3686307236151809,0.4069647303488081,0.0,1002429611150.7029
572,25.0,0.0,995536065747.8209,0.0,9.175927497048772e-07,9.947868428184787e-07,0.0071733180215834795,0.005627632779306029,4.925558826211643,0.0,4.925558826211643,1.0,6.774441173788357,0.3,0.0018,0.051800000000000006,0.37532205868941787,0.39620003428343326,0.0,995536065747.8209
573,25.0,0.0,999104606953.0232,0.0,1.0982400061552503e-06,1.0879050079959357e-06,0.006256533068374969,0.009151074266684947,5.022327040099042,0.0,5.022327040099042,1.0,6.677672959900958,0.3,0.0018,0.051800000000000006,0.3704836479950479,0.403983835271802,0.0,999104606953.0232
574,25.0,0.0,1004925636254.7069,0.0,9.66362525051541e-07,1.0432866351511811e-06,0.01125682790260375,0.013372102148616546,4.932028553400073,0.0,4.932028553400073,1.0,6.767971446599927,0.3,0.0018,0.051800000000000006,0.3749985723299964,0.39672044348456187,0.0,1004925636254.7069
575,25.0,0.0,993842284484.9843,0.0,1.0008420603357733e-06,1.0056628791136512e-06,0.011578917814059947,0.008849124472010434,4.925481153602777,0.0,4.925481153602777,1.0,6.774518846397223,0.3,0.0018,0.051800000000000006,0.37532594231986116,0.3961937864867099,0.0,993842284484.9843
576,25.0,0.0,1007323408616.3549,0.0,1.0060950246513266e-06,1.0789835764771041e-06,0.0107248957578878,0.011084167465439299,5.027241627250611,0.0,5.027241627250611,1.0,6.6727583727493895,0.3,0.0018,0.051800000000000006,0.3702379186374695,0.40437915277112374,0.0,1007323408616.3549
577,25.0,0.0,1007607097640.2563,0.0,9.886103998716694e-07,9.689009703355094e-07,0.01253309615596317,0.010428742880953145,4.9635956981682545,0.0,4.9635956981682545,1.0,6.736404301831746,0.3,0.0018,0.051800000000000006,0.3734202150915873,0.3992596282310372,0.0,1007607097640.2563
578,25.0,0.0,999183540732.123,0.0,9.039437888022971e-07,9.104177549939379e-07,0.014298845439529657,0.005729613411601358,4.935977103587144,0.0,4.935977103587144,1.0,6.764022896412857,0.3,0.0018,0.051800000000000006,0.37480114482064286,0.39703805530784614,0.0,999183540732.123
579,25.0,0.0,1009253877043.45,0.0,9.809486497342535e-07,9.897463038832518e-07,0.008751136530755701,0.005378661166431283,4.968927025888206,0.0,4.968927025888206,1.0,6.731072974111794,0.3,0.0018,0.051800000000000006,0.3731536487055897,0.3996884673333499,0.0,1009253877043.45
580,25.0,0.0,1001217231458.7278,0.0,9.205862647590527e-07,9.961027429638698e-07,0.009422823651226386,0.006376347851323694,4.925667353721329,0.0,4.925667353721329,1.0,6.774332646278671,0.3,0.0018,0.051800000000000006,0.3753166323139336,0.3962087639737234,0.0,1001217231458.7278
581,25.0,0.0,1006004968872.1774,0.0,9.81188879497594e-07,9.810053453001955e-07,0.012124812837598666,0.01126922015704689,4.952621028004011,0.0,4.952621028004011,1.0,6.747378971995989,0.3,0.0018,0.051800000000000006,0.37396894859979946,0.398376852316925,0.0,1006004968872.1774
582,25.0,0.0,1001296567263.2552,0.0,9.58654698681689e-07,9.61188599286115e-07,0.00761298201024164,0.00960761266291791,5.022959537647961,0.0,5.022959537647961,1.0,6.677040462352039,0.3,0.0018,0.051800000000000006,0.370452023117602,0.40403471184426965,0.0,1001296567263.2552
583,25.0,0.0,992058780940.948,0.0,9.958609365435572e-07,9.124278368267754e-07,0.00758121499649558,0.013040337783841546,5.037758948716032,0.0,5.037758948716032,1.0,6.662241051283968,0.3,0.0018,0.051800000000000006,0.3697120525641984,0.4052251406624865,0.0,992058780940.948
584,25.0,0.0,998458118687.1611,0.0,9.388000088985887e-07,1.0301597923035763e-06,0.01085068756092854,0.0065486441142883585,5.057849438006806,0.0,5.057849438006806,1.0,6.642150561993194,0.3,0.0018,0.051800000000000006,0.36870752809965973,0.40684117101084344,0.0,998458118687.1611
585,25.0,0.0,996557618415.5957,0.0,1.083391317172357e-06,9.980796834519267e-07,0.01456339940073418,0.013752418092119759,5.048784607564884,0.0,5.048784607564884,1.0,6.651215392435116,0.3,0.0018,0.051800000000000006,0.3691607696217558,0.4061120179830184,0.0,996557618415.5957
586,25.0,0.0,1005129378815.1108,0.0,1.0439368003480615e-06,9.355572215161549e-07,0.012313939117749417,0.014575924341941715,4.970399498357215,0.0,4.970399498357215,1.0,6.729600501642786,0.3,0.0018,0.051800000000000006,0.3730800250821393,0.3998069094560179,0.0,1005129378815.1108
587,25.0,0.0,993994469940.4207,0.0,1.0569923826576356e-06,1.0109650800753136e-06,0.008071312936620289,0.011084503697937578,4.974815178176151,0.0,4.974815178176151,1.0,6.7251848218238495,0.3,0.0018,0.051800000000000006,0.3728592410911925,0.40016209605664016,0.0,993994469940.4207
588,25.0,0.0,1003363329537.1833,0.0,1.0166987102939153e-06,1.0982796097771243e-06,0.007414100662908926,0.007622911607188147,4.93888384081075,0.0,4.93888384081075,1.0,6.761116159189251,0.3,0.0018,0.051800000000000006,0.3746558079594626,0.3972718662170809,0.0,1003363329537.1833
589,25.0,0.0,1004519231457.9764,0.0,9.024513603730054e-07,1.0264459074176641e-06,0.014986954925203827,0.007945493537899924,4.952590167870353,0.0,4.952590167870353,1.0,6.747409832129647,0.3,0.0018,0.051800000000000006,0.3739704916064824,0.3983743700024415,0.0,1004519231457.9764
590,25.0,0.0,995018258579.0513,0.0,1.0276413477158725e-06,9.69005597368523e-07,0.008960589447836547,0.00540031262799264,5.06269137524343,0.0,5.06269137524343,1.0,6.63730862475657,0.3,0.0018,0.051800000000000006,0.36846543123782854,0.4072306447267881,0.0,995018258579.0513
591,25.0,0.0,991729683924.9077,0.0,1.072764990052751e-06,9.0823064001048e-07,0.006452724673660355,0.006463898288862073,5.0153412283021686,0.0,5.0153412283021686,1.0,6.684658771697832,0.3,0.0018,0.051800000000000006,0.3708329385848916,0.4034219134734692,0.0,991729683924.9077
592,25.0,0.0,996876128963.877,0.0,1.0485138123511302e-06,9.493512278554419e-07,0.006608263623078861,0.008578100324153563,5.041340508833994,0.0,5.041340508833994,1.0,6.658659491166006,0.3,0.0018,0.051800000000000006,0.3695329745583003,0.4055132326925671,0.0,996876128963.877
593,25.0,0.0,1006588571203.264,0.0,9.67936745093902e-07,9.084678901218352e-07,0.013687457758035333,0.01082429734922178,4.969718343782554,0.0,4.969718343782554,1.0,6.730281656217446,0.3,0.0018,0.051800000000000006,0.3731140828108723,0.3997521190301282,0.0,1006588571203.264
594,25.0,0.0,1004974750390.9812,0.0,9.407561941893459e-07,1.082643211701721e-06,0.012531580190208762,0.011577563235839701,5.0226415885132685,0.0,5.0226415885132685,1.0,6.677358411486732,0.3,0.0018,0.051800000000000006,0.3704679205743366,0.40400913678517286,0.0,1004974750390.9812
595,25.0,0.0,1001912748360.2048,0.0,9.727467959118833e-07,1.0638157682161445e-06,0.011446053398343335,0.005772660302536536,4.946327901952254,0.0,4.946327901952254,1.0,6.753672098047746,0.3,0.0018,0.051800000000000006,0.3742836049023873,0.39787064848393294,0.0,1001912748360.2048
596,25.0,0.0,1009036648973.9493,0.0,1.0568121815281414e-06,1.0656450054628644e-06,0.008156969058381931,0.006453377112271422,5.074553954245876,0.0,5.074553954245876,1.0,6.625446045754124,0.3,0.0018,0.051800000000000006,0.36787230228770623,0.4081848418794945,0.0,1009036648973.9493
597,25.0,0.0,1003004245483.6342,0.0,9.511255487938179e-07,1.0443158488597702e-06,0.007163995632812655,0.013290382557516824,4.957867501112695,0.0,4.957867501112695,1.0,6.7421324988873055,0.3,0.0018,0.051800000000000006,0.3737066249443653,0.3987988659196183,0.0,1003004245483.6342
598,25.0,0.0,993778915009.2438,0.0,1.0558207477468735e-06,9.171997943269906e-07,0.006907609524666641,0.00955530906189915,5.064527289311716,0.0,5.064527289311716,1.0,6.635472710688284,0.3,0.0018,0.051800000000000006,0.3683736355344142,0.40737832121233236,0.0,993778915009.2438
599,25.0,0.0,1009567404444.4496,0.0,9.867469947374964e-07,9.823288633775447e-07,0.008121800726067961,0.008256948097375844,5.028175558989425,0.0,5.028175558989425,1.0,6.671824441010576,0.3,0.0018,0.051800000000000006,0.3701912220505288,0.40445427598048783,0.0,1009567404444.4496
600,25.0,0.0,994024089962.5175,0.0,9.293077945120664e-07,1.0105502088144939e-06,0.012293504449521396,0.008546555760563646,4.949512486631039,0.0,4.949512486631039,1.0,6.750487513368961,0.3,0.0018,0.051800000000000006,0.3741243756684481,0.39812680877019296,0.0,994024089962.5175
601,25.0,0.0,995352974701.197,0.0,9.662398813612423e-07,9.377465108685925e-07,0.012273085596274309,0.009685450294752066,4.929691587691221,0.0,4.929691587691221,1.0,6.770308412308779,0.3,0.0018,0.051800000000000006,0.37511542061543895,0.3965324636173762,0.0,995352974701.197
602,25.0,0.0,997068139529.0618,0.0,9.978859798516826e-07,1.0570888044668342e-06,0.005060902796751267,0.014324720513360745,5.021898419030451,0.0,5.021898419030451,1.0,6.678101580969549,0.3,0.0018,0.051800000000000006,0.37050507904847746,0.40394935803011994,0.0,997068139529.0618
603,25.0,0.0,1008556764361.6643,0.0,9.71461796575435e-07,9.885828126227207e-07,0.011580323103841128,0.009269318597663362,5.034750917520168,0.0,5.034750917520168,1.0,6.665249082479832,0.3,0.0018,0.051800000000000006,0.3698624541239916,0.40498318191121047,0.0,1008556764361.6643
604,25.0,0.0,994083772792.8401,0.0,9.311091599874536e-07,9.258328392204795e-07,0.013118761105873927,0.013187018277030144,5.035813912982187,0.0,5.035813912982187,1.0,6.664186087017813,0.3,0.0018,0.051800000000000006,0.3698093043508907,0.4050686866941913,0.0,994083772792.8401
605,25.0,0.0,1006532974779.8058,0.0,1.007479725113868e-06,9.891200059402657e-07,0.005058500226736072,0.010744621935391576,5.037125883164593,0.0,5.037125883164593,1.0,6.6628741168354075,0.3,0.0018,0.051800000000000006,0.3697437058417704,0.40517421840127027,0.0,1006532974779.8058
606,25.0,0.0,1000607990788.3701,0.0,1.029189514183377e-06,9.383845417030688e-07,0.005635333482953364,0.011853152424192421,4.941604232495824,0.0,4.941604232495824,1.0,6.758395767504176,0.3,0.0018,0.051800000000000006,0.37451978837520883,0.39749068794207076,0.0,1000607990788.3701
607,25.0,0.0,991104044664.1614,0.0,1.0592297517295656e-06,9.282786856155532e-07,0.010183806472769688,0.0059662549096894234,5.019885682967898,0.0,5.019885682967898,1.0,6.6801143170321025,0.3,0.0018,0.051800000000000006,0.3706057158516051,0.40378745841118874,0.0,991104044664.1614
608,25.0,0.0,994154614707.3916,0.0,9.25658284875422e-07,9.419192896653553e-07,0.009509496488833705,0.01073096141341516,5.074829486058753,0.0,5.074829486058753,1.0,6.625170513941248,0.3,0.0018,0.051800000000000006,0.3678585256970624,0.4082070049918559,0.0,994154614707.3916
609,25.0,0.0,997007341894.299,0.0,1.0767674472197265e-06,1.0825165095394603e-06,0.013805249763593187,0.006431787504860478,4.986815725277161,0.0,4.986815725277161,1.0,6.713184274722839,0.3,0.0018,0.051800000000000006,0.37225921373614196,0.40112739102937267,0.0,997007341894.299
610,25.0,0.0,1003264760570.211,0.0,9.646838515921616e-07,1.0720859298696968e-06,0.007505090360889951,0.014643240868848627,4.970938934140527,0.0,4.970938934140527,1.0,6.729061065859473,0.3,0.0018,0.051800000000000006,0.37305305329297367,0.399850300365229,0.0,1003264760570.211
611,25.0,0.0,993424098844.8685,0.0,9.225432132655719e-07,1.025209775449082e-06,0.013748990705564946,0.008625188818037356,4.95027390789581,0.0,4.95027390789581,1.0,6.74972609210419,0.3,0.0018,0.051800000000000006,0.37408630460520953,0.3981880556544249,0.0,993424098844.8685
612,25.0,0.0,1001829753481.5919,0.0,1.0074374308654067e-06,9.936170762911187e-07,0.008271122560211614,0.006101605960533232,5.072166790343042,0.0,5.072166790343042,1.0,6.627833209656958,0.3,0.0018,0.051800000000000006,0.3679916604828479,0.4079928241910426,0.0,1001829753481.5919
613,25.0,0.0,992911653842.0447,0.0,9.8873391489654e-07,9.499114364053112e-07,0.009294233830215281,0.01173521851061718,4.9672550797247945,0.0,4.9672550797247945,1.0,6.732744920275206,0.3,0.0018,0.051800000000000006,0.3732372460137603,0.3995539800293432,0.0,992911653842.0447
614,25.0,0.0,993963580616.457,0.0,1.062112122023636e-06,9.686275249686932e-07,0.013414318511438757,0.010188142491537999,4.9770128747391595,0.0,4.9770128747391595,1.0,6.722987125260841,0.3,0.0018,0.051800000000000006,0.37274935626304206,0.40033887345070457,0.0,993963580616.457
615,25.0,0.0,995957496852.862,0.0,9.738780447039594e-07,9.002103945120776e-07,0.014618157414002794,0.010496290760728368,5.014764890249867,0.0,5.014764890249867,1.0,6.685235109750133,0.3,0.0018,0.051800000000000006,0.37086175548750666,0.4033755542350279,0.0,995957496852.862
616,25.0,0.0,995800956895.4719,0.0,1.024333682503057e-06,1.0341842721107922e-06,0.009547927573170498,0.007878614004907825,4.93465234732624,0.0,4.93465234732624,1.0,6.765347652673761,0.3,0.0018,0.051800000000000006,0.3748673826336881,0.3969314951195495,0.0,995800956895.4719
617,25.0,0.0,1003241765365.1403,0.0,9.605509716491304e-07,9.665765250828094e-07,0.011703645038290116,0.006492714342412363,5.064415614001655,0.0,5.064415614001655,1.0,6.635584385998345,0.3,0.0018,0.051800000000000006,0.3683792192999173,0.4073693383205964,0.0,1003241765365.1403
618,25.0,0.0,993493680098.4128,0.0,9.49423857673804e-07,1.0324537607662574e-06,0.006561652235382651,0.006941016923487777,5.0568857328349965,0.0,5.0568857328349965,1.0,6.643114267165004,0.3,0.0018,0.051800000000000006,0.3687557133582502,0.4067636528985679,0.0,993493680098.4128
619,25.0,0.0,1000024663790.5255,0.0,9.65198209083125e-07,9.256324541291421e-07,0.014822308295656377,0.011767386294894131,5.052603594792224,0.0,5.052603594792224,1.0,6.647396405207776,0.3,0.0018,0.051800000000000006,0.3689698202603888,0.40641920807530757,0.0,1000024663790.5255
620,25.0,0.0,997691281342.6184,0.0,1.0433917191788948e-06,1.0433426016354461e-06,0.014505883840490931,0.010686598178483223,4.969193165868151,0.0,4.969193165868151,1.0,6.730806834131849,0.3,0.0018,0.051800000000000006,0.3731403417065925,0.39970987498939436,0.0,997691281342.6184
621,25.0,0.0,998534595991.5382,0.0,1.0169226424431676e-06,9.018871455255301e-07,0.010698398882320083,0.01133603785941861,5.0622891877316105,0.0,5.0622891877316105,1.0,6.63771081226839,0.3,0.0018,0.051800000000000006,0.3684855406134195,0.40719829373645516,0.0,998534595991.5382
622,25.0,0.0,999499949014.2875,0.0,9.134608141337993e-07,1.0794567335066204e-06,0.014104123398316255,0.010480596098426326,5.0084833273581415,0.0,5.0084833273581415,1.0,6.691516672641859,0.3,0.0018,0.051800000000000006,0.37117583363209294,0.402870280514651,0.0,999499949014.2875
623,25.0,0.0,998583035797.5833,0.0,9.094249833191144e-07,1.042177536545898e-06,0.007868938238323138,0.011517053304531078,5.019068896296819,0.0,5.019068896296819,1.0,6.680931103703181,0.3,0.0018,0.051800000000000006,0.3706465551851591,0.4037217580676334,0.0,998583035797.5833
624,25.0,0.0,1006712665181.0665,0.0,9.137476603956823e-07,9.88581766264166e-07,0.00811771458777917,0.011416456789116326,5.017184591194289,0.0,5.017184591194289,1.0,6.682815408805711,0.3,0.0018,0.051800000000000006,0.3707407704402856,0.40357018912437975,0.0,1006712665181.0665
625,25.0,0.0,1004696993079.6987,0.0,9.117951540779922e-07,9.607316834219738e-07,0.009212735605515238,0.006797717077949118,4.988110080674751,0.0,4.988110080674751,1.0,6.711889919325249,0.3,0.0018,0.051800000000000006,0.3721944959662625,0.40123150584578116,0.0,1004696993079.6987
626,25.0,0.0,1003373895256.8684,0.0,1.0422811694959144e-06,9.096217056033335e-07,0.010627030530435028,0.008914486635868402,5.04454570878732,0.0,5.04454570878732,1.0,6.65545429121268,0.3,0.0018,0.051800000000000006,0.36937271456063403,0.40577105122163126,0.0,1003373895256.8684
627,25.0,0.0,1002454280281.7543,0.0,1.0160813672360841e-06,9.162529387895045e-07,0.0093460428411861,0.006827276815381091,5.057507177313728,0.0,5.057507177313728,1.0,6.642492822686272,0.3,0.0018,0.051800000000000006,0.36872464113431364,0.40681364038881335,0.0,1002454280281.7543
628,25.0,0.0,997207637206.6002,0.0,9.405839566123067e-07,1.082374316533404e-06,0.012994657824269524,0.006332611444310309,5.03700873144377,0.0,5.03700873144377,1.0,6.6629912685562305,0.3,0.0018,0.051800000000000006,0.36974956342781157,0.40516479500030317,0.0,997207637206.6002
629,25.0,0.0,1000567346407.5244,0.0,9.41986862618719e-07,1.0392081922848186e-06,0.007571420371411961,0.013918882018418163,5.023575463763626,0.0,5.023575463763626,1.0,6.676424536236374,0.3,0.0018,0.051800000000000006,0.3704212268118187,0.4040842554507421,0.0,1000567346407.5244
630,25.0,0.0,1007376991820.4403,0.0,1.0098281153771159e-06,1.0031780800888668e-06,0.014037907080779705,0.006649154086086136,5.011709114478004,0.0,5.011709114478004,1.0,6.6882908855219965,0.3,0.0018,0.051800000000000006,0.37101454427609987,0.4031297550255794,0.0,1007376991820.4403
631,25.0,0.0,1007351630492.3196,0.0,9.346617519791832e-07,1.0168096710810064e-06,0.009205680100373124,0.005151901046820046,4.935475788874025,0.0,4.935475788874025,1.0,6.764524211125975,0.3,0.0018,0.051800000000000006,0.3748262105562988,0.39699773076528516,0.0,1007351630492.3196
632,25.0,0.0,1007840790320.6749,0.0,9.211130925028247e-07,1.0068837904483692e-06,0.01355605460596945,0.012494776291225895,4.968664724554606,0.0,4.968664724554606,1.0,6.731335275445394,0.3,0.0018,0.051800000000000006,0.3731667637722697,0.3996673684487296,0.0,1007840790320.6749
633,25.0,0.0,1007081774932.6442,0.0,1.0647348979649128e-06,9.194425275569878e-07,0.00563283633402037,0.012586008971462594,5.0054465932887435,0.0,5.0054465932887435,1.0,6.694553406711257,0.3,0.0018,0.051800000000000006,0.37132767033556285,0.4026260129736763,0.0,1007081774932.6442
634,25.0,0.0,1006786071441.3551,0.0,1.0232174483882346e-06,1.0544534806414918e-06,0.010504905797749521,0.014830054990761881,5.027907125697133,0.0,5.027907125697133,1.0,6.672092874302868,0.3,0.0018,0.051800000000000006,0.3702046437151434,0.404432683855947,0.0,1006786071441.3551
635,25.0,0.0,1006524912423.9893,0.0,9.19667853374478e-07,9.200658635690097e-07,0.012633870541432835,0.005643542817165396,4.935284017409727,0.0,4.935284017409727,1.0,6.764715982590273,0.3,0.0018,0.051800000000000006,0.37483579912951365,0.39698230513270005,0.0,1006524912423.9893
636,25.0,0.0,1007631263997.2876,0.0,9.645072843877717e-07,1.0812626380665583e-06,0.007987235249744318,0.007755108394548493,5.057960062878916,0.0,5.057960062878916,1.0,6.642039937121084,0.3,0.0018,0.051800000000000006,0.36870199685605426,0.40685006940789215,0.0,1007631263997.2876
637,25.0,0.0,993118025785.0795,0.0,1.0225484313400655e-06,1.0336070088186855e-06,0.014140605803264514,0.008807529746946286,5.032936249204379,0.0,5.032936249204379,1.0,6.667063750795621,0.3,0.0018,0.051800000000000006,0.36995318753978107,0.4048372143825916,0.0,993118025785.0795
638,25.0,0.0,1007938855836.6661,0.0,9.135279109006128e-07,9.36628069169956e-07,0.01453978182267084,0.014686504733772261,5.070111997054754,0.0,5.070111997054754,1.0,6.629888002945246,0.3,0.0018,0.051800000000000006,0.3680944001472623,0.4078275415906334,0.0,1007938855836.6661
639,25.0,0.0,1005193454079.7599,0.0,9.171817809899916e-07,1.0218977774179038e-06,0.006428696185408574,0.009932093328677932,4.960952855126168,0.0,4.960952855126168,1.0,6.739047144873832,0.3,0.0018,0.051800000000000006,0.3735523572436916,0.3990470443312555,0.0,1005193454079.7599
640,25.0,0.0,1008217858994.5981,0.0,1.08636479635459e-06,9.939979864667105e-07,0.009132924989528043,0.008584072925020956,5.017446064407814,0.0,5.017446064407814,1.0,6.682553935592186,0.3,0.0018,0.051800000000000006,0.3707276967796093,0.40359122139702497,0.0,1008217858994.5981
641,25.0,0.0,1006026346524.3173,0.0,9.485601860490554e-07,1.005404409858475e-06,0.007234446167298388,0.005375558234203412,5.031173795625476,0.0,5.031173795625476,1.0,6.668826204374525,0.3,0.0018,0.051800000000000006,0.37004131021872627,0.404695446881071,0.0,1006026346524.3173
642,25.0,0.0,991752458228.1307,0.0,1.0988697133894064e-06,9.929999651007025e-07,0.01366058715183836,0.007435685558055568,5.035634924183495,0.0,5.035634924183495,1.0,6.664365075816505,0.3,0.0018,0.051800000000000006,0.3698182537908253,0.4050542892682991,0.0,991752458228.1307
643,25.0,0.0,1006235481564.8231,0.0,1.0639979895557545e-06,1.0381409626042602e-06,0.0063245139814420434,0.006141844040645201,5.040788320390196,0.0,5.040788320390196,1.0,6.659211679609804,0.3,0.0018,0.051800000000000006,0.36956058398049024,0.40546881599020235,0.0,1006235481564.8231
644,25.0,0.0,1008145235816.9766,0.0,9.792293490176601e-07,9.827863616352367e-07,0.011052443608175849,0.012602752846863484,5.009652996042369,0.0,5.009652996042369,1.0,6.690347003957632,0.3,0.0018,0.051800000000000006,0.3711173501978816,0.40296436583352385,0.0,1008145235816.9766
645,25.0,0.0,1004105290998.1407,0.0,9.125103572554588e-07,1.0509904264163959e-06,0.010137604509516899,0.005746931200331519,5.026851504225428,0.0,5.026851504225428,1.0,6.673148495774572,0.3,0.0018,0.051800000000000006,0.37025742478872864,0.40434777221890505,0.0,1004105290998.1407
646,25.0,0.0,1005875979552.9952,0.0,9.403814437062873e-07,9.701467903486556e-07,0.009100505132959773,0.011959336024021688,5.051827990681734,0.0,5.051827990681734,1.0,6.648172009318266,0.3,0.0018,0.051800000000000006,0.36900860046591333,0.4063568203572823,0.0,1005875979552.9952
647,25.0,0.0,997324341696.0051,0.0,1.0373448399116102e-06,9.496343756433788e-07,0.010253869328518468,0.012918298431946841,5.025640891238242,0.0,5.025640891238242,1.0,6.674359108761758,0.3,0.0018,0.051800000000000006,0.37031795543808793,0.4042503934393695,0.0,997324341696.0051
648,25.0,0.0,1003067285732.0607,0.0,9.192786974940088e-07,1.0747983178547092e-06,0.010126132480536286,0.009733610131974654,4.95476590049484,0.0,4.95476590049484,1.0,6.7452340995051605,0.3,0.0018,0.051800000000000006,0.37386170497525806,0.39854938067043433,0.0,1003067285732.0607
649,25.0,0.0,995414713656.5885,0.0,9.924550720560563e-07,1.0778395370629335e-06,0.014413439770471607,0.007194734292280909,4.940015814315082,0.0,4.940015814315082,1.0,6.759984185684918,0.3,0.0018,0.051800000000000006,0.37459920928424595,0.3973629194268888,0.0,995414713656.5885
650,25.0,0.0,1007272001397.0831,0.0,9.502527101412932e-07,9.086684554082527e-07,0.013207793770411664,0.010814069762923161,5.002057781175058,0.0,5.002057781175058,1.0,6.6979422188249425,0.3,0.0018,0.051800000000000006,0.37149711094124716,0.4023534251266938,0.0,1007272001397.0831
651,25.0,0.0,1002032767382.7772,0.0,1.029202344794168e-06,1.0468867660357661e-06,0.01173026263711827,0.008321175183122202,5.048939437269132,0.0,5.048939437269132,1.0,6.651060562730868,0.3,0.0018,0.051800000000000006,0.36915302813654344,0.4061244721098079,0.0,1002032767382.7772
652,25.0,0.0,993902884410.7664,0.0,9.578832267112052e-07,9.238865882892474e-07,0.006549689931498922,0.006656171805404006,4.996668636022758,0.0,4.996668636022758,1.0,6.7033313639772425,0.3,0.0018,0.051800000000000006,0.37176656819886217,0.4019199353300159,0.0,993902884410.7664
653,25.0,0.0,1004249932207.2644,0.0,9.62311627678792e-07,9.446997242148215e-07,0.01285206135943191,0.014598138329368768,4.998874977301714,0.0,4.998874977301714,1.0,6.701125022698286,0.3,0.0018,0.051800000000000006,0.37165625113491435,0.4020974080841147,0.0,1004249932207.2644
654,25.0,0.0,993161005822.377,0.0,9.16970797486641e-07,1.0932952481376768e-06,0.01088513776624626,0.010177397870741633,5.0521025933628785,0.0,5.0521025933628785,1.0,6.647897406637122,0.3,0.0018,0.051800000000000006,0.36899487033185613,0.40637890873253524,0.0,993161005822.377
655,25.0,0.0,992332080911.3704,0.0,1.0058352438475723e-06,9.122258804720183e-07,0.013332450388013242,0.0052731411707125165,4.945755603934041,0.0,4.945755603934041,1.0,6.7542443960659595,0.3,0.0018,0.051800000000000006,0.374312219803298,0.39782461421605864,0.0,992332080911.3704
656,25.0,0.0,1007627774087.0967,0.0,1.0247057508740817e-06,9.58447021226403e-07,0.006336805235517336,0.014611723908966825,4.940719653371509,0.0,4.940719653371509,1.0,6.759280346628491,0.3,0.0018,0.051800000000000006,0.3745640173314246,0.3974195345376053,0.0,1007627774087.0967
657,25.0,0.0,995282813271.6292,0.0,1.0595868234357738e-06,1.0554358965662558e-06,0.013688016891935533,0.007929027379123672,4.994862707257261,0.0,4.994862707257261,1.0,6.705137292742739,0.3,0.0018,0.051800000000000006,0.37185686463713696,0.4017746707896767,0.0,995282813271.6292
658,25.0,0.0,996046862242.8457,0.0,9.338600564038901e-07,1.0638799014268658e-06,0.013172722192782777,0.013774529147529555,4.931890549566008,0.0,4.931890549566008,1.0,6.768109450433992,0.3,0.0018,0.051800000000000006,0.37500547252169963,0.39670934279005854,0.0,996046862242.8457
659,25.0,0.0,996188673720.947,0.0,9.535065396733064e-07,1.0105322712207293e-06,0.007398105443037796,0.008937713114004047,5.023340987366482,0.0,5.023340987366482,1.0,6.676659012633518,0.3,0.0018,0.051800000000000006,0.3704329506316759,0.4040653947366861,0.0,996188673720.947
660,25.0,0.0,1001886456895.7465,0.0,1.0632231203082565e-06,9.074549775986077e-07,0.007641916632353021,0.005570589169319612,5.025114346337669,0.0,5.025114346337669,1.0,6.674885653662331,0.3,0.0018,0.051800000000000006,0.3703442826831166,0.4042080394415757,0.0,1001886456895.7465
661,25.0,0.0,996940619186.0718,0.0,9.915922020332361e-07,9.091161307335089e-07,0.009302265263460036,0.011410643631152025,5.006907836911315,0.0,5.006907836911315,1.0,6.693092163088685,0.3,0.0018,0.051800000000000006,0.3712546081544343,0.40274355187510574,0.0,996940619186.0718
662,25.0,0.0,996177255098.3052,0.0,9.31119111416849e-07,9.995119314633119e-07,0.008104016590300685,0.011943830137535506,4.961098021334864,0.0,4.961098021334864,1.0,6.738901978665136,0.3,0.0018,0.051800000000000006,0.3735450989332568,0.39905872114984425,0.0,996177255098.3052
663,25.0,0.0,1002417274151.6884,0.0,9.771112257287498e-07,9.093609883630941e-07,0.010354455210588809,0.014954090615445,5.070348779956538,0.0,5.070348779956538,1.0,6.6296512200434625,0.3,0.0018,0.051800000000000006,0.3680825610021731,0.40784658783434186,0.0,1002417274151.6884
664,25.0,0.0,996899036636.4014,0.0,1.0331829401204988e-06,1.0001737459053538e-06,0.010392305576556772,0.013273926622355083,4.975481551383114,0.0,4.975481551383114,1.0,6.7245184486168865,0.3,0.0018,0.051800000000000006,0.37282592243084434,0.40021569750507674,0.0,996899036636.4014
665,25.0,0.0,990854477931.6086,0.0,1.090006892640827e-06,9.966524964176834e-07,0.006082304368368681,0.011878268293762258,5.069506902457778,0.0,5.069506902457778,1.0,6.630493097542222,0.3,0.0018,0.051800000000000006,0.3681246548771111,0.4077788692453168,0.0,990854477931.6086
666,25.0,0.0,997525614886.9706,0.0,1.06318621243985e-06,1.072247468403691e-06,0.01318843884942441,0.009554763784417376,4.942828698435535,0.0,4.942828698435535,1.0,6.757171301564465,0.3,0.0018,0.051800000000000006,0.3744585650782233,0.39758918101958934,0.0,997525614886.9706
667,25.0,0.0,991219166677.9572,0.0,1.0310746900093257e-06,1.0708294612812787e-06,0.012828355539543035,0.013572405127565482,5.039010315623134,0.0,5.039010315623134,1.0,6.660989684376866,0.3,0.0018,0.051800000000000006,0.3696494842188433,0.40532579758873344,0.0,991219166677.9572
668,25.0,0.0,1002522046236.1842,0.0,9.117334264665082e-07,9.312824304211311e-07,0.013232921614417501,0.012438493931000213,5.067315860780782,0.0,5.067315860780782,1.0,6.632684139219218,0.3,0.0018,0.051800000000000006,0.36823420696096093,0.4076026271541813,0.0,1002522046236.1842
669,25.0,0.0,992658521019.54,0.0,1.067727426957729e-06,1.0742171719719396e-06,0.006516856171164914,0.0061679182777331755,5.063571331937612,0.0,5.063571331937612,1.0,6.636428668062388,0.3,0.0018,0.051800000000000006,0.36842143340311945,0.40730142631415794,0.0,992658521019.54
670,25.0,0.0,999119696989.8812,0.0,9.041268576065094e-07,1.0988180939534233e-06,0.013766572448349609,0.01412337929350637,4.967684460390818,0.0,4.967684460390818,1.0,6.732315539609182,0.3,0.0018,0.051800000000000006,0.3732157769804591,0.3995885183712048,0.0,999119696989.8812
671,25.0,0.0,999066387379.5602,0.0,1.0558506225119666e-06,1.0993334076284035e-06,0.010286908701020893,0.008882586950124512,4.983912783983181,0.0,4.983912783983181,1.0,6.7160872160168195,0.3,0.0018,0.051800000000000006,0.372404360800841,0.40089388545553256,0.0,999066387379.5602
672,25.0,0.0,1000042655772.6926,0.0,1.009006949148622e-06,1.0698131297274814e-06,0.00725242302699612,0.00527664180906312,4.930733816792411,0.0,4.930733816792411,1.0,6.7692661832075895,0.3,0.0018,0.051800000000000006,0.3750633091603795,0.3966162980045375,0.0,1000042655772.6926
673,25.0,0.0,1006163696200.7585,0.0,1.0270226403949944e-06,9.806286504901787e-07,0.006545147081561474,0.009014183394434789,4.9748622700861675,0.0,4.9748622700861675,1.0,6.725137729913833,0.3,0.0018,0.051800000000000006,0.37285688649569165,0.4001658840159401,0.0,1006163696200.7585
674,25.0,0.0,994523917999.0906,0.0,9.272940329085378e-07,1.0837170898138262e-06,0.005503458462364686,0.005128462485558942,4.95244834002903,0.0,4.95244834002903,1.0,6.74755165997097,0.3,0.0018,0.051800000000000006,0.3739775829985485,0.39836296171404684,0.0,994523917999.0906
675,25.0,0.0,1002516865747.5397,0.0,9.13735597109834e-07,1.0712316324984336e-06,0.006918942721254075,0.005330592005451147,5.010905620389979,0.0,5.010905620389979,1.0,6.6890943796100215,0.3,0.0018,0.051800000000000006,0.3710547189805011,0.40306512390524285,0.0,1002516865747.5397
676,25.0,0.0,1006007540629.6505,0.0,9.483016904494286e-07,9.697252846719038e-07,0.012292409788431713,0.005663541447566018,4.942472092389981,0.0,4.942472092389981,1.0,6.757527907610019,0.3,0.0018,0.051800000000000006,0.374476395380501,0.3975604964921156,0.0,1006007540629.6505
677,25.0,0.0,1009449243690.7074,0.0,9.130155254355031e-07,1.0075074869699255e-06,0.011383468117617902,0.0063960278578624906,5.007929296030279,0.0,5.007929296030279,1.0,6.692070703969721,0.3,0.0018,0.051800000000000006,0.3712035351984861,0.4028257155751511,0.0,1009449243690.7074
678,25.0,0.0,1006703229915.6766,0.0,1.0933486381025609e-06,1.0959547748899483e-06,0.006292510889476195,0.008677138048324675,5.015048220506997,0.0,5.015048220506997,1.0,6.684951779493003,0.3,0.0018,0.051800000000000006,0.3708475889746502,0.40339834463537616,0.0,1006703229915.6766
679,25.0,0.0,995223441680.3318,0.0,9.823171645662942e-07,1.0525341717095026e-06,0.008867053635121736,0.006318120704188354,5.054472729524127,0.0,5.054472729524127,1.0,6.645527270475873,0.3,0.0018,0.051800000000000006,0.36887636352379366,0.40656955675065376,0.0,995223441680.3318
680,25.0,0.0,997287688117.9409,0.0,9.683408590581552e-07,9.13262563524195e-07,0.008178400337341487,0.007449808589901623,4.925812969972729,0.0,4.925812969972729,1.0,6.774187030027271,0.3,0.0018,0.051800000000000006,0.3753093515013636,0.3962204769926584,0.0,997287688117.9409
681,25.0,0.0,995749925775.9333,0.0,1.0450231377645954e-06,9.526911253712045e-07,0.008291936710652339,0.007469092381274653,5.068533290047429,0.0,5.068533290047429,1.0,6.631466709952571,0.3,0.0018,0.051800000000000006,0.3681733354976286,0.40770055421874424,0.0,995749925775.9333
682,25.0,0.0,998900705916.6306,0.0,9.313416912571216e-07,9.19175907540217e-07,0.011401712481082495,0.01112082254901896,5.022524433781695,0.0,5.022524433781695,1.0,6.677475566218305,0.3,0.0018,0.051800000000000006,0.37047377831091527,0.40399971314202826,0.0,998900705916.6306
683,25.0,0.0,1008368474672.2384,0.0,1.0609417177162374e-06,1.0441924327653423e-06,0.008584556454325617,0.00783032488062635,4.988377560436852,0.0,4.988377560436852,1.0,6.711622439563148,0.3,0.0018,0.051800000000000006,0.3721811219781574,0.40125302127066054,0.0,1008368474672.2384
684,25.0,0.0,990862819661.9048,0.0,1.0862997878949386e-06,1.0378673721175786e-06,0.010618469470659688,0.008411020394230577,5.010580702202761,0.0,5.010580702202761,1.0,6.689419297797239,0.3,0.0018,0.051800000000000006,0.37107096488986197,0.40303898827242285,0.0,990862819661.9048
685,25.0,0.0,1002049639959.0701,0.0,9.691394061301716e-07,1.0397094227843424e-06,0.01480980941015814,0.009247576935205901,4.98383078060213,0.0,4.98383078060213,1.0,6.71616921939787,0.3,0.0018,0.051800000000000006,0.37240846096989355,0.4008872893019731,0.0,1002049639959.0701
686,25.0,0.0,1009812495467.3699,0.0,9.718368898421183e-07,9.743004747653446e-07,0.009307969247440557,0.005367121875804497,5.004172460303187,0.0,5.004172460303187,1.0,6.695827539696813,0.3,0.0018,0.051800000000000006,0.37139137698484065,0.4025235247991624,0.0,1009812495467.3699
687,25.0,0.0,993968416935.2308,0.0,1.043891721266406e-06,9.525078431297994e-07,0.011228746568569349,0.01110949033121936,5.0509681435784275,0.0,5.0509681435784275,1.0,6.649031856421573,0.3,0.0018,0.051800000000000006,0.36905159282107863,0.40628765633674613,0.0,993968416935.2308
688,25.0,0.0,999719390075.3561,0.0,9.831188395203412e-07,1.0576438083999447e-06,0.006487143939839982,0.009599487369365247,5.073465385007367,0.0,5.073465385007367,1.0,6.626534614992633,0.3,0.0018,0.051800000000000006,0.36792673074963167,0.40809728000381007,0.0,999719390075.3561
689,25.0,0.0,1001175871674.4834,0.0,9.294327765371889e-07,1.0354709258230216e-06,0.008957668099057702,0.007899066282154758,4.929708742987985,0.0,4.929708742987985,1.0,6.7702912570120155,0.3,0.0018,0.051800000000000006,0.3751145628506008,0.3965338435479396,0.0,1001175871674.4834
690,25.0,0.0,1004999662481.6664,0.0,1.0197375621009302e-06,9.495356001380324e-07,0.006553996662320731,0.010333880008349474,5.029342654243122,0.0,5.029342654243122,1.0,6.6706573457568785,0.3,0.0018,0.051800000000000006,0.37013286728784395,0.4045481542988354,0.0,1004999662481.6664
691,25.0,0.0,998893099405.8279,0.0,1.0130098892504262e-06,9.291871373563402e-07,0.0100974917331858,0.006134315113659995,4.997831361328271,0.0,4.997831361328271,1.0,6.702168638671729,0.3,0.0018,0.051800000000000006,0.3717084319335865,0.4020134621403049,0.0,998893099405.8279
692,25.0,0.0,998674987188.8635,0.0,9.979871199912926e-07,1.063699780775375e-06,0.007256523929117152,0.008520827946342588,4.9362634070949785,0.0,4.9362634070949785,1.0,6.763736592905022,0.3,0.0018,0.051800000000000006,0.3747868296452511,0.39706108486928715,0.0,998674987188.8635
693,25.0,0.0,1006763340682.1879,0.0,1.0280145339186157e-06,9.354534155233896e-07,0.005372060382334394,0.012916881451773159,4.950055731116193,0.0,4.950055731116193,1.0,6.749944268883807,0.3,0.0018,0.051800000000000006,0.3740972134441904,0.39817050604216486,0.0,1006763340682.1879
694,25.0,0.0,1009270427281.1836,0.0,9.757274545374586e-07,1.0666479081928103e-06,0.007047199593354124,0.009293923274296819,4.978552594850091,0.0,4.978552594850091,1.0,6.72144740514991,0.3,0.0018,0.051800000000000006,0.3726723702574955,0.40046272481097894,0.0,1009270427281.1836
695,25.0,0.0,1003017718526.4734,0.0,9.964385579316605e-07,9.490656732448113e-07,0.013849156631844817,0.006384027990162019,4.933146541379106,0.0,4.933146541379106,1.0,6.766853458620894,0.3,0.0018,0.051800000000000006,0.3749426729310447,0.3968103717325535,0.0,1003017718526.4734
696,25.0,0.0,1006767297752.0616,0.0,1.0602152265215686e-06,9.074669505688316e-07,0.00528070011913957,0.009613157517310296,4.958193693452098,0.0,4.958193693452098,1.0,6.741806306547902,0.3,0.0018,0.051800000000000006,0.3736903153273951,0.39882510404215715,0.0,1006767297752.0616
697,25.0,0.0,990707790847.2595,0.0,9.420330324984623e-07,1.0312834247321467e-06,0.012499221615007584,0.005593311657249674,5.040463093169636,0.0,5.040463093169636,1.0,6.659536906830364,0.3,0.0018,0.051800000000000006,0.3695768453415182,0.40544265549948816,0.0,990707790847.2595
698,25.0,0.0,991732783845.9064,0.0,1.0121457572651527e-06,1.0009330555694344e-06,0.014685548109027554,0.008345057599406708,5.0586168929715045,0.0,5.0586168929715045,1.0,6.641383107028496,0.3,0.0018,0.051800000000000006,0.3686691553514248,0.40690290323129863,0.0,991732783845.9064
699,25.0,0.0,1008156041055.2491,0.0,9.263353504074315e-07,1.059203278418319e-06,0.013044943549475031,0.011443735281784866,4.966829143735731,0.0,4.966829143735731,1.0,6.73317085626427,0.3,0.0018,0.051800000000000006,0.3732585428132135,0.3995197187689616,0.0,1008156041055.2491
700,25.0,0.0,999991507567.1688,0.0,9.323658689672078e-07,1.0445057644666483e-06,0.0058886716418023975,0.01193097778846711,5.052292324443596,0.0,5.052292324443596,1.0,6.647707675556404,0.3,0.0018,0.051800000000000006,0.36898538377782025,0.40639417024160196,0.0,999991507567.1688
701,25.0,0.0,993135480162.957,0.0,1.090406339710645e-06,9.305387386999554e-07,0.011918594739723322,0.010058310965565257,5.004724899774857,0.0,5.004724899774857,1.0,6.695275100225143,0.3,0.0018,0.051800000000000006,0.3713637550112572,0.40256796169360176,0.0,993135480162.957
702,25.0,0.0,1002006527840.3544,0.0,9.75701319297726e-07,1.0730480700143005e-06,0.006099025116483856,0.010975752609336399,4.952643059335234,0.0,4.952643059335234,1.0,6.747356940664766,0.3,0.0018,0.051800000000000006,0.3739678470332383,0.3983786244639023,0.0,1002006527840.3544
703,25.0,0.0,998060975653.4054,0.0,9.873689398379269e-07,1.0915224651843486e-06,0.010092092897436206,0.009694895316998601,5.036941072025046,0.0,5.036941072025046,1.0,6.663058927974954,0.3,0.0018,0.051800000000000006,0.36975294639874773,0.4051593526403673,0.0,998060975653.4054
704,25.0,0.0,996738954631.4324,0.0,1.0427618428405301e-06,1.0746061827767248e-06,0.014055926492427654,0.013808029380377795,4.992767570365699,0.0,4.992767570365699,1.0,6.707232429634301,0.3,0.0018,0.051800000000000006,0.3719616214817151,0.40160614304743397,0.0,996738954631.4324
705,25.0,0.0,1009094098238.1206,0.0,9.989697123180313e-07,1.0377617149026896e-06,0.012725379124543967,0.014192692613280707,5.039482363095823,0.0,5.039482363095823,1.0,6.660517636904177,0.3,0.0018,0.051800000000000006,0.3696258818452089,0.40536376794528817,0.0,1009094098238.1206
706,25.0,0.0,999997633294.5918,0.0,1.0885529185375628e-06,1.0015931686899925e-06,0.009720563359640083,0.00848196218154863,5.0209110485437405,0.0,5.0209110485437405,1.0,6.67908895145626,0.3,0.0018,0.051800000000000006,0.37055444757281303,0.40386993633717344,0.0,999997633294.5918
707,25.0,0.0,1007384156216.6099,0.0,9.865156859916308e-07,9.411334113327158e-07,0.01053398207617889,0.01202055062428583,5.057174798093891,0.0,5.057174798093891,1.0,6.642825201906109,0.3,0.0018,0.051800000000000006,0.36874126009530545,0.406786904608582,0.0,1007384156216.6099
708,25.0,0.0,1004076354840.4071,0.0,9.408949510027932e-07,9.592175837309196e-07,0.013757257516664421,0.007913901731959504,4.994423170183586,0.0,4.994423170183586,1.0,6.7055768298164145,0.3,0.0018,0.051800000000000006,0.37187884149082073,0.40173931549095765,0.0,1004076354840.4071
709,25.0,0.0,1003171423246.9221,0.0,9.346653592591911e-07,1.0754815655382279e-06,0.007757191836181106,0.006283781640565157,5.071436643551101,0.0,5.071436643551101,1.0,6.6285633564488995,0.3,0.0018,0.051800000000000006,0.368028167822445,0.40793409294973454,0.0,1003171423246.9221
710,25.0,0.0,1002520418002.0358,0.0,9.266698410360987e-07,1.0202242234431751e-06,0.012589852272222354,0.012931983742071565,4.948326890151841,0.0,4.948326890151841,1.0,6.751673109848159,0.3,0.0018,0.051800000000000006,0.374183655492408,0.39803144225803094,0.0,1002520418002.0358
711,25.0,0.0,993221740228.4838,0.0,9.004822794863355e-07,1.0049268312790577e-06,0.006946816968619509,0.01224242575726899,5.069332078342641,0.0,5.069332078342641,1.0,6.630667921657359,0.3,0.0018,0.051800000000000006,0.368133396082868,0.40776480681649296,0.0,993221740228.4838
712,25.0,0.0,994236689229.1703,0.0,1.051710838842917e-06,9.868009353301787e-07,0.01446786861514653,0.010342858821434056,4.948622430346353,0.0,4.948622430346353,1.0,6.7513775696536475,0.3,0.0018,0.051800000000000006,0.3741688784826824,0.39805521479619954,0.0,994236689229.1703
713,25.0,0.0,1007560585453.7314,0.0,9.682477609309408e-07,1.005564064561428e-06,0.011694801882130283,0.01282857716645425,4.937022081480581,0.0,4.937022081480581,1.0,6.762977918519419,0.3,0.0018,0.051800000000000006,0.374748895925971,0.3971221108012051,0.0,1007560585453.7314
714,25.0,0.0,997899926203.4513,0.0,9.272923260427697e-07,9.82230627579921e-07,0.009416227863618305,0.006090899636774867,5.06249899402936,0.0,5.06249899402936,1.0,6.63750100597064,0.3,0.0018,0.051800000000000006,0.36847505029853206,0.40721517004740665,0.0,997899926203.4513
715,25.0,0.0,1000138143669.4441,0.0,1.0708662063289186e-06,1.0150030083137007e-06,0.009948958143935434,0.014108854030955974,5.05069695473511,0.0,5.05069695473511,1.0,6.64930304526489,0.3,0.0018,0.051800000000000006,0.36906515226324454,0.40626584256234793,0.0,1000138143669.4441
716,25.0,0.0,993062462229.3672,0.0,9.937284512682791e-07,1.0367425425913687e-06,0.012606272321111164,0.007953135073447509,4.967697564968422,0.0,4.967697564968422,1.0,6.7323024350315785,0.3,0.0018,0.051800000000000006,0.37321512175157895,0.3995895724717199,0.0,993062462229.3672
717,25.0,0.0,1003345905520.324,0.0,9.94407789210649e-07,1.0447599531197286e-06,0.01010437569070776,0.012128717219670092,4.958745237169358,0.0,4.958745237169358,1.0,6.741254762830642,0.3,0.0018,0.051800000000000006,0.3736627381415321,0.39886946888427915,0.0,1003345905520.324
718,25.0,0.0,995332114140.9835,0.0,1.0710623335748803e-06,9.499045293944878e-07,0.012359797840146763,0.01453966717146887,5.054936287963635,0.0,5.054936287963635,1.0,6.645063712036365,0.3,0.0018,0.051800000000000006,0.3688531856018183,0.4066068442699191,0.0,995332114140.9835
719,25.0,0.0,1009835402685.0541,0.0,9.230055204860733e-07,9.090861509557521e-07,0.012903145097440283,0.00923628325401846,4.962021933594379,0.0,4.962021933594379,1.0,6.7379780664056215,0.3,0.0018,0.051800000000000006,0.3734989033202811,0.39913303841653625,0.0,1009835402685.0541
720,25.0,0.0,999304946712.6766,0.0,1.0469851177555398e-06,1.094802830089085e-06,0.01388503766789843,0.007545472117860091,5.023858884920383,0.0,5.023858884920383,1.0,6.676141115079617,0.3,0.0018,0.051800000000000006,0.37040705575398086,0.4041070531628365,0.0,999304946712.6766
721,25.0,0.0,995220122176.0519,0.0,1.0698307242399132e-06,9.320929325455943e-07,0.01347879342810479,0.0051224566579082245,4.991296570712811,0.0,4.991296570712811,1.0,6.708703429287189,0.3,0.0018,0.051800000000000006,0.37203517146435944,0.40148781939453115,0.0,995220122176.0519
722,25.0,0.0,1001727694926.01,0.0,9.653978228600578e-07,1.015851977433285e-06,0.013774625257433226,0.01272995395101378,4.931109989720825,0.0,4.931109989720825,1.0,6.768890010279176,0.3,0.0018,0.051800000000000006,0.3750445005139588,0.3966465564447253,0.0,1001727694926.01
723,25.0,0.0,1001775169487.4866,0.0,1.0572780461404633e-06,9.296886103697955e-07,0.006793703920627038,0.012521069327383604,4.947425712861744,0.0,4.947425712861744,1.0,6.752574287138256,0.3,0.0018,0.051800000000000006,0.37422871435691285,0.39795895373727025,0.0,1001775169487.4866
724,25.0,0.0,1003024838575.6536,0.0,9.60792051737217e-07,1.0937949806482083e-06,0.009486706201548838,0.0054445747643638055,4.95793773491995,0.0,4.95793773491995,1.0,6.74206226508005,0.3,0.0018,0.051800000000000006,0.3737031132540025,0.39880451535713884,0.0,1003024838575.6536
725,25.0,0.0,996053830949.5383,0.0,1.0025843155110672e-06,9.167210769947954e-07,0.007740675986957218,0.01492383176093939,5.030695777839523,0.0,5.030695777839523,1.0,6.669304222160477,0.3,0.0018,0.051800000000000006,0.3700652111080239,0.40465699628696294,0.0,996053830949.5383
726,25.0,0.0,993432750252.577,0.0,1.0174130826697604e-06,1.0011311779280431e-06,0.012428665843155082,0.013923062282318596,4.962002278614749,0.0,4.962002278614749,1.0,6.737997721385251,0.3,0.0018,0.051800000000000006,0.3734998860692626,0.3991314574175313,0.0,993432750252.577
727,25.0,0.0,995176698363.7024,0.0,9.071059836058045e-07,1.0119018754945922e-06,0.012216215350299665,0.007799776871561432,5.054523787634483,0.0,5.054523787634483,1.0,6.6454762123655176,0.3,0.0018,0.051800000000000006,0.3688738106182759,0.40657366374151244,0.0,995176698363.7024
728,25.0,0.0,991570899276.6492,0.0,9.761969167803815e-07,1.070811102559636e-06,0.006445853651267824,0.013754382397942414,4.959459728991919,0.0,4.959459728991919,1.0,6.740540271008081,0.3,0.0018,0.051800000000000006,0.37362701355040406,0.3989269408777284,0.0,991570899276.6492
729,25.0,0.0,992362524532.2905,0.0,9.876356581504426e-07,1.0380662522712388e-06,0.01075267676664031,0.010017159168522072,5.017486643533528,0.0,5.017486643533528,1.0,6.6825133564664725,0.3,0.0018,0.051800000000000006,0.37072566782332367,0.40359448548371357,0.0,992362524532.2905
730,25.0,0.0,1000649601589.1044,0.0,1.0212788561018043e-06,9.866242414972627e-07,0.011247640101304503,0.009435698001641634,5.038642156680787,0.0,5.038642156680787,1.0,6.661357843319213,0.3,0.0018,0.051800000000000006,0.3696678921659607,0.4052961837741946,0.0,1000649601589.1044
731,25.0,0.0,1006414715728.4996,0.0,1.049866397614148e-06,9.356096590515108e-07,0.009790184573139224,0.007573047649913643,4.925524247166402,0.0,4.925524247166402,1.0,6.774475752833598,0.3,0.0018,0.051800000000000006,0.3753237876416799,0.3961972528287003,0.0,1006414715728.4996
732,25.0,0.0,1000273972369.3986,0.0,1.0385950420398473e-06,9.869602169099854e-07,0.013033495334226992,0.014995181101809491,4.977362391123481,0.0,4.977362391123481,1.0,6.72263760887652,0.3,0.0018,0.051800000000000006,0.372731880443826,0.4003669877029827,0.0,1000273972369.3986
733,25.0,0.0,991866924913.6134,0.0,9.034850105433819e-07,9.228791114802551e-07,0.007716957472726703,0.006598627759094807,5.034823864925109,0.0,5.034823864925109,1.0,6.6651761350748915,0.3,0.0018,0.051800000000000006,0.3698588067537446,0.40498904962396304,0.0,991866924913.6134
734,25.0,0.0,994422290074.2191,0.0,9.020213288862517e-07,1.0430410008644294e-06,0.00756616745938542,0.010094986051377746,4.941742407000823,0.0,4.941742407000823,1.0,6.758257592999177,0.3,0.0018,0.051800000000000006,0.3745128796499589,0.39750180236493105,0.0,994422290074.2191
735,25.0,0.0,998238518532.8375,0.0,9.489773896960814e-07,9.533943570692347e-07,0.013084995158907327,0.007733396571920127,4.925430696664222,0.0,4.925430696664222,1.0,6.774569303335778,0.3,0.0018,0.051800000000000006,0.3753284651667889,0.39618972785265616,0.0,998238518532.8375
736,25.0,0.0,1008195845676.5873,0.0,1.0166028532442485e-06,9.403179021724726e-07,0.011999461854286362,0.011772546436783457,4.9340695360888045,0.0,4.9340695360888045,1.0,6.765930463911196,0.3,0.0018,0.051800000000000006,0.3748965231955598,0.3968846151937584,0.0,1008195845676.5873
737,25.0,0.0,1005849337620.7722,0.0,9.244095599506908e-07,1.040489914637357e-06,0.012938826862551621,0.008860335336192914,4.928553841297447,0.0,4.928553841297447,1.0,6.771446158702553,0.3,0.0018,0.051800000000000006,0.3751723079351277,0.39644094605030944,0.0,1005849337620.7722
738,25.0,0.0,996780638837.9497,0.0,9.199909438422605e-07,9.143991532276926e-07,0.005257037715752743,0.014166398602394555,4.971707411640298,0.0,4.971707411640298,1.0,6.728292588359702,0.3,0.0018,0.051800000000000006,0.37301462941798513,0.3999121148359313,0.0,996780638837.9497
739,25.0,0.0,1003389015871.2389,0.0,1.0041839867034477e-06,9.753834296911104e-07,0.010997796559550852,0.014587913895457043,5.043206605054746,0.0,5.043206605054746,1.0,6.656793394945254,0.3,0.0018,0.051800000000000006,0.3694396697472627,0.40566333695742807,0.0,1003389015871.2389
740,25.0,0.0,1007670630592.4624,0.0,1.0699170513928605e-06,9.510153522684664e-07,0.012156292357759176,0.0130622058077483,4.996549477589521,0.0,4.996549477589521,1.0,6.7034505224104795,0.3,0.0018,0.051800000000000006,0.37177252612052397,0.40191035051395757,0.0,1007670630592.4624
741,25.0,0.0,997350166901.0663,0.0,1.002003236470688e-06,9.870172482207835e-07,0.011830522170387242,0.006371978083726654,4.9903534481071805,0.0,4.9903534481071805,1.0,6.70964655189282,0.3,0.0018,0.051800000000000006,0.372082327594641,0.4014119568940782,0.0,997350166901.0663
742,25.0,0.0,999146766663.0665,0.0,1.0775422174083971e-06,1.018757245386635e-06,0.013244842712393283,0.007226910189592864,4.977921415434179,0.0,4.977921415434179,1.0,6.722078584565821,0.3,0.0018,0.051800000000000006,0.3727039292282911,0.400411954265941,0.0,999146766663.0665
743,25.0,0.0,1001159059653.774,0.0,9.902134782908917e-07,9.117579323134032e-07,0.013923771039565668,0.013181495084153352,4.99343767170918,0.0,4.99343767170918,1.0,6.70656232829082,0.3,0.0018,0.051800000000000006,0.37192811641454104,0.4016600443781515,0.0,1001159059653.774
744,25.0,0.0,992463211717.4578,0.0,1.0113339713109715e-06,9.46820684564979e-07,0.011230055720776896,0.014792302142549747,4.943359270321427,0.0,4.943359270321427,1.0,6.7566407296785735,0.3,0.0018,0.051800000000000006,0.3744320364839287,0.3976318589383387,0.0,992463211717.4578
745,25.0,0.0,993335944276.4761,0.0,1.0211954517096181e-06,9.314689077636991e-07,0.006547238990088764,0.01356348715633756,4.9717081155005065,0.0,4.9717081155005065,1.0,6.728291884499494,0.3,0.0018,0.051800000000000006,0.3730145942249747,0.39991217145274344,0.0,993335944276.4761
746,25.0,0.0,1006783417511.6527,0.0,1.0681152866876556e-06,1.0250429579301332e-06,0.009494571605139938,0.008935665213130746,4.981854464999215,0.0,4.981854464999215,1.0,6.718145535000785,0.3,0.0018,0.051800000000000006,0.37250727675003925,0.40072831925669367,0.0,1006783417511.6527
747,25.0,0.0,998479167420.0634,0.0,9.069143326636462e-07,9.55026151065268e-07,0.012519069747402167,0.010779455714096253,5.0459251245134045,0.0,5.0459251245134045,1.0,6.654074875486596,0.3,0.0018,0.051800000000000006,0.3693037437743298,0.4058820080850551,0.0,998479167420.0634
748,25.0,0.0,1005921341992.0343,0.0,1.0954012736031986e-06,9.029494893802657e-07,0.010968380379296185,0.01292511509316762,4.974784120977636,0.0,4.974784120977636,1.0,6.725215879022365,0.3,0.0018,0.051800000000000006,0.37286079395111826,0.4001595978907364,0.0,1005921341992.0343
749,25.0,0.0,991212299500.15,0.0,9.189724060222377e-07,9.196819188240093e-07,0.011108897773937499,0.010258652309625131,4.993319495025971,0.0,4.993319495025971,1.0,6.706680504974029,0.3,0.0018,0.051800000000000006,0.3719340252487015,0.4016505385316901,0.0,991212299500.15
750,25.0,0.0,995419669628.3146,0.0,1.0819954213034237e-06,9.876673192475164e-07,0.005814839801384664,0.012987287392284878,5.05777556499091,0.0,5.05777556499091,1.0,6.64222443500909,0.3,0.0018,0.051800000000000006,0.3687112217504545,0.4068352288441852,0.0,995419669628.3146
751,25.0,0.0,990879433364.4589,0.0,1.0819738981125e-06,1.035577605104065e-06,0.008172485978947343,0.011428883242899668,5.049810261117204,0.0,5.049810261117204,1.0,6.650189738882796,0.3,0.0018,0.051800000000000006,0.3691094869441398,0.4061945190731342,0.0,990879433364.4589
752,25.0,0.0,997838193533.327,0.0,1.0165977251757109e-06,9.929372835388962e-07,0.014771119204610831,0.010163894235281747,4.982775804337403,0.0,4.982775804337403,1.0,6.717224195662597,0.3,0.0018,0.051800000000000006,0.37246120978312985,0.4008024295638194,0.0,997838193533.327
753,25.0,0.0,997098240760.164,0.0,9.761325855403282e-07,9.768288773050487e-07,0.011169732493768045,0.0056084687269601,5.023303237717272,0.0,5.023303237717272,1.0,6.676696762282728,0.3,0.0018,0.051800000000000006,0.3704348381141364,0.4040623582462413,0.0,997098240760.164
754,25.0,0.0,1004385059814.159,0.0,1.069252172682492e-06,9.749606241634895e-07,0.008270376922533811,0.012143421014945194,5.012270728871067,0.0,5.012270728871067,1.0,6.687729271128934,0.3,0.0018,0.051800000000000006,0.3709864635564467,0.4031749299284963,0.0,1004385059814.159
755,25.0,0.0,1005453860464.0771,0.0,1.0111424265482794e-06,9.316203577887259e-07,0.009072519392909918,0.011639938234160747,4.998960741247125,0.0,4.998960741247125,1.0,6.701039258752875,0.3,0.0018,0.051800000000000006,0.37165196293764374,0.40210430672837233,0.0,1005453860464.0771
756,25.0,0.0,1005456514289.9496,0.0,1.0900106311350976e-06,9.848730578869988e-07,0.012880729275881058,0.006679362398014179,4.96786887156659,0.0,4.96786887156659,1.0,6.73213112843341,0.3,0.0018,0.051800000000000006,0.37320655642167055,0.3996033519599895,0.0,1005456514289.9496
757,25.0,0.0,1000036096301.5214,0.0,1.0268371778899317e-06,9.380184719146037e-07,0.006235062573392753,0.014690867275989245,5.023736045871666,0.0,5.023736045871666,1.0,6.676263954128334,0.3,0.0018,0.051800000000000006,0.37041319770641673,0.4040971722869744,0.0,1000036096301.5214
758,25.0,0.0,990668049261.2675,0.0,1.0116657773671416e-06,9.029951211873188e-07,0.013612420444018315,0.011199706806164247,5.036703675406422,0.0,5.036703675406422,1.0,6.663296324593579,0.3,0.0018,0.051800000000000006,0.36976481622967894,0.40514025703076106,0.0,990668049261.2675
759,25.0,0.0,995149397864.5704,0.0,9.80144001509533e-07,9.324653242675258e-07,0.005559154183746274,0.01136171933085371,5.072506977676468,0.0,5.072506977676468,1.0,6.627493022323532,0.3,0.0018,0.051800000000000006,0.3679746511161766,0.40802018803703893,0.0,995149397864.5704
760,25.0,0.0,1009811958579.8572,0.0,9.678502246802792e-07,1.0202436266120347e-06,0.005797666424855615,0.007216824902225408,4.987631035389274,0.0,4.987631035389274,1.0,6.712368964610726,0.3,0.0018,0.051800000000000006,0.37221844823053635,0.40119297260209735,0.0,1009811958579.8572
761,25.0,0.0,1009911950534.893,0.0,1.0418457972154398e-06,9.81554146132648e-07,0.006395092043862064,0.008369268477021085,4.96000575480735,0.0,4.96000575480735,1.0,6.7399942451926504,0.3,0.0018,0.051800000000000006,0.37359971225963257,0.39897086187317804,0.0,1009911950534.893
762,25.0,0.0,992246902381.1649,0.0,1.0811514063659687e-06,9.170443351553057e-07,0.008247566437552345,0.010284498945026352,4.978176898426754,0.0,4.978176898426754,1.0,6.721823101573246,0.3,0.0018,0.051800000000000006,0.37269115507866235,0.4004325046997067,0.0,992246902381.1649
763,25.0,0.0,1002971392667.2876,0.0,1.0361932531709384e-06,1.0134515631654474e-06,0.009379035824256633,0.008501415422940825,4.958965278514967,0.0,4.958965278514967,1.0,6.7410347214850335,0.3,0.0018,0.051800000000000006,0.3736517360742517,0.3988871684777161,0.0,1002971392667.2876
764,25.0,0.0,996564816561.9866,0.0,9.217434079372718e-07,9.125782484639057e-07,0.011521786052913652,0.008977747211423501,5.045273755482407,0.0,5.045273755482407,1.0,6.654726244517593,0.3,0.0018,0.051800000000000006,0.36933631222587965,0.4058296135362297,0.0,996564816561.9866
765,25.0,0.0,998511857077.8835,0.0,1.0217227477484956e-06,1.0256385851856472e-06,0.011223449360758966,0.008217786137188812,4.934562760462596,0.0,4.934562760462596,1.0,6.7654372395374045,0.3,0.0018,0.051800000000000006,0.3748718619768702,0.396924288968999,0.0,998511857077.8835
766,25.0,0.0,992478006915.6663,0.0,9.027695291947935e-07,1.0203715478472644e-06,0.014474737957401368,0.008600531274941278,5.004064713375869,0.0,5.004064713375869,1.0,6.695935286624131,0.3,0.0018,0.051800000000000006,0.37139676433120655,0.4025148578970294,0.0,992478006915.6663
767,25.0,0.0,999553039754.145,0.0,1.0490711330560527e-06,1.0616898822985682e-06,0.014873401636276557,0.00870327474936179,5.037063689440366,0.0,5.037063689440366,1.0,6.662936310559634,0.3,0.0018,0.051800000000000006,0.3697468155279817,0.4051692156885751,0.0,999553039754.145
768,25.0,0.0,1004797478096.6587,0.0,1.077149029858964e-06,9.69864335047211e-07,0.011534813561119104,0.007802904315968558,5.014185305767547,0.0,5.014185305767547,1.0,6.6858146942324534,0.3,0.0018,0.051800000000000006,0.3708907347116227,0.4033289338616109,0.0,1004797478096.6587
769,25.0,0.0,998402490059.7825,0.0,9.667699702340345e-07,9.338072693079261e-07,0.007605174051925322,0.014121370048998244,4.971345431361398,0.0,4.971345431361398,1.0,6.728654568638603,0.3,0.0018,0.051800000000000006,0.37303272843193014,0.39988299801813043,0.0,998402490059.7825
770,25.0,0.0,1004461421749.6208,0.0,1.0393740099049596e-06,1.0287915893218362e-06,0.012067485835975892,0.014055470484354588,5.009520424409372,0.0,5.009520424409372,1.0,6.690479575590628,0.3,0.0018,0.051800000000000006,0.37112397877953146,0.4029537020921309,0.0,1004461421749.6208
771,25.0,0.0,1004164379608.1753,0.0,1.0097103965239374e-06,1.0193160910760582e-06,0.008826292729845699,0.01273895525087855,5.033530232584482,0.0,5.033530232584482,1.0,6.666469767415518,0.3,0.0018,0.051800000000000006,0.36992348837077593,0.4048849929685072,0.0,1004164379608.1753
772,25.0,0.0,1007807160033.085,0.0,1.0934144398993918e-06,9.238385368781275e-07,0.011319589765938644,0.012169265459357953,4.996583061643154,0.0,4.996583061643154,1.0,6.703416938356846,0.3,0.0018,0.051800000000000006,0.37177084691784235,0.4019130519339731,0.0,1007807160033.085
773,25.0,0.0,997294953605.8141,0.0,9.71358482506651e-07,9.351413985404257e-07,0.010763891401654527,0.008959925913803693,4.939384721720126,0.0,4.939384721720126,1.0,6.760615278279874,0.3,0.0018,0.051800000000000006,0.37463076391399375,0.3973121558655185,0.0,997294953605.8141
774,25.0,0.0,993463941732.664,0.0,1.0134717947714978e-06,1.0547225246083181e-06,0.008615699298426344,0.0074875952366363924,5.067682983045616,0.0,5.067682983045616,1.0,6.632317016954384,0.3,0.0018,0.051800000000000006,0.36821585084771924,0.4076321575808893,0.0,993463941732.664
775,25.0,0.0,1006414233682.2349,0.0,1.0572072635291688e-06,1.041032485431193e-06,0.014688137242631571,0.01465579301594526,4.966161593698364,0.0,4.966161593698364,1.0,6.733838406301636,0.3,0.0018,0.051800000000000006,0.37329192031508185,0.3994660226591348,0.0,1006414233682.2349
776,25.0,0.0,1002583958776.5919,0.0,9.109087031242329e-07,9.010363499670715e-07,0.005577640145948095,0.006279420475317411,4.963647873702166,0.0,4.963647873702166,1.0,6.7363521262978345,0.3,0.0018,0.051800000000000006,0.37341760631489174,0.39926382510474306,0.0,1002583958776.5919
777,25.0,0.0,1005937834776.8158,0.0,1.0469886197181082e-06,9.782770248841145e-07,0.013638593938409826,0.012420497533209205,5.036472716510758,0.0,5.036472716510758,1.0,6.663527283489242,0.3,0.0018,0.051800000000000006,0.36977636417446214,0.40512167925601333,0.0,1005937834776.8158
778,25.0,0.0,1000571488599.2435,0.0,9.908923456328393e-07,1.0623141392057686e-06,0.005538463604448077,0.005012899444563222,5.004243873440654,0.0,5.004243873440654,1.0,6.695756126559346,0.3,0.0018,0.051800000000000006,0.37138780632796736,0.40252926909915165,0.0,1000571488599.2435
779,25.0,0.0,990110023480.796,0.0,9.486769391572442e-07,1.0935104010544114e-06,0.008815416506278961,0.005272834262638652,4.929040364811317,0.0,4.929040364811317,1.0,6.770959635188683,0.3,0.0018,0.051800000000000006,0.3751479817594342,0.3964800808245911,0.0,990110023480.796
780,25.0,0.0,1009595470700.9144,0.0,9.965407298377795e-07,9.200911611595632e-07,0.010221768559917317,0.01099701599048273,4.962659249841698,0.0,4.962659249841698,1.0,6.737340750158302,0.3,0.0018,0.051800000000000006,0.37346703750791516,0.3991843025934442,0.0,1009595470700.9144
781,25.0,0.0,990019106668.4696,0.0,9.419839126647876e-07,9.247772406067653e-07,0.006661012127371019,0.011259125453653877,4.940404158522596,0.0,4.940404158522596,1.0,6.759595841477404,0.3,0.0018,0.051800000000000006,0.3745797920738702,0.3973941568953182,0.0,990019106668.4696
782,25.0,0.0,1008531754483.5674,0.0,9.394792821267232e-07,9.170593151079815e-07,0.007320249538069996,0.014619571857850424,5.069351780262607,0.0,5.069351780262607,1.0,6.6306482197373935,0.3,0.0018,0.051800000000000006,0.3681324109868697,0.407766391591265,0.0,1008531754483.5674
783,25.0,0.0,1000200211645.1813,0.0,1.0959324903311127e-06,9.442442780049154e-07,0.008691426821827684,0.009293708757001782,4.9437596034621745,0.0,4.9437596034621745,1.0,6.756240396537826,0.3,0.0018,0.051800000000000006,0.3744120198268913,0.3976640607675494,0.0,1000200211645.1813
784,25.0,0.0,992807220029.1351,0.0,9.813274276120034e-07,9.34107345223491e-07,0.005123361644492059,0.007733433034899002,4.934274344104701,0.0,4.934274344104701,1.0,6.7657256558953,0.3,0.0018,0.051800000000000006,0.374886282794765,0.3969010894550113,0.0,992807220029.1351
785,25.0,0.0,1004393705217.5522,0.0,9.854030834674137e-07,1.0415602797183707e-06,0.011653417221020201,0.007170463031582596,4.9705373757848985,0.0,4.9705373757848985,1.0,6.729462624215102,0.3,0.0018,0.051800000000000006,0.3730731312107551,0.39981799998269774,0.0,1004393705217.5522
786,25.0,0.0,999236254689.2587,0.0,1.098693138056074e-06,9.231157612707336e-07,0.014558889074913275,0.013090462884304887,5.050834027896178,0.0,5.050834027896178,1.0,6.649165972103822,0.3,0.0018,0.051800000000000006,0.3690582986051911,0.4062768683957672,0.0,999236254689.2587
787,25.0,0.0,1002651647547.9048,0.0,1.0491371584203303e-06,9.543130741088155e-07,0.006811193877636814,0.008281229839145492,4.996976672056609,0.0,4.996976672056609,1.0,6.7030233279433915,0.3,0.0018,0.051800000000000006,0.3717511663971696,0.40194471300326645,0.0,1002651647547.9048
788,25.0,0.0,1005380684554.0923,0.0,9.526978585885521e-07,9.957760997869888e-07,0.00835435874127961,0.007349281795505341,4.9265368040575215,0.0,4.9265368040575215,1.0,6.773463195942479,0.3,0.0018,0.051800000000000006,0.37527315979712395,0.39627870045507735,0.0,1005380684554.0923
789,25.0,0.0,1001438046539.3363,0.0,9.541039193420402e-07,9.08953897997683e-07,0.01141417904513436,0.010681895585686248,4.975622003461171,0.0,4.975622003461171,1.0,6.724377996538829,0.3,0.0018,0.051800000000000006,0.37281889982694144,0.4002269951304031,0.0,1001438046539.3363
790,25.0,0.0,1001687848947.7722,0.0,1.0062697506538903e-06,1.061306649529241e-06,0.013963800495481214,0.008827105435976298,5.028503796834592,0.0,5.028503796834592,1.0,6.671496203165408,0.3,0.0018,0.051800000000000006,0.3701748101582704,0.40448067863856113,0.0,1001687848947.7722
791,25.0,0.0,997983112599.531,0.0,1.0911055736845242e-06,1.073688309107744e-06,0.007908365503460284,0.014977573142328605,4.97256915118348,0.0,4.97256915118348,1.0,6.72743084881652,0.3,0.0018,0.051800000000000006,0.37297154244082603,0.39998143107975226,0.0,997983112599.531
792,25.0,0.0,996091927026.5608,0.0,1.0331174334246512e-06,9.260935109544856e-07,0.009223503686917177,0.008094099373616263,5.0265161458797225,0.0,5.0265161458797225,1.0,6.673483854120278,0.3,0.0018,0.051800000000000006,0.3702741927060139,0.40432079680499694,0.0,996091927026.5608
793,25.0,0.0,1004227524075.0497,0.0,9.84403852447978e-07,1.042576144418524e-06,0.012654683844300052,0.005948811786716685,5.052799341412922,0.0,5.052799341412922,1.0,6.647200658587078,0.3,0.0018,0.051800000000000006,0.3689600329293539,0.40643495345985536,0.0,1004227524075.0497
794,25.0,0.0,1005276057046.6049,0.0,1.020178245301677e-06,1.011696234681169e-06,0.012347034888995854,0.014992599017054544,5.011782837397383,0.0,5.011782837397383,1.0,6.6882171626026174,0.3,0.0018,0.051800000000000006,0.3710108581301309,0.4031356851188371,0.0,1005276057046.6049
795,25.0,0.0,1007116168040.6765,0.0,9.38616641492163e-07,9.330919272790232e-07,0.010863518284149009,0.009492950628865043,5.0106084039378755,0.0,5.0106084039378755,1.0,6.689391596062125,0.3,0.0018,0.051800000000000006,0.37106957980310623,0.4030412165329694,0.0,1007116168040.6765
796,25.0,0.0,998348316503.9712,0.0,9.393598375682819e-07,1.0069103898709048e-06,0.0052180477778051996,0.010037505671330969,5.006800468868825,0.0,5.006800468868825,1.0,6.693199531131175,0.3,0.0018,0.051800000000000006,0.3712599765565588,0.40273491544955153,0.0,998348316503.9712
797,25.0,0.0,997167934686.1161,0.0,9.230971747245898e-07,1.0946121307034905e-06,0.014223331583153056,0.008250931630811453,4.963827940988583,0.0,4.963827940988583,1.0,6.736172059011417,0.3,0.0018,0.051800000000000006,0.3734086029505709,0.3992783092815784,0.0,997167934686.1161
798,25.0,0.0,997136553453.1594,0.0,9.805590184888792e-07,9.521177988962864e-07,0.008249300112112118,0.0066295724578730435,5.0238260104168475,0.0,5.0238260104168475,1.0,6.676173989583153,0.3,0.0018,0.051800000000000006,0.37040869947915767,0.40410440881731396,0.0,997136553453.1594
799,25.0,0.0,1001077249626.1249,0.0,1.0591949713132057e-06,1.0911968538680404e-06,0.006306705089786559,0.013839134789079829,5.030719540742735,0.0,5.030719540742735,1.0,6.669280459257265,0.3,0.0018,0.051800000000000006,0.3700640229628633,0.40465890771740143,0.0,1001077249626.1249
800,25.0,0.0,996878163909.2985,0.0,1.0964409749274617e-06,1.0213011664746098e-06,0.009023286239239254,0.010437688218921784,4.931079055114439,0.0,4.931079055114439,1.0,6.768920944885561,0.3,0.0018,0.051800000000000006,0.3750460472442781,0.3966440681398358,0.0,996878163909.2985
801,25.0,0.0,1000285234593.6724,0.0,1.0317485380890675e-06,1.0202871351958775e-06,0.013152657043053132,0.0056826310555190065,5.028633019464693,0.0,5.028633019464693,1.0,6.671366980535307,0.3,0.0018,0.051800000000000006,0.3701683490267654,0.40449107299426423,0.0,1000285234593.6724
802,25.0,0.0,993912992729.7479,0.0,9.396281726863989e-07,1.004756438180719e-06,0.006356263113658285,0.011592858614193503,4.9407617388423155,0.0,4.9407617388423155,1.0,6.759238261157685,0.3,0.0018,0.051800000000000006,0.3745619130578843,0.39742291979104855,0.0,993912992729.7479
803,25.0,0.0,993837194474.6608,0.0,9.605992601234434e-07,9.444128172051027e-07,0.006967698234992145,0.008738529048034903,5.015877334299737,0.0,5.015877334299737,1.0,6.684122665700263,0.3,0.0018,0.051800000000000006,0.37080613328501316,0.40346503654277166,0.0,993837194474.6608
804,25.0,0.0,1002519419600.8558,0.0,1.0692990692506798e-06,1.013808355431687e-06,0.007898916718791001,0.012035872571782558,5.04800967320345,0.0,5.04800967320345,1.0,6.65199032679655,0.3,0.0018,0.051800000000000006,0.36919951633982756,0.4060496841379866,0.0,1002519419600.8558
805,25.0,0.0,1007581937583.8263,0.0,1.0573511744312475e-06,1.0201902488699532e-06,0.010348112978078347,0.010139385865795682,5.053011671417364,0.0,5.053011671417364,1.0,6.646988328582636,0.3,0.0018,0.051800000000000006,0.3689494164291318,0.406452032771667,0.0,1007581937583.8263
806,25.0,0.0,990977198135.161,0.0,1.0816083124091017e-06,1.0423473458689237e-06,0.005509539780561535,0.013839922821510423,5.0490000832065585,0.0,5.0490000832065585,1.0,6.650999916793442,0.3,0.0018,0.051800000000000006,0.3691499958396721,0.4061293503222778,0.0,990977198135.161
807,25.0,0.0,1001248592360.676,0.0,9.640757919274962e-07,1.0257819237805478e-06,0.014129130838821741,0.008577956372594786,5.0540035674325186,0.0,5.0540035674325186,1.0,6.645996432567482,0.3,0.0018,0.051800000000000006,0.3688998216283741,0.4065318184871717,0.0,1001248592360.676
808,25.0,0.0,994788556755.0507,0.0,1.0513686086159097e-06,9.78483370043411e-07,0.011567546127728548,0.01112158617362035,5.035966244240159,0.0,5.035966244240159,1.0,6.664033755759841,0.3,0.0018,0.051800000000000006,0.3698016877879921,0.4050809398520076,0.0,994788556755.0507
809,25.0,0.0,993165003618.8013,0.0,1.086496013968564e-06,1.0827085296705978e-06,0.0129741226959697,0.006167185606759593,5.011140720487938,0.0,5.011140720487938,1.0,6.688859279512062,0.3,0.0018,0.051800000000000006,0.37104296397560316,0.40308403478828325,0.0,993165003618.8013
810,25.0,0.0,995341825532.7483,0.0,9.288902799038546e-07,1.0292358337220152e-06,0.014838946637761669,0.011870545832536335,4.936885023351044,0.0,4.936885023351044,1.0,6.763114976648956,0.3,0.0018,0.051800000000000006,0.37475574883244783,0.3971110861768858,0.0,995341825532.7483
811,25.0,0.0,999126219592.1041,0.0,1.0758088660945275e-06,9.9542544558305e-07,0.01031321482812229,0.009524473992179535,4.9358887139485494,0.0,4.9358887139485494,1.0,6.764111286051451,0.3,0.0018,0.051800000000000006,0.37480556430257256,0.3970309454591819,0.0,999126219592.1041
812,25.0,0.0,997891400205.7662,0.0,9.560081584173475e-07,9.805014251788838e-07,0.011180091103824286,0.008113873122077116,4.950876790654742,0.0,4.950876790654742,1.0,6.7491232093452584,0.3,0.0018,0.051800000000000006,0.3740561604672629,0.3982365500848409,0.0,997891400205.7662
813,25.0,0.0,999171676477.5264,0.0,9.094964155556458e-07,9.073703081220106e-07,0.008928819956454021,0.014302420183009656,5.034606281510235,0.0,5.034606281510235,1.0,6.665393718489765,0.3,0.0018,0.051800000000000006,0.36986968592448827,0.4049715477405273,0.0,999171676477.5264
814,25.0,0.0,998575158065.1146,0.0,9.852706489448713e-07,9.423086453967665e-07,0.013856387702007956,0.008611733104176903,5.023695344674148,0.0,5.023695344674148,1.0,6.676304655325852,0.3,0.0018,0.051800000000000006,0.3704152327662926,0.40409389838112514,0.0,998575158065.1146
815,25.0,0.0,1002847615034.3126,0.0,9.264285938362677e-07,1.0803833325704409e-06,0.010468168682717709,0.007850529729614175,5.056689033772506,0.0,5.056689033772506,1.0,6.643310966227494,0.3,0.0018,0.051800000000000006,0.3687655483113747,0.4067478309019069,0.0,1002847615034.3126
816,25.0,0.0,1000736568024.043,0.0,9.953468510757716e-07,9.528632504661968e-07,0.006300830909328972,0.005368541386168517,4.948646984736821,0.0,4.948646984736821,1.0,6.751353015263179,0.3,0.0018,0.051800000000000006,0.374167650763159,0.39805718989195793,0.0,1000736568024.043
817,25.0,0.0,999779202505.5591,0.0,1.0416840291966771e-06,9.282518951812186e-07,0.007761298676526634,0.011559021196637527,4.996859654687785,0.0,4.996859654687785,1.0,6.703140345312216,0.3,0.0018,0.051800000000000006,0.3717570172656108,0.4019353004092491,0.0,999779202505.5591
818,25.0,0.0,1006467451827.4131,0.0,9.182940471053956e-07,9.338881201090097e-07,0.012835306916002306,0.014138310894927102,5.063817330155579,0.0,5.063817330155579,1.0,6.6361826698444215,0.3,0.0018,0.051800000000000006,0.3684091334922211,0.40732121381560316,0.0,1006467451827.4131
819,25.0,0.0,1000724710700.4419,0.0,1.0096729684760002e-06,9.291786439558236e-07,0.005792195510730974,0.014572191492093396,4.988870383464737,0.0,4.988870383464737,1.0,6.711129616535263,0.3,0.0018,0.051800000000000006,0.37215648082676317,0.4012926627626075,0.0,1000724710700.4419
820,25.0,0.0,997578688229.5094,0.0,9.125409174806351e-07,9.238122574764598e-07,0.012896515154818492,0.010494094913401386,4.944280513694142,0.0,4.944280513694142,1.0,6.755719486305858,0.3,0.0018,0.051800000000000006,0.3743859743152929,0.3977059615262341,0.0,997578688229.5094
821,25.0,0.0,995216214754.2054,0.0,9.432181076674386e-07,1.04766378739048e-06,0.013554336896370037,0.013982358297697176,4.983487104896532,0.0,4.983487104896532,1.0,6.7165128951034685,0.3,0.0018,0.051800000000000006,0.3724256447551734,0.4008596448597596,0.0,995216214754.2054
822,25.0,0.0,1005386809018.4318,0.0,9.509542865378793e-07,9.64261090577021e-07,0.010153643488293871,0.010420829197907506,4.927051796641051,0.0,4.927051796641051,1.0,6.772948203358949,0.3,0.0018,0.051800000000000006,0.37524741016794744,0.39632012521243976,0.0,1005386809018.4318
823,25.0,0.0,1001783164888.1826,0.0,1.0529974357602496e-06,1.0474529040183685e-06,0.005951579734047641,0.010949943722599203,5.023729061799482,0.0,5.023729061799482,1.0,6.676270938200518,0.3,0.0018,0.051800000000000006,0.3704135469100259,0.4040966105051063,0.0,1001783164888.1826
824,25.0,0.0,1007552695936.1282,0.0,9.19304723861129e-07,9.211242443021751e-07,0.006978044536731696,0.007827507059853085,4.99946087066897,0.0,4.99946087066897,1.0,6.70053912933103,0.3,0.0018,0.051800000000000006,0.37162695646655153,0.4021445359289712,0.0,1007552695936.1282
825,25.0,0.0,1009853035889.9907,0.0,1.0198755935444294e-06,1.085788087174268e-06,0.013325074228768271,0.011478892016631598,5.032323949518635,0.0,5.032323949518635,1.0,6.667676050481365,0.3,0.0018,0.051800000000000006,0.36998380252406826,0.4047879624773677,0.0,1009853035889.9907
826,25.0,0.0,998682975687.2074,0.0,9.715505123825648e-07,9.447485587139476e-07,0.014163467223807426,0.013800559990080574,5.047841427279652,0.0,5.047841427279652,1.0,6.6521585727203485,0.3,0.0018,0.051800000000000006,0.3692079286360174,0.40603615084295785,0.0,998682975687.2074
827,25.0,0.0,990967348523.983,0.0,1.02845162743502e-06,9.738848569508961e-07,0.00972686666435597,0.009891493882379893,4.960989219911976,0.0,4.960989219911976,1.0,6.739010780088024,0.3,0.0018,0.051800000000000006,0.3735505390044012,0.399049969426639,0.0,990967348523.983
828,25.0,0.0,1002063580598.2318,0.0,1.007696921903808e-06,1.0462327819086402e-06,0.013070011023955531,0.006135081213085536,5.022968700133092,0.0,5.022968700133092,1.0,6.677031299866909,0.3,0.0018,0.051800000000000006,0.3704515649933455,0.4040354488524044,0.0,1002063580598.2318
829,25.0,0.0,990768338715.3809,0.0,1.0905568299150901e-06,9.006963847369223e-07,0.007127915920415109,0.006801941737089499,5.042195677591978,0.0,5.042195677591978,1.0,6.657804322408023,0.3,0.0018,0.051800000000000006,0.36949021612040117,0.405582020398325,0.0,990768338715.3809
830,25.0,0.0,1006279419106.3772,0.0,9.921713752586204e-07,9.77461321064129e-07,0.010213802064412294,0.009801424688287253,4.966187600399366,0.0,4.966187600399366,1.0,6.733812399600634,0.3,0.0018,0.051800000000000006,0.3732906199800317,0.3994681145752386,0.0,1006279419106.3772
831,25.0,0.0,1000057882729.585,0.0,1.0100254095635929e-06,1.0537634586528318e-06,0.007935913096597129,0.012904134900444078,4.964648241947748,0.0,4.964648241947748,1.0,6.735351758052253,0.3,0.0018,0.051800000000000006,0.37336758790261265,0.39934429230596424,0.0,1000057882729.585
832,25.0,0.0,990433057500.6407,0.0,1.099995404083539e-06,1.052446052723904e-06,0.006081281637515876,0.013989454603326495,5.036566427489916,0.0,5.036566427489916,1.0,6.663433572510084,0.3,0.0018,0.051800000000000006,0.36977167862550425,0.4051292171404372,0.0,990433057500.6407
833,25.0,0.0,1003235186825.2394,0.0,1.000308182419979e-06,1.0464790866509971e-06,0.006882253718963328,0.00943790573479333,5.00487951937774,0.0,5.00487951937774,1.0,6.69512048062226,0.3,0.0018,0.051800000000000006,0.37135602403111306,0.4025803989203458,0.0,1003235186825.2394
834,25.0,0.0,1006965510960.0858,0.0,1.016728134966962e-06,1.0206373386145342e-06,0.010451786426597737,0.005593628802589235,5.0297444591882305,0.0,5.0297444591882305,1.0,6.67025554081177,0.3,0.0018,0.051800000000000006,0.3701127770405885,0.4045804745164278,0.0,1006965510960.0858
835,25.0,0.0,1007407752108.0509,0.0,9.725329315714035e-07,9.039388707197268e-07,0.005591616464976801,0.008517982616417862,4.994315798779803,0.0,4.994315798779803,1.0,6.705684201220198,0.3,0.0018,0.051800000000000006,0.3718842100610099,0.40173067879502916,0.0,1007407752108.0509
836,25.0,0.0,994604227175.5867,0.0,1.0542575681903544e-06,9.765877970827557e-07,0.006723643815843958,0.006109083850634692,4.938069396807076,0.0,4.938069396807076,1.0,6.7619306031929245,0.3,0.0018,0.051800000000000006,0.37469653015964627,0.39720635431202345,0.0,994604227175.5867
837,25.0,0.0,996672700742.5267,0.0,1.0015009231220078e-06,1.0645289313670377e-06,0.00629265945895399,0.007680787824097048,5.066981966681602,0.0,5.066981966681602,1.0,6.633018033318399,0.3,0.0018,0.051800000000000006,0.36825090166591995,0.40757576952072083,0.0,996672700742.5267
838,25.0,0.0,1009522535583.2518,0.0,9.61069189845747e-07,1.0063896911904124e-06,0.005546371993308593,0.006123698740926911,4.92607566575784,0.0,4.92607566575784,1.0,6.77392433424216,0.3,0.0018,0.051800000000000006,0.37529621671210806,0.39624160760600385,0.0,1009522535583.2518
839,25.0,0.0,995966595302.6549,0.0,1.036615320231556e-06,1.0839064129570565e-06,0.007991390910521107,0.008215591093867818,5.053136108779066,0.0,5.053136108779066,1.0,6.646863891220934,0.3,0.0018,0.051800000000000006,0.36894319456104674,0.4064620422119583,0.0,995966595302.6549
840,25.0,0.0,995863084160.1339,0.0,9.879995143997083e-07,9.59152973028236e-07,0.013838666668118355,0.0053663494180354486,5.020082070445441,0.0,5.020082070445441,1.0,6.679917929554559,0.3,0.0018,0.051800000000000006,0.370595896477728,0.40380325534471045,0.0,995863084160.1339
841,25.0,0.0,1003002611985.9608,0.0,9.151318925250135e-07,9.71855669199248e-07,0.005087146973267337,0.014811837721908184,5.060408971815005,0.0,5.060408971815005,1.0,6.639591028184995,0.3,0.0018,0.051800000000000006,0.36857955140924975,0.4070470537174232,0.0,1003002611985.9608
842,25.0,0.0,997339389882.1273,0.0,1.0693864554485005e-06,9.320968806543724e-07,0.012906494627008571,0.010544596999906633,4.981608765710748,0.0,4.981608765710748,1.0,6.7183912342892524,0.3,0.0018,0.051800000000000006,0.37251956171446265,0.40070855580041403,0.0,997339389882.1273
843,25.0,0.0,1002359722418.4308,0.0,9.742255113105462e-07,1.0811456461261712e-06,0.013211918081907609,0.013111857883682236,5.017429770944359,0.0,5.017429770944359,1.0,6.682570229055641,0.3,0.0018,0.051800000000000006,0.3707285114527821,0.4035899107902477,0.0,1002359722418.4308
844,25.0,0.0,1004074122703.2657,0.0,1.0199997617119385e-06,1.0996306001225386e-06,0.01484524780675318,0.010126190164674483,5.011079517824724,0.0,5.011079517824724,1.0,6.688920482175276,0.3,0.0018,0.051800000000000006,0.3710460241087638,0.4030791117941381,0.0,1004074122703.2657
845,25.0,0.0,1005572156052.5216,0.0,9.645279468687729e-07,1.0793124679840617e-06,0.012683525058504804,0.01242233071024427,5.025188484570221,0.0,5.025188484570221,1.0,6.674811515429779,0.3,0.0018,0.051800000000000006,0.370340575771489,0.4042140029416201,0.0,1005572156052.5216
846,25.0,0.0,1006178649751.816,0.0,1.0369663745401946e-06,1.0452417046847912e-06,0.013445559893615285,0.008198855907070157,5.03628339002573,0.0,5.03628339002573,1.0,6.66371660997427,0.3,0.0018,0.051800000000000006,0.36978583049871355,0.4051064502916449,0.0,1006178649751.816
847,25.0,0.0,998346720803.468,0.0,1.0895396642930677e-06,1.080379162101872e-06,0.005489336955258431,0.013383117218922786,5.001331126113504,0.0,5.001331126113504,1.0,6.698668873886496,0.3,0.0018,0.051800000000000006,0.37153344369432484,0.4022949747517297,0.0,998346720803.468
848,25.0,0.0,1001539489741.554,0.0,9.005157220973172e-07,9.993843064502892e-07,0.0144923213212436,0.010726218716131958,4.980940870713234,0.0,4.980940870713234,1.0,6.719059129286766,0.3,0.0018,0.051800000000000006,0.37255295646433834,0.40065483194282775,0.0,1001539489741.554
849,25.0,0.0,996543133217.1609,0.0,1.038847440422293e-06,9.507766322737495e-07,0.005637775064607253,0.008850003786718436,4.97256965207558,0.0,4.97256965207558,1.0,6.72743034792442,0.3,0.0018,0.051800000000000006,0.37297151739622103,0.3999814713703008,0.0,996543133217.1609
850,25.0,0.0,994448908347.8335,0.0,9.081216694776323e-07,9.428511645866924e-07,0.012617616053220829,0.012933983204890722,5.041460669517771,0.0,5.041460669517771,1.0,6.658539330482229,0.3,0.0018,0.051800000000000006,0.3695269665241115,0.4055228981272338,0.0,994448908347.8335
851,25.0,0.0,998454168288.8677,0.0,1.0308139738116673e-06,1.0870404182791459e-06,0.006453503050084376,0.009508732731002289,5.04074114001588,0.0,5.04074114001588,1.0,6.65925885998412,0.3,0.0018,0.051800000000000006,0.369562942999206,0.4054650209150483,0.0,998454168288.8677
852,25.0,0.0,1000234043447.4733,0.0,9.347745080130983e-07,1.0870697390660255e-06,0.009015709538032967,0.009679929663772943,5.004290282553497,0.0,5.004290282553497,1.0,6.695709717446503,0.3,0.0018,0.051800000000000006,0.37138548587232517,0.40253300213589904,0.0,1000234043447.4733
853,25.0,0.0,1008229744104.6958,0.0,1.0993839144419046e-06,1.0339600190361945e-06,0.009516854958057448,0.013507339014963048,4.928570731675451,0.0,4.928570731675451,1.0,6.77142926832455,0.3,0.0018,0.051800000000000006,0.3751714634162275,0.3964423046714487,0.0,1008229744104.6958
854,25.0,0.0,1003464400541.6683,0.0,9.737246307733632e-07,9.063434305621775e-07,0.009237894304290131,0.0090835419541933,4.958718665280211,0.0,4.958718665280211,1.0,6.7412813347197895,0.3,0.0018,0.051800000000000006,0.3736640667359895,0.39886733150580844,0.0,1003464400541.6683
855,25.0,0.0,996355428850.79,0.0,9.222770213714133e-07,1.0155289893150087e-06,0.006600447271391023,0.010282406269206587,5.007881883042548,0.0,5.007881883042548,1.0,6.692118116957452,0.3,0.0018,0.051800000000000006,0.37120590584787266,0.4028219017891367,0.0,996355428850.79
856,25.0,0.0,1000189493702.5851,0.0,9.92603069947266e-07,9.746060778188582e-07,0.011661311046544096,0.009348217234964859,5.041901247647033,0.0,5.041901247647033,1.0,6.658098752352967,0.3,0.0018,0.051800000000000006,0.3695049376176484,0.4055583371659453,0.0,1000189493702.5851
857,25.0,0.0,995473774379.1716,0.0,1.007983762120182e-06,1.0661761767800644e-06,0.0126911170681757,0.009377894663384713,4.954418053271676,0.0,4.954418053271676,1.0,6.745581946728324,0.3,0.0018,0.051800000000000006,0.3738790973364162,0.39852140068144115,0.0,995473774379.1716
858,25.0,0.0,997984454504.0499,0.0,9.786353374808392e-07,9.23575094151392e-07,0.007659495003457961,0.011000294417429484,4.947805386154186,0.0,4.947805386154186,1.0,6.752194613845814,0.3,0.0018,0.051800000000000006,0.37420973069229074,0.397989493738271,0.0,997984454504.0499
859,25.0,0.0,996687790016.4104,0.0,1.064665997171342e-06,9.793347894926803e-07,0.012384792656062276,0.009403551926373844,4.938780078033017,0.0,4.938780078033017,1.0,6.761219921966983,0.3,0.0018,0.051800000000000006,0.3746609960983492,0.39726351979030056,0.0,996687790016.4104
860,25.0,0.0,999156843869.8676,0.0,1.0821702698086058e-06,1.0573557350422069e-06,0.010827819022109596,0.010414499605548907,5.021692404518549,0.0,5.021692404518549,1.0,6.678307595481451,0.3,0.0018,0.051800000000000006,0.37051537977407256,0.40393278672124755,0.0,999156843869.8676
861,25.0,0.0,1007136963552.0732,0.0,1.0805636416280156e-06,1.0697465447983336e-06,0.009244867674825102,0.014090002020927455,4.9430658490717265,0.0,4.9430658490717265,1.0,6.756934150928274,0.3,0.0018,0.051800000000000006,0.3744467075464137,0.3976082568429638,0.0,1007136963552.0732
862,25.0,0.0,1001308713976.5469,0.0,1.088413546734272e-06,9.50942045811029e-07,0.007812133935926789,0.01134827612544855,4.925579582351256,0.0,4.925579582351256,1.0,6.774420417648744,0.3,0.0018,0.051800000000000006,0.37532102088243724,0.396201703857083,0.0,1001308713976.5469
863,25.0,0.0,1009554957352.866,0.0,9.104429910164685e-07,9.185255617483947e-07,0.005881681069241585,0.014526222598919437,5.027607731182639,0.0,5.027607731182639,1.0,6.672392268817362,0.3,0.0018,0.051800000000000006,0.3702196134408681,0.40440860128560474,0.0,1009554957352.866
864,25.0,0.0,1007472794928.7161,0.0,1.0413358432951634e-06,1.0526648723090693e-06,0.007946560888554083,0.010049147371706422,4.958448392347759,0.0,4.958448392347759,1.0,6.741551607652241,0.3,0.0018,0.051800000000000006,0.37367758038261206,0.3988455914050643,0.0,1007472794928.7161
865,25.0,0.0,1003862760693.0886,0.0,1.0081199142933482e-06,9.478079484302712e-07,0.012128798566671935,0.010005679607905663,4.9515273302160585,0.0,4.9515273302160585,1.0,6.748472669783942,0.3,0.0018,0.051800000000000006,0.3740236334891971,0.3982888779131321,0.0,1003862760693.0886
866,25.0,0.0,1004706637133.6448,0.0,1.0751994678698662e-06,9.759102214149356e-07,0.007711367178927484,0.006951200554537248,5.045625700160446,0.0,5.045625700160446,1.0,6.654374299839554,0.3,0.0018,0.051800000000000006,0.3693187149919777,0.405857923114579,0.0,1004706637133.6448
867,25.0,0.0,994456396471.2775,0.0,1.0562066815104845e-06,9.678850497906684e-07,0.01445079385371402,0.005306106095602361,4.944941465491106,0.0,4.944941465491106,1.0,6.755058534508894,0.3,0.0018,0.051800000000000006,0.37435292672544473,0.3977591268895677,0.0,994456396471.2775
868,25.0,0.0,995013659790.1812,0.0,9.636772494085625e-07,1.0108178491243182e-06,0.011593276777642523,0.014728080535690573,4.993354529003177,0.0,4.993354529003177,1.0,6.706645470996823,0.3,0.0018,0.051800000000000006,0.37193227354984115,0.4016533565800497,0.0,995013659790.1812
869,25.0,0.0,996351097877.7515,0.0,1.0975741443489449e-06,9.41370472340303e-07,0.012902752670742368,0.00646587391020761,5.045652690404188,0.0,5.045652690404188,1.0,6.6543473095958126,0.3,0.0018,0.051800000000000006,0.36931736547979066,0.40586009414448093,0.0,996351097877.7515
870,25.0,0.0,1003719753131.4904,0.0,1.0386354238918022e-06,1.0207241525563105e-06,0.008375462466939584,0.007607359977567146,5.032814117262223,0.0,5.032814117262223,1.0,6.667185882737777,0.3,0.0018,0.051800000000000006,0.3699592941368889,0.4048273903846704,0.0,1003719753131.4904
871,25.0,0.0,1007524542216.79,0.0,9.139728851949622e-07,1.0199735689655157e-06,0.006070705728316162,0.007766640642664852,5.001077958957266,0.0,5.001077958957266,1.0,6.698922041042734,0.3,0.0018,0.051800000000000006,0.37154610205213673,0.40227461059823566,0.0,1007524542216.79
872,25.0,0.0,1004063708298.113,0.0,1.0679522496500562e-06,1.0162479189310955e-06,0.009834472117737783,0.007612563516107881,5.0438098812636945,0.0,5.0438098812636945,1.0,6.656190118736306,0.3,0.0018,0.051800000000000006,0.3694095059368153,0.4057118630360114,0.0,1004063708298.113
873,25.0,0.0,1006831771935.0614,0.0,1.022574697795904e-06,9.077841061573146e-07,0.006272576182847264,0.009999574601876095,5.036950838522434,0.0,5.036950838522434,1.0,6.663049161477566,0.3,0.0018,0.051800000000000006,0.36975245807387835,0.4051601382337865,0.0,1006831771935.0614
874,25.0,0.0,993685399973.3364,0.0,1.0388434119375983e-06,9.066856625423808e-07,0.0054333175346050035,0.00761310115456363,4.937525254307984,0.0,4.937525254307984,1.0,6.762474745692016,0.3,0.0018,0.051800000000000006,0.3747237372846008,0.39716258480598327,0.0,993685399973.3364
875,25.0,0.0,1002964386698.0284,0.0,1.0941033327504213e-06,1.089681392327543e-06,0.007733651502352782,0.0052940960262317285,4.974411832416765,0.0,4.974411832416765,1.0,6.725588167583235,0.3,0.0018,0.051800000000000006,0.3728794083791618,0.4001296518996754,0.0,1002964386698.0284
876,25.0,0.0,997194253153.4286,0.0,9.438691271637953e-07,1.041226150946063e-06,0.011590970050243739,0.010354940940343432,5.06161619595224,0.0,5.06161619595224,1.0,6.63838380404776,0.3,0.0018,0.051800000000000006,0.36851919020238805,0.40714415990606817,0.0,997194253153.4286
877,25.0,0.0,997668993584.3883,0.0,1.0168158584490823e-06,9.148085374935864e-07,0.014584248037464671,0.008050648164613915,4.978845892067464,0.0,4.978845892067464,1.0,6.721154107932536,0.3,0.0018,0.051800000000000006,0.37265770539662685,0.40048631692949355,0.0,997668993584.3883
878,25.0,0.0,1003253764782.0654,0.0,9.375182237640958e-07,1.0237619857945871e-06,0.013288788918762846,0.01009024468254847,4.979326051374401,0.0,4.979326051374401,1.0,6.720673948625599,0.3,0.0018,0.051800000000000006,0.37263369743128,0.4005249397823682,0.0,1003253764782.0654
879,25.0,0.0,998218590550.5731,0.0,1.0800961493011843e-06,1.0960764203119548e-06,0.013848475922643814,0.005509570253874125,5.064464974944124,0.0,5.064464974944124,1.0,6.6355350250558764,0.3,0.0018,0.051800000000000006,0.36837675125279384,0.40737330879537675,0.0,998218590550.5731
880,25.0,0.0,997885517383.3424,0.0,1.0151838552645532e-06,1.069108928510801e-06,0.006937714715207672,0.006849830947549022,4.991056520237718,0.0,4.991056520237718,1.0,6.708943479762282,0.3,0.0018,0.051800000000000006,0.3720471739881141,0.40146851031513175,0.0,997885517383.3424
881,25.0,0.0,995921074556.1603,0.0,9.140007120921694e-07,9.341288718765388e-07,0.011228591700219327,0.00805662627111043,4.957208291387845,0.0,4.957208291387845,1.0,6.742791708612155,0.3,0.0018,0.051800000000000006,0.37373958543060776,0.3987458406843504,0.0,995921074556.1603
882,25.0,0.0,1002457018988.611,0.0,9.72541271835978e-07,1.0375773731186905e-06,0.010136710573476506,0.010972808707754838,4.962636046919562,0.0,4.962636046919562,1.0,6.737363953080438,0.3,0.0018,0.051800000000000006,0.3734681976540219,0.3991824362065285,0.0,1002457018988.611
883,25.0,0.0,995739278732.2467,0.0,1.0310579230528774e-06,1.02278917262769e-06,0.013867346521661678,0.0055854028627138445,5.050651926801137,0.0,5.050651926801137,1.0,6.649348073198863,0.3,0.0018,0.051800000000000006,0.36906740365994317,0.4062622206242871,0.0,995739278732.2467
884,25.0,0.0,995127026850.477,0.0,1.088214834049338e-06,9.283824206659072e-07,0.007594385357308843,0.011911071795694698,5.0315228656828985,0.0,5.0315228656828985,1.0,6.668477134317102,0.3,0.0018,0.051800000000000006,0.3700238567158551,0.4047235252318934,0.0,995127026850.477
885,25.0,0.0,1000205745383.5272,0.0,9.174570779695089e-07,9.085659998187379e-07,0.011369903814943495,0.006500237971098168,5.003742356859995,0.0,5.003742356859995,1.0,6.696257643140005,0.3,0.0018,0.051800000000000006,0.3714128821570003,0.40248892831885413,0.0,1000205745383.5272
886,25.0,0.0,1007990603403.5701,0.0,1.0916705626300837e-06,1.080619150931758e-06,0.009440180182903652,0.008983482084436466,5.059427550195732,0.0,5.059427550195732,1.0,6.640572449804268,0.3,0.0018,0.051800000000000006,0.36862862249021344,0.4069681105369797,0.0,1007990603403.5701
887,25.0,0.0,1005366344696.8557,0.0,1.0889908272221445e-06,1.0894282933632439e-06,0.011661313639129714,0.013572802663494848,5.009176463174593,0.0,5.009176463174593,1.0,6.690823536825407,0.3,0.0018,0.051800000000000006,0.3711411768412704,0.402926034682641,0.0,1005366344696.8557
888,25.0,0.0,1007279273929.6954,0.0,9.67821410443604e-07,9.270651285230524e-07,0.00979135092462912,0.007322461579924699,5.0678108569001,0.0,5.0678108569001,1.0,6.6321891430999,0.3,0.0018,0.051800000000000006,0.36820945715499503,0.40764244344434525,0.0,1007279273929.6954
889,25.0,0.0,995561169381.0231,0.0,1.0551310007367845e-06,1.0404755319943943e-06,0.010454916456741936,0.013153427297292124,5.05101265589722,0.0,5.05101265589722,1.0,6.64898734410278,0.3,0.0018,0.051800000000000006,0.36904936720513903,0.4062912367999694,0.0,995561169381.0231
890,25.0,0.0,1004394238952.3466,0.0,9.72284358511729e-07,9.004517157200015e-07,0.0074094267389417795,0.012639205068146298,5.031480688165576,0.0,5.031480688165576,1.0,6.668519311834424,0.3,0.0018,0.051800000000000006,0.37002596559172124,0.40472013257445105,0.0,1004394238952.3466
891,25.0,0.0,993905749589.4628,0.0,1.0894816187804993e-06,9.826361145871188e-07,0.007449875942988545,0.009871082468389913,4.983052381968105,0.0,4.983052381968105,1.0,6.716947618031895,0.3,0.0018,0.051800000000000006,0.3724473809015948,0.4008246767992362,0.0,993905749589.4628
892,25.0,0.0,1001834748489.1538,0.0,9.729667717446966e-07,1.0129261863950591e-06,0.008193288663871381,0.005010920743123419,5.054914425931773,0.0,5.054914425931773,1.0,6.6450855740682275,0.3,0.0018,0.051800000000000006,0.3688542787034114,0.40660508574097265,0.0,1001834748489.1538
893,25.0,0.0,991670018308.5186,0.0,9.34067414075518e-07,9.821242317568631e-07,0.013402655470638812,0.009577829402135194,5.06467285031997,0.0,5.06467285031997,1.0,6.63532714968003,0.3,0.0018,0.051800000000000006,0.36836635748400154,0.4073900297876423,0.0,991670018308.5186
894,25.0,0.0,1009559970471.2345,0.0,1.0384367797287986e-06,9.786453319202016e-07,0.012513373397254689,0.01408874056523729,5.030458335057579,0.0,5.030458335057579,1.0,6.669541664942421,0.3,0.0018,0.051800000000000006,0.3700770832471211,0.40463789696409097,0.0,1009559970471.2345
895,25.0,0.0,1001542748809.0193,0.0,1.0419254982327571e-06,1.0763905043512312e-06,0.011463162261289312,0.007330392205985829,5.006616367208253,0.0,5.006616367208253,1.0,6.693383632791747,0.3,0.0018,0.051800000000000006,0.3712691816395874,0.4027201067574206,0.0,1001542748809.0193
896,25.0,0.0,993131920990.4111,0.0,9.825887060465811e-07,9.251222338925221e-07,0.014804289125051183,0.00924304367282559,5.005041577860186,0.0,5.005041577860186,1.0,6.694958422139814,0.3,0.0018,0.051800000000000006,0.3713479211069907,0.40259343451256324,0.0,993131920990.4111
897,25.0,0.0,1009693878697.2244,0.0,9.017647851608972e-07,9.485055060501261e-07,0.014784548304785039,0.014890675134107325,4.956573963465756,0.0,4.956573963465756,1.0,6.743426036534244,0.3,0.0018,0.051800000000000006,0.37377130182671225,0.3986948168810936,0.0,1009693878697.2244
898,25.0,0.0,1001548832848.8926,0.0,1.0637323047285317e-06,1.0879149975204489e-06,0.006729868080494826,0.00962712168594824,4.940306449771195,0.0,4.940306449771195,1.0,6.759693550228805,0.3,0.0018,0.051800000000000006,0.37458467751144026,0.39738629743976794,0.0,1001548832848.8926
899,25.0,0.0,995290930560.3485,0.0,9.089206534642803e-07,1.0717936659237342e-06,0.005774525777541049,0.0102899693111736,4.9928179688641015,0.0,4.9928179688641015,1.0,6.707182031135899,0.3,0.0018,0.051800000000000006,0.37195910155679496,0.4016101969807031,0.0,995290930560.3485
900,25.0,0.0,993593640307.5927,0.0,1.0451438946200708e-06,1.0398363540985598e-06,0.005261271161723808,0.007599596867249087,5.050984276678145,0.0,5.050984276678145,1.0,6.649015723321855,0.3,0.0018,0.051800000000000006,0.36905078616609277,0.40628895404425236,0.0,993593640307.5927
901,25.0,0.0,995918332108.0962,0.0,1.089310977603651e-06,1.0455510557706424e-06,0.006268661178018375,0.014377069421437638,5.012355522772708,0.0,5.012355522772708,1.0,6.687644477227292,0.3,0.0018,0.051800000000000006,0.37098222386136465,0.4031817505447802,0.0,995918332108.0962
902,25.0,0.0,1004508090207.0524,0.0,1.0157489598237214e-06,1.042099899329681e-06,0.006953749973059645,0.014442414862425493,4.978425915715311,0.0,4.978425915715311,1.0,6.721574084284689,0.3,0.0018,0.051800000000000006,0.3726787042142345,0.4004525350478854,0.0,1004508090207.0524
903,25.0,0.0,1002175701787.7552,0.0,1.0299484080601583e-06,1.080565661514409e-06,0.013002836166454184,0.013242590099547737,4.9637612612850965,0.0,4.9637612612850965,1.0,6.736238738714904,0.3,0.0018,0.051800000000000006,0.3734119369357452,0.39927294572756566,0.0,1002175701787.7552
904,25.0,0.0,990883816383.2296,0.0,9.646926848830179e-07,9.56519215608203e-07,0.007592920093561464,0.007833792654200644,4.975702224823674,0.0,4.975702224823674,1.0,6.724297775176326,0.3,0.0018,0.051800000000000006,0.3728148887588163,0.40023344794270227,0.0,990883816383.2296
905,25.0,0.0,995114235072.0375,0.0,1.0652716380142715e-06,9.185446675352733e-07,0.010128228412009273,0.01020560874189276,5.011120521021743,0.0,5.011120521021743,1.0,6.688879478978257,0.3,0.0018,0.051800000000000006,0.37104397394891286,0.40308240999209644,0.0,995114235072.0375
906,25.0,0.0,1009472675324.9604,0.0,9.429480518974422e-07,9.482366620450602e-07,0.008447741359151705,0.008915144150801312,5.007949268046154,0.0,5.007949268046154,1.0,6.692050731953846,0.3,0.0018,0.051800000000000006,0.3712025365976923,0.4028273220757846,0.0,1009472675324.9604
907,25.0,0.0,997627799147.3616,0.0,1.0376251226192377e-06,1.095223348008058e-06,0.007024154339218141,0.008928591518569806,5.069701624690859,0.0,5.069701624690859,1.0,6.630298375309141,0.3,0.0018,0.051800000000000006,0.36811491876545704,0.40779453223060325,0.0,997627799147.3616
908,25.0,0.0,1000792921028.027,0.0,1.0786747617631822e-06,1.0251010430830215e-06,0.01071667407928034,0.010395003433218426,4.9837871310981665,0.0,4.9837871310981665,1.0,6.716212868901834,0.3,0.0018,0.051800000000000006,0.3724106434450917,0.400883778241487,0.0,1000792921028.027
909,25.0,0.0,1000191350355.2333,0.0,9.798188999544327e-07,1.0857207276445666e-06,0.008738945615408628,0.009132330079255737,5.018594168458256,0.0,5.018594168458256,1.0,6.681405831541745,0.3,0.0018,0.051800000000000006,0.37067029157708725,0.403683572108933,0.0,1000191350355.2333
910,25.0,0.0,1007001094622.459,0.0,1.08491851066373e-06,1.0807843864822773e-06,0.010191485865855877,0.01124742237787201,4.95692195753021,0.0,4.95692195753021,1.0,6.74307804246979,0.3,0.0018,0.051800000000000006,0.3737539021234895,0.39872280868164495,0.0,1007001094622.459
911,25.0,0.0,990439533578.8204,0.0,9.51829303142041e-07,1.018621661779567e-06,0.00800250383537863,0.008706216202104348,4.984664233787341,0.0,4.984664233787341,1.0,6.715335766212659,0.3,0.0018,0.051800000000000006,0.37236678831063297,0.40095433025959953,0.0,990439533578.8204
912,25.0,0.0,1009218725409.7721,0.0,1.0946653448108531e-06,1.0335594474689567e-06,0.01107136195021009,0.0073710385179892295,4.934438105884907,0.0,4.934438105884907,1.0,6.765561894115093,0.3,0.0018,0.051800000000000006,0.37487809470575467,0.39691426205637925,0.0,1009218725409.7721
913,25.0,0.0,998288277248.4977,0.0,9.621160765154637e-07,1.0567234511928974e-06,0.00827963835405797,0.014208811864041635,4.965195031168521,0.0,4.965195031168521,1.0,6.7348049688314795,0.3,0.0018,0.051800000000000006,0.373340248441574,0.3993882747078926,0.0,998288277248.4977
914,25.0,0.0,993256945061.2954,0.0,1.0311110224777733e-06,9.461721322569052e-07,0.0070881893428542874,0.014238750391204213,5.016178686927484,0.0,5.016178686927484,1.0,6.683821313072516,0.3,0.0018,0.051800000000000006,0.37079106565362585,0.4034892766190061,0.0,993256945061.2954
915,25.0,0.0,1008507843911.5835,0.0,1.03368438326627e-06,9.74575094308256e-07,0.0055914032200582615,0.014579724413418291,5.074189749366273,0.0,5.074189749366273,1.0,6.6258102506337275,0.3,0.0018,0.051800000000000006,0.3678905125316864,0.4081555461201956,0.0,1008507843911.5835
916,25.0,0.0,993354525819.2313,0.0,9.146223680018343e-07,9.782538815168302e-07,0.005523022501815992,0.008946571896128967,4.94575856429745,0.0,4.94575856429745,1.0,6.75424143570255,0.3,0.0018,0.051800000000000006,0.37431207178512754,0.3978248523405285,0.0,993354525819.2313
917,25.0,0.0,1003756308555.9258,0.0,1.0533696385815912e-06,9.499000394066549e-07,0.012594885969685273,0.010673975748963907,4.980006877443682,0.0,4.980006877443682,1.0,6.7199931225563185,0.3,0.0018,0.051800000000000006,0.3725996561278159,0.4005797037840799,0.0,1003756308555.9258
918,25.0,0.0,1008793058415.9645,0.0,1.0929083133386877e-06,1.0868222838085984e-06,0.006946084008037536,0.012312123485982134,4.977395722915654,0.0,4.977395722915654,1.0,6.722604277084346,0.3,0.0018,0.051800000000000006,0.37273021385421734,0.4003696688316967,0.0,1008793058415.9645
919,25.0,0.0,1009495588561.1531,0.0,9.533816619261936e-07,9.742943380336066e-07,0.009224829268287844,0.0124753372414384,5.0638545900154375,0.0,5.0638545900154375,1.0,6.636145409984563,0.3,0.0018,0.051800000000000006,0.36840727049922817,0.4073242109085776,0.0,1009495588561.1531
920,25.0,0.0,1001864151456.694,0.0,1.0008362646731371e-06,9.211415258040203e-07,0.006676743877201661,0.009011012572201448,5.0622408517655835,0.0,5.0622408517655835,1.0,6.637759148234417,0.3,0.0018,0.051800000000000006,0.36848795741172086,0.40719440570829984,0.0,1001864151456.694
921,25.0,0.0,1004857244416.9855,0.0,9.918247234127096e-07,9.017209911134366e-07,0.01188149331475618,0.009150608016161448,5.026046830492432,0.0,5.026046830492432,1.0,6.673953169507568,0.3,0.0018,0.051800000000000006,0.37029765847537843,0.4042830462107812,0.0,1004857244416.9855
922,25.0,0.0,996889924374.9121,0.0,9.78622656601838e-07,9.438348279306451e-07,0.009640068641341015,0.012523485232983854,4.942914963018846,0.0,4.942914963018846,1.0,6.757085036981154,0.3,0.0018,0.051800000000000006,0.37445425184905773,0.39759611993394833,0.0,996889924374.9121
923,25.0,0.0,997414757593.7014,0.0,1.0789410598960704e-06,9.63232296160414e-07,0.005310910933938431,0.008083048067450766,4.955708291381156,0.0,4.955708291381156,1.0,6.744291708618844,0.3,0.0018,0.051800000000000006,0.3738145854309422,0.398625184313156,0.0,997414757593.7014
924,25.0,0.0,1007406750200.7505,0.0,9.857195067111273e-07,9.073084398159133e-07,0.010441635076491495,0.005633679800507289,5.065790924934365,0.0,5.065790924934365,1.0,6.634209075065635,0.3,0.0018,0.051800000000000006,0.36831045375328175,0.407479965004373,0.0,1007406750200.7505
925,25.0,0.0,1003987373597.241,0.0,1.0602715425032366e-06,9.95130421350304e-07,0.00691771970665778,0.011398434001228315,4.937042049049392,0.0,4.937042049049392,1.0,6.762957950950608,0.3,0.0018,0.051800000000000006,0.3747478975475304,0.3971237169441274,0.0,1003987373597.241
926,25.0,0.0,1003698728742.4712,0.0,9.219049458564144e-07,9.800537104297184e-07,0.012335215877759965,0.0066370306151885845,5.009978550505357,0.0,5.009978550505357,1.0,6.690021449494643,0.3,0.0018,0.051800000000000006,0.3711010724747322,0.4029905526468273,0.0,1003698728742.4712
927,25.0,0.0,1006639645484.052,0.0,1.025398967988102e-06,9.281745593409557e-07,0.005231601745326691,0.005507485708249863,5.060588022229733,0.0,5.060588022229733,1.0,6.639411977770267,0.3,0.0018,0.051800000000000006,0.3685705988885134,0.4070614560995602,0.0,1006639645484.052
928,25.0,0.0,993992241824.6973,0.0,1.0592234201096747e-06,1.0349338362511548e-06,0.006155211936759376,0.013955411998124237,4.9491023589166945,0.0,4.9491023589166945,1.0,6.750897641083306,0.3,0.0018,0.051800000000000006,0.3741448820541653,0.39809381908918073,0.0,993992241824.6973
929,25.0,0.0,999692338781.8904,0.0,1.0107313484596112e-06,1.0962794665664224e-06,0.006196304552410429,0.012569488487920652,4.975148879336619,0.0,4.975148879336619,1.0,6.724851120663381,0.3,0.0018,0.051800000000000006,0.37284255603316907,0.4001889381705775,0.0,999692338781.8904
930,25.0,0.0,1000975057554.5054,0.0,9.810538918193205e-07,1.0271352050944581e-06,0.010764480197202221,0.012231605940548505,5.050460679940611,0.0,5.050460679940611,1.0,6.6495393200593895,0.3,0.0018,0.051800000000000006,0.3690769660029695,0.40624683718956,0.0,1000975057554.5054
931,25.0,0.0,999933842689.103,0.0,9.216645348475783e-07,9.625270708389548e-07,0.006718917953770243,0.008858527623441316,5.071003110886106,0.0,5.071003110886106,1.0,6.628996889113894,0.3,0.0018,0.051800000000000006,0.3680498444556947,0.4078992206311218,0.0,999933842689.103
932,25.0,0.0,1001318737904.4741,0.0,9.869906926580802e-07,9.895419608505775e-07,0.012014011293817085,0.005608625832057013,5.006012085243252,0.0,5.006012085243252,1.0,6.6939879147567485,0.3,0.0018,0.051800000000000006,0.37129939573783743,0.40267149977825384,0.0,1001318737904.4741
933,25.0,0.0,1009652895046.7332,0.0,1.0007577225300935e-06,9.338906359214357e-07,0.010882609716331705,0.013342988867126857,5.0648621095468,0.0,5.0648621095468,1.0,6.6351378904532,0.3,0.0018,0.051800000000000006,0.36835689452266,0.40740525334192407,0.0,1009652895046.7332
934,25.0,0.0,1004251517286.9866,0.0,1.0362033933253952e-06,1.037150408185643e-06,0.010001622862510787,0.011369762221255051,4.969157107883453,0.0,4.969157107883453,1.0,6.730842892116547,0.3,0.0018,0.051800000000000006,0.37314214460582734,0.3997069745723498,0.0,1004251517286.9866
935,25.0,0.0,1008862886147.8303,0.0,9.667827107561607e-07,9.187060302615856e-07,0.007801383876314065,0.013428353758099,5.023372176144982,0.0,5.023372176144982,1.0,6.676627823855018,0.3,0.0018,0.051800000000000006,0.3704313911927509,0.40406790348656546,0.0,1008862886147.8303
936,25.0,0.0,1001029442405.8329,0.0,9.467983885463625e-07,1.0928179949319332e-06,0.010923976724918148,0.005078975633196532,4.928772991344202,0.0,4.928772991344202,1.0,6.771227008655798,0.3,0.0018,0.051800000000000006,0.3751613504327899,0.39645857394982315,0.0,1001029442405.8329
937,25.0,0.0,1005261450381.2772,0.0,9.840919552501553e-07,1.0597222492284604e-06,0.014375324448125379,0.006721711077696216,5.039620459931303,0.0,5.039620459931303,1.0,6.660379540068697,0.3,0.0018,0.051800000000000006,0.3696189770034349,0.4053748761206003,0.0,1005261450381.2772
938,25.0,0.0,998255097020.7278,0.0,9.044112134620098e-07,9.867852413620528e-07,0.011800476495692705,0.006104154582825219,5.043838039552613,0.0,5.043838039552613,1.0,6.656161960447387,0.3,0.0018,0.051800000000000006,0.3694080980223694,0.4057141280206413,0.0,998255097020.7278
939,25.0,0.0,993058962756.6176,0.0,9.395711281571483e-07,9.157879351406409e-07,0.014521925363959,0.013926227098094688,5.023358820909969,0.0,5.023358820909969,1.0,6.676641179090031,0.3,0.0018,0.051800000000000006,0.37043205895450154,0.4040668292237749,0.0,993058962756.6176
940,25.0,0.0,1003110401502.2285,0.0,1.0687371128403907e-06,1.0306491354584843e-06,0.010036768870376776,0.008897214978984479,5.000470083918686,0.0,5.000470083918686,1.0,6.699529916081314,0.3,0.0018,0.051800000000000006,0.3715764958040657,0.40222571460092393,0.0,1003110401502.2285
941,25.0,0.0,998962368179.6069,0.0,9.833026737351776e-07,9.051119533270859e-07,0.007830193217738491,0.007317418640916982,5.044037301774796,0.0,5.044037301774796,1.0,6.6559626982252045,0.3,0.0018,0.051800000000000006,0.3693981349112602,0.40573015619166636,0.0,998962368179.6069
942,25.0,0.0,1006214097676.8325,0.0,9.348501685462435e-07,1.06539096387916e-06,0.010506517276604024,0.012736497745794804,5.050726402214312,0.0,5.050726402214312,1.0,6.6492735977856885,0.3,0.0018,0.051800000000000006,0.36906367988928446,0.4062682112463249,0.0,1006214097676.8325
943,25.0,0.0,1005984694865.9695,0.0,9.414051201353119e-07,1.0863404532680247e-06,0.00904201880306392,0.01387610527454804,5.0157670556997385,0.0,5.0157670556997385,1.0,6.684232944300262,0.3,0.0018,0.051800000000000006,0.3708116472150131,0.40345616599901374,0.0,1005984694865.9695
944,25.0,0.0,1008286552485.7462,0.0,9.012184810993635e-07,9.036569082140566e-07,0.012776326050180475,0.006619363533783896,5.0148107653442215,0.0,5.0148107653442215,1.0,6.685189234655779,0.3,0.0018,0.051800000000000006,0.37085946173278894,0.40337924431662014,0.0,1008286552485.7462
945,25.0,0.0,1001386276168.2283,0.0,1.0892630854735902e-06,1.0720340312698335e-06,0.007880427914974692,0.010288144909503395,5.000094928573086,0.0,5.000094928573086,1.0,6.699905071426914,0.3,0.0018,0.051800000000000006,0.37159525357134576,0.4021955380126356,0.0,1001386276168.2283
946,25.0,0.0,1001244551092.4314,0.0,9.325622102353116e-07,1.0100971206556677e-06,0.006056729203618296,0.011174989318185006,4.97985248050805,0.0,4.97985248050805,1.0,6.72014751949195,0.3,0.0018,0.051800000000000006,0.37260737597459753,0.40056728446815076,0.0,1001244551092.4314
947,25.0,0.0,992723752750.8341,0.0,1.064173338284583e-06,1.0389719239085568e-06,0.01248811801884228,0.007647152176894068,5.0213080250634174,0.0,5.0213080250634174,1.0,6.678691974936583,0.3,0.0018,0.051800000000000006,0.37053459874682915,0.4039018681679068,0.0,992723752750.8341
948,25.0,0.0,1008645588951.0618,0.0,9.461345081978515e-07,9.222766179038576e-07,0.014489194448685013,0.006121876660601327,4.963560507207087,0.0,4.963560507207087,1.0,6.736439492792913,0.3,0.0018,0.051800000000000006,0.37342197463964566,0.39925679755526766,0.0,1008645588951.0618
949,25.0,0.0,996282695481.9609,0.0,9.683806611618713e-07,1.0008609758935548e-06,0.012459357839217814,0.01051080102079216,5.036538726111846,0.0,5.036538726111846,1.0,6.663461273888154,0.3,0.0018,0.051800000000000006,0.3697730636944077,0.40512698890861054,0.0,996282695481.9609
950,25.0,0.0,1002992978144.2349,0.0,1.0420382789602208e-06,1.0583549841410383e-06,0.006455976382835313,0.011776737327105402,5.03555328684883,0.0,5.03555328684883,1.0,6.66444671315117,0.3,0.0018,0.051800000000000006,0.3698223356575585,0.40504772255862537,0.0,1002992978144.2349
951,25.0,0.0,996094232066.054,0.0,1.0734193630961022e-06,9.494039676232853e-07,0.009155024624318001,0.00867922830036819,5.059709273383741,0.0,5.059709273383741,1.0,6.640290726616259,0.3,0.0018,0.051800000000000006,0.368614536330813,0.40699077166857633,0.0,996094232066.054
952,25.0,0.0,1005880778092.8766,0.0,1.088738899664983e-06,1.0605015058512017e-06,0.00900206627674863,0.014508118432576829,5.0036862249907,0.0,5.0036862249907,1.0,6.6963137750093,0.3,0.0018,0.051800000000000006,0.37141568875046505,0.4024844132071026,0.0,1005880778092.8766
953,25.0,0.0,1002434591740.7454,0.0,1.0168136089786407e-06,9.723196044615059e-07,0.010343854800582739,0.005018748478732528,5.0522632032003045,0.0,5.0522632032003045,1.0,6.647736796799696,0.3,0.0018,0.051800000000000006,0.3689868398399848,0.40639182779925226,0.0,1002434591740.7454
954,25.0,0.0,998758317140.1016,0.0,1.0274805420992378e-06,1.0049124880704559e-06,0.005435235820670626,0.013715123220777645,4.993476339768044,0.0,4.993476339768044,1.0,6.706523660231956,0.3,0.0018,0.051800000000000006,0.3719261830115978,0.40166315474324676,0.0,998758317140.1016
955,25.0,0.0,1003203088375.6614,0.0,9.853828003471122e-07,9.820994125241976e-07,0.010363386363873427,0.005505944128991033,4.9698436646326885,0.0,4.9698436646326885,1.0,6.730156335367312,0.3,0.0018,0.051800000000000006,0.37310781676836563,0.39976219953609143,0.0,1003203088375.6614
956,25.0,0.0,998378683308.3464,0.0,1.0490418723800466e-06,9.520580619412382e-07,0.006623701038462953,0.0065451490023428725,5.03438949187471,0.0,5.03438949187471,1.0,6.66561050812529,0.3,0.0018,0.051800000000000006,0.36988052540626454,0.4049541097067817,0.0,998378683308.3464
957,25.0,0.0,992300856307.244,0.0,1.0142232203744319e-06,1.0371998120743627e-06,0.0067803890836326194,0.012265879062171671,5.065414470099583,0.0,5.065414470099583,1.0,6.634585529900417,0.3,0.0018,0.051800000000000006,0.3683292764950209,0.40744968388831904,0.0,992300856307.244
958,25.0,0.0,1003590877105.6821,0.0,9.098575492771442e-07,9.604677390704997e-07,0.014055851019501318,0.009111393201759752,5.054699800704664,0.0,5.054699800704664,1.0,6.645300199295336,0.3,0.0018,0.051800000000000006,0.36886500996476684,0.4065878218070032,0.0,1003590877105.6821
959,25.0,0.0,990104326421.2979,0.0,9.215627690060841e-07,9.957496829364109e-07,0.007603168556580988,0.008923829658293149,5.00556160335002,0.0,5.00556160335002,1.0,6.69443839664998,0.3,0.0018,0.051800000000000006,0.371321919832499,0.4026352641047313,0.0,990104326421.2979
960,25.0,0.0,1009792238685.8373,0.0,9.638786976314736e-07,9.642842949929297e-07,0.008793859209327626,0.011847809184423453,4.962161569802444,0.0,4.962161569802444,1.0,6.737838430197556,0.3,0.0018,0.051800000000000006,0.3734919215098778,0.3991442704152545,0.0,1009792238685.8373
961,25.0,0.0,996446441166.5718,0.0,1.0959345269885362e-06,9.239347135375022e-07,0.0084381988440081,0.007079720698064753,4.953018439333567,0.0,4.953018439333567,1.0,6.746981560666433,0.3,0.0018,0.051800000000000006,0.37394907803332167,0.3984088191227129,0.0,996446441166.5718
962,25.0,0.0,998513040811.952,0.0,9.557243148507278e-07,1.0984256312681463e-06,0.014236773739902505,0.005758988409893572,5.023482597799419,0.0,5.023482597799419,1.0,6.676517402200581,0.3,0.0018,0.051800000000000006,0.3704258701100291,0.4040767855372763,0.0,998513040811.952
963,25.0,0.0,1001939214110.811,0.0,9.13397662857765e-07,9.69919582411541e-07,0.014854941257755844,0.006822853489906168,4.944100015925997,0.0,4.944100015925997,1.0,6.755899984074003,0.3,0.0018,0.051800000000000006,0.3743949992037002,0.39769144272249013,0.0,1001939214110.811
964,25.0,0.0,1003445470953.4932,0.0,1.0387443144186345e-06,9.271541364578353e-07,0.01108221897478507,0.012768766825595324,5.054827490948671,0.0,5.054827490948671,1.0,6.64517250905133,0.3,0.0018,0.051800000000000006,0.3688586254525665,0.40659809290127663,0.0,1003445470953.4932
965,25.0,0.0,1005621808871.6516,0.0,9.063858956641775e-07,1.0650427127298609e-06,0.0100599113381086,0.00826633132428422,4.926714365784732,0.0,4.926714365784732,1.0,6.773285634215268,0.3,0.0018,0.051800000000000006,0.3752642817107634,0.39629298309079247,0.0,1005621808871.6516
966,25.0,0.0,999794117699.2972,0.0,9.717011254498036e-07,9.330610295075045e-07,0.006128815531803866,0.007763078206741436,5.00742628211936,0.0,5.00742628211936,1.0,6.692573717880641,0.3,0.0018,0.051800000000000006,0.3712286858940321,0.4027852543532303,0.0,999794117699.2972
967,25.0,0.0,999558617679.1292,0.0,9.257255598242579e-07,9.077731271071776e-07,0.005354587269489389,0.008501790180278673,5.032820311780599,0.0,5.032820311780599,1.0,6.667179688219401,0.3,0.0018,0.051800000000000006,0.3699589844109701,0.4048278886567406,0.0,999558617679.1292
968,25.0,0.0,1004313486186.2767,0.0,9.05349574596369e-07,9.390066431076103e-07,0.00556120911050585,0.010313431052703059,4.930944089218762,0.0,4.930944089218762,1.0,6.769055910781238,0.3,0.0018,0.051800000000000006,0.3750527955390619,0.39663321180974603,0.0,1004313486186.2767
969,25.0,0.0,1004559087333.4496,0.0,1.0013527879340465e-06,1.0850725752506933e-06,0.01490240773855308,0.008592146860145458,4.943879621037385,0.0,4.943879621037385,1.0,6.756120378962615,0.3,0.0018,0.051800000000000006,0.3744060189481308,0.39767371469090934,0.0,1004559087333.4496
970,25.0,0.0,1000620113341.235,0.0,9.960898828573583e-07,1.0526375152152003e-06,0.007740209745418522,0.010374747246397253,4.975274187399303,0.0,4.975274187399303,1.0,6.724725812600697,0.3,0.0018,0.051800000000000006,0.3728362906300349,0.4001990176479491,0.0,1000620113341.235
971,25.0,0.0,990170094610.2122,0.0,9.340324016133164e-07,1.0448947580406078e-06,0.01067338666845458,0.009014826777231746,5.029109964381089,0.0,5.029109964381089,1.0,6.670890035618911,0.3,0.0018,0.051800000000000006,0.3701445017809456,0.4045294372893411,0.0,990170094610.2122
972,25.0,0.0,1000907585531.4381,0.0,9.827829108785508e-07,1.0578052243126258e-06,0.013290518916228181,0.006372938368763987,4.960704703939092,0.0,4.960704703939092,1.0,6.7392952960609085,0.3,0.0018,0.051800000000000006,0.37356476480304546,0.3990270836501843,0.0,1000907585531.4381
973,25.0,0.0,997850700137.9484,0.0,1.019107862185322e-06,9.203230885795231e-07,0.0076991915302675636,0.011655206459463566,4.984781768470002,0.0,4.984781768470002,1.0,6.715218231529998,0.3,0.0018,0.051800000000000006,0.3723609115764999,0.40096378446509023,0.0,997850700137.9484
974,25.0,0.0,1009690231065.8197,0.0,9.158134342927215e-07,9.205805948447272e-07,0.014685007220294158,0.011792349127484714,5.037870367750073,0.0,5.037870367750073,1.0,6.662129632249927,0.3,0.0018,0.051800000000000006,0.36970648161249636,0.40523410293999945,0.0,1009690231065.8197
975,25.0,0.0,998967243216.4952,0.0,1.0732725925884148e-06,9.474671029492744e-07,0.010959617908338205,0.006571019027384534,5.068741530968263,0.0,5.068741530968263,1.0,6.631258469031737,0.3,0.0018,0.051800000000000006,0.36816292345158685,0.4077173046145643,0.0,998967243216.4952
976,25.0,0.0,994622258884.5371,0.0,1.0318528614045313e-06,9.656856206909505e-07,0.013188338654260511,0.013853708982474504,5.0532604895381,0.0,5.0532604895381,1.0,6.6467395104619005,0.3,0.0018,0.051800000000000006,0.36893697552309507,0.40647204709926793,0.0,994622258884.5371
977,25.0,0.0,1001189815097.3845,0.0,9.954850170516923e-07,1.0200522295937743e-06,0.0063565415803575,0.009088472331174553,4.951650764298192,0.0,4.951650764298192,1.0,6.7483492357018084,0.3,0.0018,0.051800000000000006,0.37401746178509043,0.3982988066520425,0.0,1001189815097.3845
978,25.0,0.0,994249912104.4404,0.0,1.009967292435534e-06,9.047286237024469e-07,0.012885244838021156,0.014094683959294904,5.057064391367396,0.0,5.057064391367396,1.0,6.642935608632604,0.3,0.0018,0.051800000000000006,0.36874678043163023,0.4067780237586387,0.0,994249912104.4404
979,25.0,0.0,1001728039110.7587,0.0,1.0897688465002856e-06,9.626477461006877e-07,0.013634337560558707,0.012924726655587769,5.041369816610163,0.0,5.041369816610163,1.0,6.658630183389837,0.3,0.0018,0.051800000000000006,0.3695315091694919,0.4055155901391701,0.0,1001728039110.7587
980,25.0,0.0,998001099317.7477,0.0,1.0475609075628685e-06,1.075947420531523e-06,0.013758453206592816,0.012213396243862598,5.068533916673228,0.0,5.068533916673228,1.0,6.631466083326772,0.3,0.0018,0.051800000000000006,0.3681733041663386,0.40770060462300745,0.0,998001099317.7477
981,25.0,0.0,991283829640.6725,0.0,9.180393914016244e-07,1.0136001950396273e-06,0.008901097124557195,0.005816094315023869,5.022217520753628,0.0,5.022217520753628,1.0,6.677782479246372,0.3,0.0018,0.051800000000000006,0.37048912396231864,0.4039750258006457,0.0,991283829640.6725
982,25.0,0.0,1003888734386.1754,0.0,9.274792898630553e-07,9.294726533049491e-07,0.01099078468954335,0.012787908081266031,5.014534055221072,0.0,5.014534055221072,1.0,6.685465944778928,0.3,0.0018,0.051800000000000006,0.3708732972389464,0.40335698642383144,0.0,1003888734386.1754
983,25.0,0.0,1005946424946.9697,0.0,9.78191961593645e-07,9.299884353853789e-07,0.006353968117049576,0.01097477596656598,5.0070654598783015,0.0,5.0070654598783015,1.0,6.692934540121699,0.3,0.0018,0.051800000000000006,0.37124672700608496,0.40275623068519156,0.0,1005946424946.9697
984,25.0,0.0,1009134967369.0837,0.0,9.413765861802134e-07,9.427843704615094e-07,0.008874215296913594,0.013532271752989461,5.014394091491168,0.0,5.014394091491168,1.0,6.685605908508832,0.3,0.0018,0.051800000000000006,0.37088029542544165,0.40334572808004887,0.0,1009134967369.0837
985,25.0,0.0,991806633660.5619,0.0,9.807040284606633e-07,1.029670533141929e-06,0.01049453966963101,0.013747547823390858,4.92744127739982,0.0,4.92744127739982,1.0,6.77255872260018,0.3,0.0018,0.051800000000000006,0.375227936130009,0.39635145410230216,0.0,991806633660.5619
986,25.0,0.0,996085796569.5273,0.0,1.0380828343354243e-06,9.343993356732286e-07,0.009907845441119428,0.012219041809779858,5.065601498200929,0.0,5.065601498200929,1.0,6.634398501799071,0.3,0.0018,0.051800000000000006,0.36831992508995354,0.40746472797626526,0.0,996085796569.5273
987,25.0,0.0,999994037193.9257,0.0,9.095559100949842e-07,1.0197021269363168e-06,0.012769219025104243,0.005360605554964043,5.042538390644828,0.0,5.042538390644828,1.0,6.657461609355172,0.3,0.0018,0.051800000000000006,0.3694730804677586,0.40560958740708075,0.0,999994037193.9257
988,25.0,0.0,994894567454.314,0.0,9.239501654414437e-07,9.477781900468933e-07,0.0080278967147743,0.008194366395367862,4.951255983214522,0.0,4.951255983214522,1.0,6.748744016785478,0.3,0.0018,0.051800000000000006,0.37403720083927394,0.3982670514168695,0.0,994894567454.314
989,25.0,0.0,1005677872296.3121,0.0,1.0895287078961922e-06,9.477845425584648e-07,0.009068204534500506,0.013135253114345706,4.991432955530544,0.0,4.991432955530544,1.0,6.708567044469456,0.3,0.0018,0.051800000000000006,0.3720283522234728,0.401498789859278,0.0,1005677872296.3121
990,25.0,0.0,1000014421447.4937,0.0,9.811212999163047e-07,9.862608662239948e-07,0.007639436128014251,0.010353472984174116,4.957918435065432,0.0,4.957918435065432,1.0,6.742081564934568,0.3,0.0018,0.051800000000000006,0.3737040782467284,0.39880296292353856,0.0,1000014421447.4937
991,25.0,0.0,998205579768.2837,0.0,9.013991883618746e-07,9.688978445284793e-07,0.009403011481467886,0.009697985075456973,5.037309721656551,0.0,5.037309721656551,1.0,6.662690278343449,0.3,0.0018,0.051800000000000006,0.3697345139171725,0.4051890059247547,0.0,998205579768.2837
992,25.0,0.0,997011996990.5575,0.0,9.562507228383157e-07,9.282700667630378e-07,0.014615408704921985,0.013095299568090218,5.06877493295362,0.0,5.06877493295362,1.0,6.631225067046381,0.3,0.0018,0.051800000000000006,0.36816125335231903,0.4077199913894482,0.0,997011996990.5575
993,25.0,0.0,998745231514.7621,0.0,9.276650677743517e-07,9.234371045669196e-07,0.0056895278424584205,0.012650179989319745,5.0428889800750305,0.0,5.0428889800750305,1.0,6.65711101992497,0.3,0.0018,0.051800000000000006,0.3694555509962485,0.40563778797257327,0.0,998745231514.7621
994,25.0,0.0,1004465766716.3041,0.0,9.31578884387321e-07,9.590252020969205e-07,0.010011468399329608,0.00829651472269681,5.070462384011239,0.0,5.070462384011239,1.0,6.629537615988761,0.3,0.0018,0.051800000000000006,0.36807688079943807,0.4078557258696299,0.0,1004465766716.3041
995,25.0,0.0,1003463308579.3607,0.0,9.004878560810534e-07,1.0236947396601486e-06,0.007437689747690337,0.008752336415879216,5.030952333610227,0.0,5.030952333610227,1.0,6.6690476663897735,0.3,0.0018,0.051800000000000006,0.3700523833194887,0.4046776330124056,0.0,1003463308579.3607
996,25.0,0.0,993348207036.7424,0.0,9.638732047014407e-07,1.082585561681615e-06,0.010343466402890505,0.013659639941704122,4.983527154272527,0.0,4.983527154272527,1.0,6.716472845727473,0.3,0.0018,0.051800000000000006,0.3724236422863737,0.40086286633466267,0.0,993348207036.7424
997,25.0,0.0,995962380511.3604,0.0,9.063300361429747e-07,1.0837724490646238e-06,0.012168687443996799,0.011251100644684705,5.004873921411775,0.0,5.004873921411775,1.0,6.695126078588225,0.3,0.0018,0.051800000000000006,0.37135630392941127,0.4025799486335083,0.0,995962380511.3604
998,25.0,0.0,1006531595894.8021,0.0,1.0497161526221764e-06,9.56195610365947e-07,0.014767617378164719,0.005318972084370289,4.982986489291597,0.0,4.982986489291597,1.0,6.717013510708403,0.3,0.0018,0.051800000000000006,0.37245067553542016,0.40081937655176936,0.0,1006531595894.8021
999,25.0,0.0,992826761858.6732,0.0,9.856389401033655e-07,1.0866788121323456e-06,0.013361195347088208,0.009640896376905142,5.070946265132241,0.0,5.070946265132241,1.0,6.629053734867759,0.3,0.0018,0.051800000000000006,0.368052686743388,0.4078946480962227,0.0,992826761858.6732
1000,25.0,0.0,994921139609.7365,0.0,9.059434426712867e-07,9.017760386532897e-07,0.012054532209394644,0.006182936224656007,5.007171235566623,0.0,5.007171235566623,1.0,6.6928287644333775,0.3,0.0018,0.051800000000000006,0.3712414382216689,0.40276473902562926,0.0,994921139609.7365
1001,25.0,0.0,998974827982.9137,0.0,1.0779461975709701e-06,9.598460201203314e-07,0.014742165296843301,0.013445414996596971,5.022595260812278,0.0,5.022595260812278,1.0,6.677404739187722,0.3,0.0018,0.051800000000000006,0.37047023695938613,0.4040054102969979,0.0,998974827982.9137
1002,25.0,0.0,1006323865381.4071,0.0,1.098566012981406e-06,1.0817238739509277e-06,0.009855014403429226,0.01222829915775395,5.003601334192817,0.0,5.003601334192817,1.0,6.696398665807183,0.3,0.0018,0.051800000000000006,0.37141993329035916,0.4024775847967195,0.0,1006323865381.4071
1003,25.0,0.0,990464451103.1409,0.0,9.672934831753454e-07,1.0835227265264699e-06,0.008982735831433896,0.013875122152019241,4.994365086894763,0.0,4.994365086894763,1.0,6.7056349131052375,0.3,0.0018,0.051800000000000006,0.3718817456552619,0.40173464341174087,0.0,990464451103.1409
1004,25.0,0.0,1001213415378.3735,0.0,9.088814007255633e-07,9.221866264896448e-07,0.0063931032764153045,0.008648362904106062,5.0160999433616515,0.0,5.0160999433616515,1.0,6.683900056638349,0.3,0.0018,0.051800000000000006,0.37079500283191746,0.4034829426770955,0.0,1001213415378.3735
1005,25.0,0.0,995296174746.3467,0.0,1.0984539857344659e-06,9.785973809501877e-07,0.00589195418747444,0.010811148144739335,5.062946010893944,0.0,5.062946010893944,1.0,6.6370539891060565,0.3,0.0018,0.051800000000000006,0.36845269945530285,0.40725112700240856,0.0,995296174746.3467
1006,25.0,0.0,1008564635922.0466,0.0,1.0989845461306998e-06,9.066563139759301e-07,0.013348396761435621,0.013570106695222614,5.062505058614295,0.0,5.062505058614295,1.0,6.637494941385706,0.3,0.0018,0.051800000000000006,0.3684747470692853,0.40721565786794517,0.0,1008564635922.0466
1007,25.0,0.0,993901607982.4236,0.0,9.717290304726923e-07,1.0192347301323952e-06,0.011755605071583002,0.008470686667461789,4.957435744895431,0.0,4.957435744895431,1.0,6.742564255104569,0.3,0.0018,0.051800000000000006,0.3737282127552285,0.3987641364941627,0.0,993901607982.4236
1008,25.0,0.0,1003537484673.4562,0.0,9.253073217145412e-07,1.0637034780508923e-06,0.011881478015409553,0.005305050766906392,4.975339677415257,0.0,4.975339677415257,1.0,6.724660322584743,0.3,0.0018,0.051800000000000006,0.3728330161292372,0.40020428550637527,0.0,1003537484673.4562
1009,25.0,0.0,992348337764.1682,0.0,9.049122789820265e-07,9.186154322705125e-07,0.0076630011772454475,0.013199702656357306,5.00399562649058,0.0,5.00399562649058,1.0,6.69600437350942,0.3,0.0018,0.051800000000000006,0.371400218675471,0.40250930071513674,0.0,992348337764.1682
1010,25.0,0.0,1000830211206.5001,0.0,9.445246727648379e-07,9.445044721981215e-07,0.01099952512612342,0.009616243661893464,4.983137759384128,0.0,4.983137759384128,1.0,6.716862240615872,0.3,0.0018,0.051800000000000006,0.3724431120307936,0.4008315443520052,0.0,1000830211206.5001
1011,25.0,0.0,996283869121.1176,0.0,9.96074003128823e-07,1.043328606349169e-06,0.01230290267982916,0.012290707214130404,4.955227936990812,0.0,4.955227936990812,1.0,6.744772063009188,0.3,0.0018,0.051800000000000006,0.3738386031504594,0.3985865457682442,0.0,996283869121.1176
1012,25.0,0.0,997630603410.8129,0.0,9.7295734835844e-07,9.995333654683937e-07,0.009745255948025468,0.009336638024692425,5.051844705247944,0.0,5.051844705247944,1.0,6.648155294752057,0.3,0.0018,0.051800000000000006,0.36900776473760283,0.40635816483654635,0.0,997630603410.8129
1013,25.0,0.0,1002372031547.1085,0.0,1.0218400319852217e-06,1.0920040695575562e-06,0.013721677122609289,0.008487399483527315,5.0539859667936256,0.0,5.0539859667936256,1.0,6.646014033206375,0.3,0.0018,0.051800000000000006,0.36890070166031874,0.40653040273436497,0.0,1002372031547.1085
1014,25.0,0.0,1002204176133.2882,0.0,1.0299134558164435e-06,9.187285609094044e-07,0.012341880218690574,0.009198198285953429,5.013096076801466,0.0,5.013096076801466,1.0,6.6869039231985345,0.3,0.0018,0.051800000000000006,0.37094519615992677,0.40324131891903675,0.0,1002204176133.2882
1015,25.0,0.0,999919827082.7048,0.0,9.631335944752349e-07,9.291640346842829e-07,0.00935428941996142,0.01443979121286363,4.959169103998071,0.0,4.959169103998071,1.0,6.740830896001929,0.3,0.0018,0.051800000000000006,0.3736415448000965,0.39890356370640856,0.0,999919827082.7048
1016,25.0,0.0,1004361995705.3386,0.0,9.903034120458666e-07,9.735506201189549e-07,0.0061284034331735545,0.008455819525117756,4.977518743743977,0.0,4.977518743743977,1.0,6.722481256256023,0.3,0.0018,0.051800000000000006,0.3727240628128012,0.4003795643294705,0.0,1004361995705.3386
1017,25.0,0.0,999400350450.2126,0.0,9.92311531712511e-07,9.215086601749879e-07,0.007301528952759402,0.009075176760576002,4.973805315945528,0.0,4.973805315945528,1.0,6.726194684054472,0.3,0.0018,0.051800000000000006,0.3729097342027236,0.40008086518223357,0.0,999400350450.2126
1018,25.0,0.0,1001566169038.3734,0.0,9.794541236578134e-07,1.0224384879664022e-06,0.00624607165444381,0.0066253318821690565,4.970467453009505,0.0,4.970467453009505,1.0,6.729532546990495,0.3,0.0018,0.051800000000000006,0.3730766273495248,0.3998123755638276,0.0,1001566169038.3734
1019,25.0,0.0,990495366428.1249,0.0,1.0805216218997608e-06,1.0995086296444175e-06,0.00987590477828093,0.009953700730217582,5.041009814335616,0.0,5.041009814335616,1.0,6.6589901856643845,0.3,0.0018,0.051800000000000006,0.3695495092832192,0.4054866324272535,0.0,990495366428.1249
1020,25.0,0.0,991996557636.2992,0.0,1.096764368225775e-06,1.0507266561606723e-06,0.014850458756852179,0.012460486256706016,5.016216510770988,0.0,5.016216510770988,1.0,6.683783489229012,0.3,0.0018,0.051800000000000006,0.3707891744614506,0.40349231907746047,0.0,991996557636.2992
1021,25.0,0.0,999281320598.0382,0.0,1.004035611866871e-06,9.516986947802861e-07,0.009866763464421453,0.006461354059210859,5.009809264845506,0.0,5.009809264845506,1.0,6.690190735154494,0.3,0.0018,0.051800000000000006,0.37110953675772473,0.40297693571794607,0.0,999281320598.0382
1022,25.0,0.0,999980562835.6478,0.0,1.092475976727184e-06,9.893888630785752e-07,0.00852279229626751,0.005291966050925809,5.051488154466835,0.0,5.051488154466835,1.0,6.648511845533165,0.3,0.0018,0.051800000000000006,0.36902559227665827,0.40632948475441083,0.0,999980562835.6478
1023,25.0,0.0,994910655986.7695,0.0,1.0890949151483334e-06,9.76161941130404e-07,0.006348760683792313,0.006091947472727373,4.925954295850083,0.0,4.925954295850083,1.0,6.774045704149917,0.3,0.0018,0.051800000000000006,0.37530228520749587,0.396231844904286,0.0,994910655986.7695
1024,25.0,0.0,1009856355055.0714,0.0,9.324367556592087e-07,1.0955418911826243e-06,0.008278134430019509,0.008336196094925436,5.028100542933866,0.0,5.028100542933866,1.0,6.671899457066134,0.3,0.0018,0.051800000000000006,0.3701949728533067,0.4044482418704847,0.0,1009856355055.0714
1025,25.0,0.0,1009945945529.7549,0.0,1.0563352982414667e-06,9.780627341133103e-07,0.005659213890156569,0.012926674342344232,5.01457371303572,0.0,5.01457371303572,1.0,6.68542628696428,0.3,0.0018,0.051800000000000006,0.370871314348214,0.4033601764024871,0.0,1009945945529.7549
1026,25.0,0.0,996102461261.8822,0.0,1.0366559417089383e-06,1.057549032620631e-06,0.014610204085844201,0.007954071583241544,4.999045461284637,0.0,4.999045461284637,1.0,6.700954538715363,0.3,0.0018,0.051800000000000006,0.3716477269357682,0.4021111214032044,0.0,996102461261.8822
1027,25.0,0.0,997480070162.3928,0.0,9.941690987198347e-07,9.728950119553994e-07,0.011240779665293413,0.013286156771170003,4.961252169947718,0.0,4.961252169947718,1.0,6.738747830052282,0.3,0.0018,0.051800000000000006,0.3735373915026141,0.39907112049129007,0.0,997480070162.3928
1028,25.0,0.0,1005558811975.1707,0.0,9.418662437794057e-07,1.007853392248883e-06,0.014000110985252844,0.008919504550914916,4.989482463533234,0.0,4.989482463533234,1.0,6.710517536466766,0.3,0.0018,0.051800000000000006,0.37212587682333836,0.4013418970023515,0.0,1005558811975.1707
1029,25.0,0.0,1004112039789.2327,0.0,9.301587033268034e-07,1.0428906472014476e-06,0.009697382220104422,0.013528908846746433,5.061117847525386,0.0,5.061117847525386,1.0,6.638882152474614,0.3,0.0018,0.051800000000000006,0.36854410762373074,0.4071040739643972,0.0,1004112039789.2327
1030,25.0,0.0,1005137105536.2994,0.0,1.0242696881341861e-06,1.020175212095698e-06,0.0054500538739811095,0.013560330222059384,4.931960534124374,0.0,4.931960534124374,1.0,6.768039465875626,0.3,0.0018,0.051800000000000006,0.3750019732937813,0.3967149721786015,0.0,1005137105536.2994
1031,25.0,0.0,1008994902854.5902,0.0,9.952804571225773e-07,9.354859092762021e-07,0.009879444868290838,0.006023129250830492,5.055880416345496,0.0,5.055880416345496,1.0,6.644119583654504,0.3,0.0018,0.051800000000000006,0.36880597918272523,0.4066827876725785,0.0,1008994902854.5902
1032,25.0,0.0,991590614049.6161,0.0,1.0732383216780219e-06,1.0406811864954425e-06,0.005824555175109666,0.006599071997261758,4.983846273606126,0.0,4.983846273606126,1.0,6.716153726393874,0.3,0.0018,0.051800000000000006,0.37240768631969373,0.40088853552172826,0.0,991590614049.6161
1033,25.0,0.0,1003045840892.6176,0.0,1.0576114924760922e-06,9.736811857143886e-07,0.007448706445532208,0.01069984941939691,4.927005819968081,0.0,4.927005819968081,1.0,6.772994180031919,0.3,0.0018,0.051800000000000006,0.375249709001596,0.3963164269601095,0.0,1003045840892.6176
1034,25.0,0.0,1008561151919.7114,0.0,1.028487317633009e-06,9.453646876737666e-07,0.01060213070984709,0.00754027726153189,5.010703476294118,0.0,5.010703476294118,1.0,6.689296523705882,0.3,0.0018,0.051800000000000006,0.3710648261852941,0.40304886392327205,0.0,1008561151919.7114
1035,25.0,0.0,1007738349528.1459,0.0,1.0553325777849886e-06,9.191008261464389e-07,0.012403609087054238,0.007824591296127042,4.945346265301379,0.0,4.945346265301379,1.0,6.754653734698621,0.3,0.0018,0.051800000000000006,0.3743326867349311,0.39779168800686765,0.0,1007738349528.1459
1036,25.0,0.0,1000602792034.6089,0.0,9.118895964212038e-07,9.102760498185354e-07,0.011011675039480969,0.011238646423554165,4.932076183477267,0.0,4.932076183477267,1.0,6.767923816522734,0.3,0.0018,0.051800000000000006,0.3749961908261367,0.39672427473272737,0.0,1000602792034.6089
1037,25.0,0.0,1003133613115.0615,0.0,9.841464567193762e-07,1.0096515562293938e-06,0.010785603756088172,0.00812045283300319,4.933073810366242,0.0,4.933073810366242,1.0,6.766926189633758,0.3,0.0018,0.051800000000000006,0.37494630948168794,0.396804521425856,0.0,1003133613115.0615
1038,25.0,0.0,994004636450.4478,0.0,1.0154094957287838e-06,9.799266153481039e-07,0.013334933087006336,0.01198401595693379,4.928411219515875,0.0,4.928411219515875,1.0,6.771588780484125,0.3,0.0018,0.051800000000000006,0.37517943902420625,0.3964294738992821,0.0,994004636450.4478
1039,25.0,0.0,996940385781.657,0.0,1.0372131259292539e-06,9.621176475737899e-07,0.014830388714978812,0.011487084867117532,5.015866956868084,0.0,5.015866956868084,1.0,6.684133043131916,0.3,0.0018,0.051800000000000006,0.3708066521565958,0.4034642018072783,0.0,996940385781.657
1040,25.0,0.0,998939480046.5288,0.0,1.0025527261460755e-06,1.0526065866942782e-06,0.007625677124679019,0.012021569952824843,5.047489557033675,0.0,5.047489557033675,1.0,6.652510442966325,0.3,0.0018,0.051800000000000006,0.3692255221483163,0.4060078472517435,0.0,998939480046.5288
1041,25.0,0.0,1007770141145.2433,0.0,1.0394383142748207e-06,1.0937356402232922e-06,0.010736506498745382,0.007173163119843926,5.074813070866132,0.0,5.074813070866132,1.0,6.625186929133868,0.3,0.0018,0.051800000000000006,0.36785934645669344,0.40820568459347906,0.0,1007770141145.2433
1042,25.0,0.0,993441243768.3434,0.0,9.837752019221916e-07,9.982481793021146e-07,0.014279834000554294,0.00978324385834225,5.002193948932047,0.0,5.002193948932047,1.0,6.697806051067953,0.3,0.0018,0.051800000000000006,0.3714903025533977,0.4023643781315996,0.0,993441243768.3434
1043,25.0,0.0,994794440624.5089,0.0,1.0258999184404102e-06,1.0689699647675041e-06,0.010528501126104,0.0071117692001284516,5.036203263601296,0.0,5.036203263601296,1.0,6.663796736398704,0.3,0.0018,0.051800000000000006,0.3697898368199352,0.40510000511593436,0.0,994794440624.5089
1044,25.0,0.0,1007266723480.4197,0.0,1.0335904182845562e-06,1.0329517338046436e-06,0.011622026342982747,0.010251647449165638,4.994588246696577,0.0,4.994588246696577,1.0,6.705411753303423,0.3,0.0018,0.051800000000000006,0.37187058766517117,0.4017525938462498,0.0,1007266723480.4197
1045,25.0,0.0,999799611246.0109,0.0,1.0403857577306332e-06,1.0291997141155932e-06,0.008422484259735035,0.008563231662150768,4.962008357620288,0.0,4.962008357620288,1.0,6.737991642379712,0.3,0.0018,0.051800000000000006,0.37349958211898565,0.3991319463980283,0.0,999799611246.0109
1046,25.0,0.0,1001220980588.2444,0.0,1.0473650527392846e-06,1.0055456352251994e-06,0.014758510339151137,0.005551226139221546,4.930142860108021,0.0,4.930142860108021,1.0,6.769857139891979,0.3,0.0018,0.051800000000000006,0.375092856994599,0.39656876287870185,0.0,1001220980588.2444
1047,25.0,0.0,1002086083271.0039,0.0,9.276219522369745e-07,9.881216448379056e-07,0.011886670834493553,0.013338635706729711,4.999451613505453,0.0,4.999451613505453,1.0,6.700548386494547,0.3,0.0018,0.051800000000000006,0.37162741932472737,0.40214379130513617,0.0,1002086083271.0039
1048,25.0,0.0,999090341374.5,0.0,1.0111152128405896e-06,9.55884568994086e-07,0.012543929197211881,0.010177470129619597,4.951631982841749,0.0,4.951631982841749,1.0,6.748368017158251,0.3,0.0018,0.051800000000000006,0.37401840085791255,0.3982972959171291,0.0,999090341374.5
1049,25.0,0.0,1004110325218.7548,0.0,1.0421746350585716e-06,9.565212622004359e-07,0.010426888375412618,0.010265957637875528,4.96210863183677,0.0,4.96210863183677,1.0,6.73789136816323,0.3,0.0018,0.051800000000000006,0.37349456840816153,0.3991400122133824,0.0,1004110325218.7548
1050,25.0,0.0,995011970728.3087,0.0,1.033474116002428e-06,1.006525826505153e-06,0.006375148694651635,0.007045707527063778,4.951846643538561,0.0,4.951846643538561,1.0,6.748153356461439,0.3,0.0018,0.051800000000000006,0.374007667823072,0.3983145627041957,0.0,995011970728.3087
1051,25.0,0.0,1007544785255.4999,0.0,9.547453248924693e-07,9.314514917874044e-07,0.014756778418979016,0.00735610234597815,4.955196977755819,0.0,4.955196977755819,1.0,6.744803022244181,0.3,0.0018,0.051800000000000006,0.3738401511122091,0.3985840554822892,0.0,1007544785255.4999
1052,25.0,0.0,994517029675.6248,0.0,9.194014422589378e-07,9.038738132061784e-07,0.005824147907063469,0.008648682259757725,5.071252449181223,0.0,5.071252449181223,1.0,6.628747550818777,0.3,0.0018,0.051800000000000006,0.36803737754093885,0.40791927680029144,0.0,994517029675.6248
1053,25.0,0.0,996429915044.6312,0.0,1.0932362396244715e-06,9.715521780564106e-07,0.014990594347350249,0.01138409951031666,5.037288711869708,0.0,5.037288711869708,1.0,6.662711288130292,0.3,0.0018,0.051800000000000006,0.3697355644065146,0.4051873159483356,0.0,996429915044.6312
1054,25.0,0.0,1000220125029.2478,0.0,1.080935009557903e-06,9.793345197850154e-07,0.014468697515382333,0.013848125527500095,5.013557577555371,0.0,5.013557577555371,1.0,6.686442422444629,0.3,0.0018,0.051800000000000006,0.3709221211222315,0.40327844092305104,0.0,1000220125029.2478
1055,25.0,0.0,991537484893.476,0.0,1.0953904748786155e-06,9.424334598432304e-07,0.011908545823406629,0.011365282576827696,5.019671729727951,0.0,5.019671729727951,1.0,6.6803282702720495,0.3,0.0018,0.051800000000000006,0.37061641351360247,0.40377024853024057,0.0,991537484893.476
1056,25.0,0.0,1002510766991.699,0.0,9.372324934551357e-07,1.044612119414942e-06,0.00573243161916511,0.010912000118196218,4.990438899860197,0.0,4.990438899860197,1.0,6.709561100139803,0.3,0.0018,0.051800000000000006,0.37207805500699015,0.401418830426335,0.0,1002510766991.699
1057,25.0,0.0,993517851333.4437,0.0,1.0769130056642374e-06,9.721175094324165e-07,0.008051529308585933,0.0063748668341890215,5.062449172390093,0.0,5.062449172390093,1.0,6.637550827609907,0.3,0.0018,0.051800000000000006,0.3684775413804954,0.4072111625152906,0.0,993517851333.4437
1058,25.0,0.0,1000219988291.2322,0.0,1.0147501369905684e-06,1.0017923436641625e-06,0.00582846045502722,0.013158605931167727,4.964347576574942,0.0,4.964347576574942,1.0,6.7356524234250585,0.3,0.0018,0.051800000000000006,0.3733826211712529,0.39932010751085434,0.0,1000219988291.2322
1059,25.0,0.0,1009246090671.5033,0.0,1.0834631544575848e-06,9.709714682695398e-07,0.013574372016499948,0.007358262269514167,5.031121964365313,0.0,5.031121964365313,1.0,6.6688780356346875,0.3,0.0018,0.051800000000000006,0.3700439017817344,0.40469127769991253,0.0,1009246090671.5033
1060,25.0,0.0,1009078727997.2473,0.0,1.0047870435980508e-06,1.0195549724636045e-06,0.0077503755968967,0.011744714352051626,5.029784291990677,0.0,5.029784291990677,1.0,6.670215708009323,0.3,0.0018,0.051800000000000006,0.37011078540046616,0.4045836785706787,0.0,1009078727997.2473
1061,25.0,0.0,1008383718877.832,0.0,1.0258344337421024e-06,9.20617719321951e-07,0.006461007091329226,0.00520538314028829,4.979504612578514,0.0,4.979504612578514,1.0,6.7204953874214866,0.3,0.0018,0.051800000000000006,0.37262476937107436,0.40053930281358696,0.0,1008383718877.832
1062,25.0,0.0,1003490783024.9697,0.0,9.280347487988477e-07,9.114674806843431e-07,0.011253581404346697,0.011532243049752425,5.008505560271256,0.0,5.008505560271256,1.0,6.691494439728745,0.3,0.0018,0.051800000000000006,0.37117472198643725,0.402872068876388,0.0,1003490783024.9697
1063,25.0,0.0,991513720309.9252,0.0,9.240823071758744e-07,1.030889543286646e-06,0.009177257878234965,0.012181030554376714,4.93282883037154,0.0,4.93282883037154,1.0,6.76717116962846,0.3,0.0018,0.051800000000000006,0.374958558481423,0.3967848158278266,0.0,991513720309.9252
1064,25.0,0.0,1003647632632.2095,0.0,9.147166645903851e-07,1.0426245596367225e-06,0.005635319345682823,0.007245308179315161,5.0487102795688505,0.0,5.0487102795688505,1.0,6.65128972043115,0.3,0.0018,0.051800000000000006,0.3691644860215575,0.4061060392188586,0.0,1003647632632.2095
1065,25.0,0.0,996521997791.7743,0.0,1.0546694705212304e-06,9.27397103002216e-07,0.012243908792157181,0.005974863493946546,5.06198759129403,0.0,5.06198759129403,1.0,6.63801240870597,0.3,0.0018,0.051800000000000006,0.3685006204352985,0.4071740340487476,0.0,996521997791.7743
1066,25.0,0.0,999694585093.3433,0.0,9.691834744909307e-07,1.0454247330634299e-06,0.010409436208543885,0.010293062041002627,4.954286884181837,0.0,4.954286884181837,1.0,6.745713115818163,0.3,0.0018,0.051800000000000006,0.3738856557909082,0.3985108497572263,0.0,999694585093.3433
1067,25.0,0.0,993655066768.7706,0.0,1.001359749373121e-06,1.005607329502473e-06,0.01481371910214806,0.008664061371704933,5.066453102684368,0.0,5.066453102684368,1.0,6.633546897315632,0.3,0.0018,0.051800000000000006,0.3682773448657816,0.40753322898040284,0.0,993655066768.7706
1068,25.0,0.0,994688366038.8496,0.0,9.875567676570278e-07,9.02034192399145e-07,0.005710025107703834,0.01095326755694373,5.033670774960954,0.0,5.033670774960954,1.0,6.666329225039046,0.3,0.0018,0.051800000000000006,0.3699164612519523,0.4048962978572196,0.0,994688366038.8496
1069,25.0,0.0,1008994516531.895,0.0,1.0569430439150067e-06,1.0401425160536744e-06,0.007247374404547512,0.00860889942155836,5.067390044415473,0.0,5.067390044415473,1.0,6.6326099555845275,0.3,0.0018,0.051800000000000006,0.3682304977792264,0.4076085943062639,0.0,1008994516531.895
1070,25.0,0.0,1009373892376.8936,0.0,9.643373334653106e-07,1.0289603305669e-06,0.005243574737840073,0.010712190773337056,5.046303256927175,0.0,5.046303256927175,1.0,6.6536967430728255,0.3,0.0018,0.051800000000000006,0.3692848371536413,0.40591242414150375,0.0,1009373892376.8936
1071,25.0,0.0,1004482081666.7212,0.0,1.0789546938557034e-06,9.201830062080911e-07,0.013634911337624348,0.009978094277362324,4.98929705052317,0.0,4.98929705052317,1.0,6.71070294947683,0.3,0.0018,0.051800000000000006,0.3721351474738415,0.4013269828284403,0.0,1004482081666.7212
1072,25.0,0.0,999153711591.1763,0.0,1.0601910484437599e-06,9.326097068982659e-07,0.011734209781290618,0.013568372649654253,5.047965138292821,0.0,5.047965138292821,1.0,6.652034861707179,0.3,0.0018,0.051800000000000006,0.36920174308535897,0.40604610185753065,0.0,999153711591.1763
1073,25.0,0.0,1008623388459.475,0.0,9.721953274512687e-07,1.0519029888957626e-06,0.007639722154920226,0.01334747923167292,4.936407734122898,0.0,4.936407734122898,1.0,6.763592265877103,0.3,0.0018,0.051800000000000006,0.3747796132938552,0.3970726941862048,0.0,1008623388459.475
1074,25.0,0.0,1009915375937.4835,0.0,1.074152481081262e-06,9.55776044891546e-07,0.01466648362629764,0.014278965938143526,5.005155876053778,0.0,5.005155876053778,1.0,6.694844123946222,0.3,0.0018,0.051800000000000006,0.3713422061973111,0.40260262838270416,0.0,1009915375937.4835
1075,25.0,0.0,1001812681556.5024,0.0,9.807993166363058e-07,9.812059121261063e-07,0.010733113907143037,0.005277840959071618,5.068679884458012,0.0,5.068679884458012,1.0,6.631320115541988,0.3,0.0018,0.051800000000000006,0.3681660057770994,0.4077123459184373,0.0,1001812681556.5024
1076,25.0,0.0,990109767922.6918,0.0,1.072641475159934e-06,9.19061320903542e-07,0.0065224130288880095,0.00947902231257768,4.952855625959947,0.0,4.952855625959947,1.0,6.747144374040053,0.3,0.0018,0.051800000000000006,0.37395721870200266,0.3983957228088761,0.0,990109767922.6918
1077,25.0,0.0,1000994186647.7173,0.0,9.929892967384503e-07,9.849514235391203e-07,0.0065315918253465366,0.007202814853085623,4.934721154836564,0.0,4.934721154836564,1.0,6.7652788451634365,0.3,0.0018,0.051800000000000006,0.3748639422581718,0.39693702982919593,0.0,1000994186647.7173
1078,25.0,0.0,995595736233.545,0.0,9.254212660864242e-07,1.0510328408993502e-06,0.01424142810187282,0.012897505370666508,5.016892374415126,0.0,5.016892374415126,1.0,6.683107625584874,0.3,0.0018,0.051800000000000006,0.37075538127924373,0.4035466839137006,0.0,995595736233.545
1079,25.0,0.0,1007189947101.6138,0.0,9.003449288512638e-07,9.975588269835034e-07,0.0076461657607922616,0.005862329163676955,5.0519294064121665,0.0,5.0519294064121665,1.0,6.648070593587834,0.3,0.0018,0.051800000000000006,0.3690035296793917,0.4063649779932566,0.0,1007189947101.6138
1080,25.0,0.0,1009763842419.9437,0.0,9.74248105988287e-07,1.0211665908949426e-06,0.01304697827647672,0.007402519937752788,4.96260521437303,0.0,4.96260521437303,1.0,6.73739478562697,0.3,0.0018,0.051800000000000006,0.3734697392813485,0.3991799561110867,0.0,1009763842419.9437
1081,25.0,0.0,995968799515.1753,0.0,1.098666660292058e-06,9.352444330413031e-07,0.005769681683753041,0.01089755238880606,4.928640048263245,0.0,4.928640048263245,1.0,6.7713599517367555,0.3,0.0018,0.051800000000000006,0.3751679975868378,0.39644788033005507,0.0,995968799515.1753
1082,25.0,0.0,1003190248013.8267,0.0,9.767496092458767e-07,1.0152395168843698e-06,0.011433857530332388,0.013034820462916506,5.043912624231477,0.0,5.043912624231477,1.0,6.656087375768523,0.3,0.0018,0.051800000000000006,0.3694043687884262,0.40572012743174685,0.0,1003190248013.8267
1083,25.0,0.0,1006760505071.9083,0.0,1.0913358882646967e-06,1.078348460463584e-06,0.008209271795079597,0.005201844186070395,5.015596392013743,0.0,5.015596392013743,1.0,6.684403607986257,0.3,0.0018,0.051800000000000006,0.3708201803993129,0.4034424382250436,0.0,1006760505071.9083
1084,25.0,0.0,1000491995290.1725,0.0,9.489374840509551e-07,1.0765047512253059e-06,0.005376896957150501,0.01236669669398287,4.968791526192715,0.0,4.968791526192715,1.0,6.7312084738072855,0.3,0.0018,0.051800000000000006,0.3731604236903643,0.39967756806569454,0.0,1000491995290.1725
1085,25.0,0.0,995001627146.144,0.0,1.0386884436195752e-06,9.17011895934155e-07,0.008739270758514205,0.012443773012062915,5.03324563397617,0.0,5.03324563397617,1.0,6.66675436602383,0.3,0.0018,0.051800000000000006,0.36993771830119154,0.40486210054505867,0.0,995001627146.144
1086,25.0,0.0,992152897860.7969,0.0,1.031497860059269e-06,1.0386667735790258e-06,0.013145268553210701,0.00681036877773257,5.002515748914666,0.0,5.002515748914666,1.0,6.697484251085334,0.3,0.0018,0.051800000000000006,0.3714742125542667,0.40239026294358643,0.0,992152897860.7969
1087,25.0,0.0,1000338557311.8798,0.0,9.42889902295536e-07,9.751126820500283e-07,0.0071633881013570795,0.014029429044285984,4.960519832289498,0.0,4.960519832289498,1.0,6.739480167710502,0.3,0.0018,0.051800000000000006,0.3735740083855251,0.3990122130219995,0.0,1000338557311.8798
1088,25.0,0.0,990899069448.227,0.0,1.0216417022613905e-06,9.035299749022245e-07,0.00786743924757147,0.005581668913232993,4.985548815544875,0.0,4.985548815544875,1.0,6.714451184455125,0.3,0.0018,0.051800000000000006,0.3723225592227563,0.4010254838758747,0.0,990899069448.227
1089,25.0,0.0,1003768485310.3802,0.0,9.448686797292509e-07,1.0737000323923487e-06,0.011902881673309263,0.005566502192998204,4.991115006305214,0.0,4.991115006305214,1.0,6.708884993694786,0.3,0.0018,0.051800000000000006,0.3720442496847393,0.40147321479289044,0.0,1003768485310.3802
1090,25.0,0.0,997631175478.1453,0.0,9.110961760231795e-07,1.0933870081015835e-06,0.006744810106097279,0.005266719996462603,4.925798447306063,0.0,4.925798447306063,1.0,6.774201552693937,0.3,0.0018,0.051800000000000006,0.37531007763469687,0.39621930882449025,0.0,997631175478.1453
1091,25.0,0.0,1006395241584.3585,0.0,1.0067564638657799e-06,9.897492467750328e-07,0.008858609761067945,0.005464180757913059,5.061428188445773,0.0,5.061428188445773,1.0,6.638571811554227,0.3,0.0018,0.051800000000000006,0.36852859057771137,0.4071290370371439,0.0,1006395241584.3585
1092,25.0,0.0,1000303349740.2823,0.0,9.448942171965127e-07,1.0419801357989848e-06,0.012107697408540327,0.013495527822581826,4.926302539769581,0.0,4.926302539769581,1.0,6.773697460230419,0.3,0.0018,0.051800000000000006,0.37528487301152097,0.3962598568025724,0.0,1000303349740.2823
1093,25.0,0.0,1007010807749.2296,0.0,1.0189737229358802e-06,9.424267950846041e-07,0.006845846958246456,0.011394439539862673,4.9565103720589105,0.0,4.9565103720589105,1.0,6.74348962794109,0.3,0.0018,0.051800000000000006,0.3737744813970545,0.39868970174219037,0.0,1007010807749.2296
1094,25.0,0.0,997796392969.2418,0.0,9.072280673782148e-07,9.50816915684911e-07,0.011981914596192744,0.008603912451321964,4.948744837593488,0.0,4.948744837593488,1.0,6.751255162406512,0.3,0.0018,0.051800000000000006,0.3741627581203256,0.39806506093898714,0.0,997796392969.2418
1095,25.0,0.0,1003182668662.3579,0.0,1.003704201120417e-06,1.0000652896318279e-06,0.006531368526878715,0.010006042247600872,4.933990666490057,0.0,4.933990666490057,1.0,6.766009333509944,0.3,0.0018,0.051800000000000006,0.3749004666754972,0.39687827111406504,0.0,1003182668662.3579
1096,25.0,0.0,998470603897.8784,0.0,1.057230087756649e-06,9.33234037707126e-07,0.014249160178216778,0.005439777478605645,5.048118100184664,0.0,5.048118100184664,1.0,6.651881899815336,0.3,0.0018,0.051800000000000006,0.36919409499076683,0.40605840574200963,0.0,998470603897.8784
1097,25.0,0.0,994048392184.6119,0.0,1.065680576635071e-06,1.0723913096670912e-06,0.006752853795243258,0.008534480396843307,4.960623707585338,0.0,4.960623707585338,1.0,6.739376292414662,0.3,0.0018,0.051800000000000006,0.37356881462073316,0.3990205684994641,0.0,994048392184.6119
1098,25.0,0.0,996917420464.7107,0.0,1.0731995547003953e-06,1.0496635861807133e-06,0.012737611486963424,0.005391958911832802,5.06226956738466,0.0,5.06226956738466,1.0,6.63773043261534,0.3,0.0018,0.051800000000000006,0.36848652163076706,0.40719671552321907,0.0,996917420464.7107
1099,25.0,0.0,990211706920.5557,0.0,1.0087780940972001e-06,1.0650306924681072e-06,0.011555109607382937,0.012966936135108804,5.02893976228367,0.0,5.02893976228367,1.0,6.67106023771633,0.3,0.0018,0.051800000000000006,0.3701530118858165,0.4045157466444394,0.0,990211706920.5557
1100,25.0,0.0,994042002094.6582,0.0,1.0002789601166937e-06,1.019832234066974e-06,0.012085424691912268,0.010474281970000025,5.04315401714993,0.0,5.04315401714993,1.0,6.65684598285007,0.3,0.0018,0.051800000000000006,0.36944229914250354,0.4056591069136044,0.0,994042002094.6582
1101,25.0,0.0,992153527058.512,0.0,1.0780265015053595e-06,9.505388255803409e-07,0.008268346749239128,0.008054417784927388,5.009639556766255,0.0,5.009639556766255,1.0,6.690360443233745,0.3,0.0018,0.051800000000000006,0.37111802216168727,0.40296328481067045,0.0,992153527058.512
1102,25.0,0.0,1007825744435.1292,0.0,1.006816002197706e-06,1.0189609791874523e-06,0.005407518436475417,0.005957123276543372,5.070753456564433,0.0,5.070753456564433,1.0,6.629246543435567,0.3,0.0018,0.051800000000000006,0.3680623271717784,0.4078791390415406,0.0,1007825744435.1292
1103,25.0,0.0,1005883984413.0599,0.0,9.15039914415695e-07,1.0361504196095583e-06,0.009993518058684685,0.007049198011109232,5.0566553408133235,0.0,5.0566553408133235,1.0,6.643344659186677,0.3,0.0018,0.051800000000000006,0.36876723295933383,0.4067451207217925,0.0,1005883984413.0599
1104,25.0,0.0,995455471635.8456,0.0,1.0412237340761065e-06,1.0806291370940715e-06,0.007293392195842797,0.012863645955428084,5.010956836479214,0.0,5.010956836479214,1.0,6.689043163520786,0.3,0.0018,0.051800000000000006,0.3710521581760393,0.4030692436035404,0.0,995455471635.8456
1105,25.0,0.0,1006378950997.0222,0.0,1.026348607242984e-06,1.0097735872119624e-06,0.005044495386467839,0.014943436299397622,5.047149403370019,0.0,5.047149403370019,1.0,6.652850596629981,0.3,0.0018,0.051800000000000006,0.3692425298314991,0.405980486114062,0.0,1006378950997.0222
1106,25.0,0.0,999531884731.8154,0.0,9.268657091637788e-07,9.89270199046806e-07,0.0083553717707286,0.009596552434940349,4.992570897929054,0.0,4.992570897929054,1.0,6.707429102070946,0.3,0.0018,0.051800000000000006,0.3719714551035473,0.4015903231924915,0.0,999531884731.8154
1107,25.0,0.0,990309842855.7626,0.0,9.746882637067315e-07,1.0240752698693635e-06,0.006796532268149282,0.01033194003904161,5.0334157951945215,0.0,5.0334157951945215,1.0,6.666584204805479,0.3,0.0018,0.051800000000000006,0.369929210240274,0.40487578790174716,0.0,990309842855.7626
1108,25.0,0.0,996734012954.7859,0.0,9.221439716373151e-07,1.0418972777442653e-06,0.01340456347062486,0.006052851423306223,4.94387947315551,0.0,4.94387947315551,1.0,6.75612052684449,0.3,0.0018,0.051800000000000006,0.37440602634222453,0.3976737027956491,0.0,996734012954.7859
1109,25.0,0.0,1009721025886.7446,0.0,1.0215178899927091e-06,1.0917924339303273e-06,0.013320292543194268,0.013142429309683495,4.975925355485244,0.0,4.975925355485244,1.0,6.724074644514756,0.3,0.0018,0.051800000000000006,0.3728037322257378,0.40025139603324034,0.0,1009721025886.7446
1110,25.0,0.0,996933915235.5264,0.0,9.280007377961186e-07,9.711895725404187e-07,0.009467470352447275,0.008093473387466585,4.949802045223632,0.0,4.949802045223632,1.0,6.750197954776368,0.3,0.0018,0.051800000000000006,0.3741098977388184,0.3981501001627761,0.0,996933915235.5264
1111,25.0,0.0,1004414567733.3425,0.0,9.405390062166649e-07,9.073310790336474e-07,0.008037995218070693,0.006571363048589508,4.984368271882354,0.0,4.984368271882354,1.0,6.715631728117646,0.3,0.0018,0.051800000000000006,0.3723815864058823,0.4009305238000606,0.0,1004414567733.3425
1112,25.0,0.0,996377478868.4594,0.0,1.0018365565723843e-06,9.087856287146769e-07,0.006616900181613217,0.014352495547731957,4.940474748910854,0.0,4.940474748910854,1.0,6.759525251089146,0.3,0.0018,0.051800000000000006,0.3745762625544573,0.39739983501535187,0.0,996377478868.4594
1113,25.0,0.0,995308781254.4985,0.0,9.339790358060361e-07,9.56950054966758e-07,0.008118220308842074,0.014964349905642233,4.9571858442826935,0.0,4.9571858442826935,1.0,6.742814155717307,0.3,0.0018,0.051800000000000006,0.3737407077858654,0.39874403509352424,0.0,995308781254.4985
1114,25.0,0.0,993238613876.4071,0.0,1.030091325529338e-06,1.0153722996141038e-06,0.012513387115465766,0.0122599895714805,4.9415789284127465,0.0,4.9415789284127465,1.0,6.758421071587254,0.3,0.0018,0.051800000000000006,0.3745210535793627,0.3974886525428528,0.0,993238613876.4071
1115,25.0,0.0,1007931839257.2383,0.0,1.004558266266463e-06,1.0072557167763336e-06,0.0051493694422823245,0.009994695019454429,5.018565435148988,0.0,5.018565435148988,1.0,6.6814345648510125,0.3,0.0018,0.051800000000000006,0.3706717282425506,0.4036812608710576,0.0,1007931839257.2383
1116,25.0,0.0,999425647005.871,0.0,9.856611020550363e-07,1.092427039796705e-06,0.012054421098520002,0.005012737462508905,4.928491922222338,0.0,4.928491922222338,1.0,6.771508077777662,0.3,0.0018,0.051800000000000006,0.37517540388888315,0.3964359654297247,0.0,999425647005.871
1117,25.0,0.0,1006789418984.2454,0.0,9.027653828104583e-07,9.776164700227424e-07,0.012360641043074489,0.014717277333775685,5.057548081902659,0.0,5.057548081902659,1.0,6.642451918097342,0.3,0.0018,0.051800000000000006,0.3687225959048671,0.4068169306549757,0.0,1006789418984.2454
1118,25.0,0.0,991406609157.3523,0.0,1.084859682602894e-06,9.79277029498148e-07,0.014601006296631153,0.007206850967291053,4.940845071430009,0.0,4.940845071430009,1.0,6.759154928569991,0.3,0.0018,0.051800000000000006,0.3745577464284996,0.39742962286277417,0.0,991406609157.3523
1119,25.0,0.0,996225584374.8949,0.0,9.338394531760561e-07,1.049114079200188e-06,0.01057026941387431,0.006750169753943722,5.032713087415641,0.0,5.032713087415641,1.0,6.667286912584359,0.3,0.0018,0.051800000000000006,0.369964345629218,0.4048192637882594,0.0,996225584374.8949
1120,25.0,0.0,994509352752.8535,0.0,1.0914510096919578e-06,1.031162507651831e-06,0.01309241483573384,0.011969705290502414,5.049421049778844,0.0,5.049421049778844,1.0,6.650578950221156,0.3,0.0018,0.051800000000000006,0.36912894751105785,0.4061632118547976,0.0,994509352752.8535
1121,25.0,0.0,1003342495410.0459,0.0,9.299913898656816e-07,1.0267965188501893e-06,0.0136870580425382,0.011604161789415975,4.930430722018412,0.0,4.930430722018412,1.0,6.769569277981589,0.3,0.0018,0.051800000000000006,0.37507846389907945,0.3965919177942738,0.0,1003342495410.0459
1122,25.0,0.0,994651244671.0498,0.0,1.054206599330675e-06,1.0873153360757013e-06,0.013066196928080295,0.011517344750032,4.967682949829451,0.0,4.967682949829451,1.0,6.73231705017055,0.3,0.0018,0.051800000000000006,0.3732158525085275,0.3995883968653033,0.0,994651244671.0498
1123,25.0,0.0,1007212512323.1129,0.0,9.746534835241407e-07,9.595388780551769e-07,0.00826130142625004,0.013606674662887855,4.926576028488477,0.0,4.926576028488477,1.0,6.773423971511523,0.3,0.0018,0.051800000000000006,0.37527119857557617,0.39628185557339746,0.0,1007212512323.1129
1124,25.0,0.0,1000852727103.6561,0.0,9.624739609399176e-07,9.147825259723807e-07,0.0072448647802751285,0.005904584099368713,4.944004914457314,0.0,4.944004914457314,1.0,6.755995085542686,0.3,0.0018,0.051800000000000006,0.37439975427713434,0.39768379299045314,0.0,1000852727103.6561
1125,25.0,0.0,990220333599.9108,0.0,9.247638185353949e-07,9.766297744719173e-07,0.013795275597147806,0.006065679701907622,4.997540637763118,0.0,4.997540637763118,1.0,6.702459362236882,0.3,0.0018,0.051800000000000006,0.37172296811184413,0.40199007704014783,0.0,990220333599.9108
1126,25.0,0.0,994206871908.4552,0.0,1.0362682125735017e-06,9.724371813093848e-07,0.005462951615813751,0.005078646898960939,5.0488089324690755,0.0,5.0488089324690755,1.0,6.651191067530925,0.3,0.0018,0.051800000000000006,0.36915955337654627,0.40611397461945586,0.0,994206871908.4552
1127,25.0,0.0,1000371024523.2596,0.0,9.016961729044795e-07,9.112287081352828e-07,0.009170449325850722,0.011759659067550634,4.9964150688150575,0.0,4.9964150688150575,1.0,6.703584931184943,0.3,0.0018,0.051800000000000006,0.37177924655924716,0.40189953899735015,0.0,1000371024523.2596
1128,25.0,0.0,996802817392.8749,0.0,9.680254451972684e-07,9.975371824246781e-07,0.012905770451946103,0.008178826164028173,5.036672480994831,0.0,5.036672480994831,1.0,6.663327519005169,0.3,0.0018,0.051800000000000006,0.36976637595025846,0.40513774782776957,0.0,996802817392.8749
1129,25.0,0.0,997501760513.3109,0.0,9.215499500744499e-07,1.0906925693521817e-06,0.014062141168017777,0.01326396304290629,5.058917423508208,0.0,5.058917423508208,1.0,6.641082576491792,0.3,0.0018,0.051800000000000006,0.36865412882458964,0.4069270771805186,0.0,997501760513.3109
1130,25.0,0.0,996358183175.1305,0.0,9.378875364998933e-07,9.439890710283945e-07,0.011867144563550107,0.005888996590876681,5.034855076537496,0.0,5.034855076537496,1.0,6.665144923462504,0.3,0.0018,0.051800000000000006,0.36985724617312526,0.404991560210545,0.0,996358183175.1305
1131,25.0,0.0,1007460755727.2133,0.0,9.425367466572217e-07,9.098331051078433e-07,0.005446139716950659,0.0058881188201400795,5.0119726868704575,0.0,5.0119726868704575,1.0,6.688027313129543,0.3,0.0018,0.051800000000000006,0.3710013656564772,0.4031509561510985,0.0,1007460755727.2133
1132,25.0,0.0,994386131155.9438,0.0,9.237633151784149e-07,9.60962882154531e-07,0.00971477262019193,0.005004495260742555,5.063142978121359,0.0,5.063142978121359,1.0,6.636857021878641,0.3,0.0018,0.051800000000000006,0.3684428510939321,0.40726697056960737,0.0,994386131155.9438
1133,25.0,0.0,1002577309543.2498,0.0,1.0302775461124305e-06,1.053877483443196e-06,0.009212486087885274,0.009887044945516232,5.030249315324663,0.0,5.030249315324663,1.0,6.669750684675337,0.3,0.0018,0.051800000000000006,0.3700875342337669,0.4046210839225115,0.0,1002577309543.2498
1134,25.0,0.0,994111168121.091,0.0,9.716994482118788e-07,9.018568770847006e-07,0.009173634495802368,0.005027684757639129,5.009752315388201,0.0,5.009752315388201,1.0,6.6902476846117995,0.3,0.0018,0.051800000000000006,0.37111238423059,0.4029723548413932,0.0,994111168121.091
1135,25.0,0.0,1003870399464.0975,0.0,9.118883946568619e-07,1.0396924881751112e-06,0.013029001479567703,0.012177015708893943,5.024451836383033,0.0,5.024451836383033,1.0,6.675548163616967,0.3,0.0018,0.051800000000000006,0.37037740818084836,0.40415474874380897,0.0,1003870399464.0975
1136,25.0,0.0,1004487549967.3514,0.0,9.148039414830361e-07,9.126543102989249e-07,0.00861119943229439,0.010275967145487955,5.039392858088259,0.0,5.039392858088259,1.0,6.660607141911741,0.3,0.0018,0.051800000000000006,0.36963035709558706,0.4053565683790427,0.0,1004487549967.3514
1137,25.0,0.0,1005628966162.3706,0.0,1.0641682753628928e-06,9.354267099440077e-07,0.008594735228724767,0.009010756094263902,4.969926567096146,0.0,4.969926567096146,1.0,6.730073432903854,0.3,0.0018,0.051800000000000006,0.3731036716451927,0.39976886800966427,0.0,1005628966162.3706
1138,25.0,0.0,996753071177.5775,0.0,1.0571110992954414e-06,9.094735525072945e-07,0.008889486996552407,0.005375154555794412,5.064597134919351,0.0,5.064597134919351,1.0,6.635402865080649,0.3,0.0018,0.051800000000000006,0.36837014325403244,0.40738393942401474,0.0,996753071177.5775
1139,25.0,0.0,1008203210633.9204,0.0,1.0383166824661161e-06,9.613108174956817e-07,0.013882111879296239,0.009107528699673413,4.981383131285635,0.0,4.981383131285635,1.0,6.718616868714365,0.3,0.0018,0.051800000000000006,0.3725308434357183,0.4006904063131945,0.0,1008203210633.9204
1140,25.0,0.0,1009328271067.286,0.0,9.48667775607772e-07,9.60171549573409e-07,0.00924352060954762,0.00973130045948536,4.9687208642100105,0.0,4.9687208642100105,1.0,6.73127913578999,0.3,0.0018,0.051800000000000006,0.3731639567894995,0.3996718841867769,0.0,1009328271067.286
1141,25.0,0.0,1003930346265.9823,0.0,1.0207396478319174e-06,9.708317851785642e-07,0.006878912421966513,0.00634346194403696,5.03662621087236,0.0,5.03662621087236,1.0,6.663373789127641,0.3,0.0018,0.051800000000000006,0.369768689456382,0.4051340259710714,0.0,1003930346265.9823
1142,25.0,0.0,1009676790138.8524,0.0,1.0688365102853954e-06,9.876377342634022e-07,0.014554386208080246,0.0069952502092412725,4.9527704184408226,0.0,4.9527704184408226,1.0,6.747229581559178,0.3,0.0018,0.051800000000000006,0.3739614790779589,0.3983888689222026,0.0,1009676790138.8524
1143,25.0,0.0,999980389709.9808,0.0,9.610432916406544e-07,1.0508304676068936e-06,0.013459919080013032,0.00847654747744817,4.93418505227253,0.0,4.93418505227253,1.0,6.7658149477274705,0.3,0.0018,0.051800000000000006,0.37489074738637357,0.39689390703607863,0.0,999980389709.9808
1144,25.0,0.0,998480293517.2738,0.0,1.0974742995048167e-06,9.489997198719319e-07,0.010729776937992508,0.011109604135626425,5.00736607940367,0.0,5.00736607940367,1.0,6.6926339205963306,0.3,0.0018,0.051800000000000006,0.37123169602981654,0.4027804117924445,0.0,998480293517.2738
1145,25.0,0.0,1000157800447.8258,0.0,1.0406418398586852e-06,9.264214722989401e-07,0.0052656989336422365,0.009885311630634622,5.01086679082216,0.0,5.01086679082216,1.0,6.68913320917784,0.3,0.0018,0.051800000000000006,0.371056660458892,0.40306200054875807,0.0,1000157800447.8258
1146,25.0,0.0,1006971806404.5515,0.0,1.0017829365159934e-06,1.0948537981323711e-06,0.009173885521427762,0.013072904248023837,5.003898367661675,0.0,5.003898367661675,1.0,6.696101632338325,0.3,0.0018,0.051800000000000006,0.37140508161691627,0.40250147745026343,0.0,1006971806404.5515
1147,25.0,0.0,994361240567.4064,0.0,9.471792030946686e-07,9.38628766471018e-07,0.008709211771994338,0.013885969038092881,4.983177961039801,0.0,4.983177961039801,1.0,6.716822038960199,0.3,0.0018,0.051800000000000006,0.37244110194801,0.40083477807591705,0.0,994361240567.4064
1148,25.0,0.0,990152294084.4513,0.0,1.0862556090416074e-06,1.0208346892395436e-06,0.014295468585722736,0.008101200203034528,5.032484356742412,0.0,5.032484356742412,1.0,6.667515643257588,0.3,0.0018,0.051800000000000006,0.36997578216287946,0.40480086524633296,0.0,990152294084.4513
1149,25.0,0.0,990363529663.3793,0.0,9.78318043520833e-07,1.0675984811489735e-06,0.01044712918221084,0.010646495430333653,4.978906683227968,0.0,4.978906683227968,1.0,6.721093316772032,0.3,0.0018,0.051800000000000006,0.37265466583860163,0.4004912068233565,0.0,990363529663.3793
1150,25.0,0.0,999844827723.5721,0.0,1.0485042186854977e-06,9.943270674083073e-07,0.011802828988394937,0.009852940963479754,5.023898095543789,0.0,5.023898095543789,1.0,6.676101904456211,0.3,0.0018,0.051800000000000006,0.37040509522281057,0.4041102071705107,0.0,999844827723.5721
1151,25.0,0.0,1006465995877.2065,0.0,9.386556327739787e-07,1.0359281683238112e-06,0.005771180834921619,0.007189550224611841,5.04382362929972,0.0,5.04382362929972,1.0,6.656176370700281,0.3,0.0018,0.051800000000000006,0.36940881853501406,0.40571296889476505,0.0,1006465995877.2065
1152,25.0,0.0,1009747938369.6707,0.0,9.039105499071869e-07,9.222745219035687e-07,0.007445018596608295,0.01225920024396469,5.041373304797714,0.0,5.041373304797714,1.0,6.658626695202286,0.3,0.0018,0.051800000000000006,0.3695313347601143,0.4055158707205369,0.0,1009747938369.6707
1153,25.0,0.0,1000434837890.5365,0.0,1.0363601885483593e-06,1.0228595110818335e-06,0.005217965393815436,0.013170116336327954,5.039513980274318,0.0,5.039513980274318,1.0,6.660486019725682,0.3,0.0018,0.051800000000000006,0.3696243009862841,0.4053663111546266,0.0,1000434837890.5365
1154,25.0,0.0,1002029859269.2994,0.0,9.386518602228732e-07,1.036641227245626e-06,0.014335516462700083,0.01076284320698753,5.010171971833932,0.0,5.010171971833932,1.0,6.689828028166068,0.3,0.0018,0.051800000000000006,0.37109140140830343,0.4030061109905029,0.0,1002029859269.2994
1155,25.0,0.0,991083440870.0269,0.0,1.080050442023578e-06,1.0609893600783097e-06,0.014274235685770652,0.006528315851324106,5.000893663555824,0.0,5.000893663555824,1.0,6.699106336444176,0.3,0.0018,0.051800000000000006,0.3715553168222088,0.4022597863220579,0.0,991083440870.0269
1156,25.0,0.0,994019404785.3794,0.0,1.0343703834104413e-06,1.029437507363032e-06,0.007669874579830149,0.010067694242472069,4.928460493023399,0.0,4.928460493023399,1.0,6.771539506976601,0.3,0.0018,0.051800000000000006,0.37517697534883004,0.396433437341007,0.0,994019404785.3794
1157,25.0,0.0,996193445512.6383,0.0,9.942969446534022e-07,9.167128312713701e-07,0.005178423472553124,0.012252578738476714,4.950726010707547,0.0,4.950726010707547,1.0,6.749273989292453,0.3,0.0018,0.051800000000000006,0.37406369946462265,0.39822442171071004,0.0,996193445512.6383
1158,25.0,0.0,995281211783.0693,0.0,9.971385014447528e-07,9.222901202954459e-07,0.012847408479094484,0.00925858854414248,5.016625147938395,0.0,5.016625147938395,1.0,6.683374852061605,0.3,0.0018,0.051800000000000006,0.3707687426030803,0.4035251888624835,0.0,995281211783.0693
1159,25.0,0.0,995656997140.6187,0.0,9.59544120764258e-07,1.0992521489284485e-06,0.0073084231471162355,0.014128596014892563,5.062694994774487,0.0,5.062694994774487,1.0,6.637305005225513,0.3,0.0018,0.051800000000000006,0.3684652502612757,0.40723093587310866,0.0,995656997140.6187
1160,25.0,0.0,997620710937.9758,0.0,1.0237592454675212e-06,1.0089560475641277e-06,0.005359178813394273,0.013478430303970255,4.937570818371079,0.0,4.937570818371079,1.0,6.762429181628921,0.3,0.0018,0.051800000000000006,0.37472145908144605,0.3971662498689736,0.0,997620710937.9758
1161,25.0,0.0,999515772101.1504,0.0,1.0580157598165677e-06,9.395264289011685e-07,0.008720795284272765,0.012802402646188826,5.004063867120364,0.0,5.004063867120364,1.0,6.695936132879636,0.3,0.0018,0.051800000000000006,0.37139680664398184,0.4025147898262841,0.0,999515772101.1504
1162,25.0,0.0,1002518716090.1941,0.0,1.0323624109712817e-06,9.032390324462793e-07,0.012050082766325281,0.007508648074572305,5.054323837132072,0.0,5.054323837132072,1.0,6.645676162867928,0.3,0.0018,0.051800000000000006,0.36888380814339644,0.4065575802068912,0.0,1002518716090.1941
1163,25.0,0.0,999358943730.2047,0.0,9.471642976995701e-07,1.0146523601546987e-06,0.012673462708508793,0.013349543741598757,4.984650480570559,0.0,4.984650480570559,1.0,6.7153495194294415,0.3,0.0018,0.051800000000000006,0.3723674759714721,0.40095322398411826,0.0,999358943730.2047
1164,25.0,0.0,998675629540.5677,0.0,1.0792289802288241e-06,1.0948296506041379e-06,0.005517471880330815,0.012957463798574324,5.021857483691231,0.0,5.021857483691231,1.0,6.678142516308769,0.3,0.0018,0.051800000000000006,0.3705071258154385,0.40394606529047866,0.0,998675629540.5677
1165,25.0,0.0,992572863833.6694,0.0,1.0986978150104521e-06,1.027273971691732e-06,0.0075322262453323355,0.00950033955903766,5.067513227344676,0.0,5.067513227344676,1.0,6.632486772655324,0.3,0.0018,0.051800000000000006,0.3682243386327662,0.40761850284304024,0.0,992572863833.6694
1166,25.0,0.0,1007376183959.5692,0.0,1.0392018008154205e-06,1.0320997007565186e-06,0.012712118706198417,0.008659291642674854,4.93283547477472,0.0,4.93283547477472,1.0,6.76716452522528,0.3,0.0018,0.051800000000000006,0.374958226261264,0.3967853502875418,0.0,1007376183959.5692
1167,25.0,0.0,1005502003737.947,0.0,1.0167363170230061e-06,9.169516291429785e-07,0.005172886271858125,0.012821417573220726,5.007406465128479,0.0,5.007406465128479,1.0,6.692593534871521,0.3,0.0018,0.051800000000000006,0.37122967674357604,0.4027836603224324,0.0,1005502003737.947
1168,25.0,0.0,998148463415.4229,0.0,9.343195982494331e-07,9.123053807625089e-07,0.011534673837817484,0.010945363406217563,5.06780457587866,0.0,5.06780457587866,1.0,6.63219542412134,0.3,0.0018,0.051800000000000006,0.368209771206067,0.40764193821417793,0.0,998148463415.4229
1169,25.0,0.0,990383144757.5651,0.0,1.0792203873074079e-06,9.867302176228954e-07,0.014621457196129947,0.011524879806439823,4.941418569131419,0.0,4.941418569131419,1.0,6.758581430868581,0.3,0.0018,0.051800000000000006,0.37452907154342907,0.39747575363026216,0.0,990383144757.5651
1170,25.0,0.0,991307379444.7924,0.0,1.0434162126107973e-06,9.314142724614068e-07,0.008483398982705226,0.011899103224672337,5.041331135279617,0.0,5.041331135279617,1.0,6.658668864720383,0.3,0.0018,0.051800000000000006,0.36953344323601917,0.4055124787065329,0.0,991307379444.7924
1171,25.0,0.0,1008506617175.98,0.0,9.320548820222644e-07,1.0545863127767918e-06,0.00743139575393144,0.013428213099991048,5.013071651173265,0.0,5.013071651173265,1.0,6.6869283488267355,0.3,0.0018,0.051800000000000006,0.3709464174413368,0.4032393541806037,0.0,1008506617175.98
1172,25.0,0.0,1000656175369.1586,0.0,9.428726099523125e-07,1.0856316905103352e-06,0.005313410414598555,0.012692032815330764,5.062950219606735,0.0,5.062950219606735,1.0,6.637049780393265,0.3,0.0018,0.051800000000000006,0.36845248901966327,0.4072514655410823,0.0,1000656175369.1586
1173,25.0,0.0,1006093350629.8741,0.0,9.672514775976907e-07,1.0037186571371813e-06,0.013094690680101495,0.0069204297725011955,5.01934636345869,0.0,5.01934636345869,1.0,6.68065363654131,0.3,0.0018,0.051800000000000006,0.3706326818270655,0.4037440768547853,0.0,1006093350629.8741
1174,25.0,0.0,1006628804145.0192,0.0,1.0868852231310034e-06,1.0137867739639605e-06,0.010145099813847383,0.009233059442193589,4.985100633478446,0.0,4.985100633478446,1.0,6.714899366521554,0.3,0.0018,0.051800000000000006,0.3723449683260777,0.40098943319485564,0.0,1006628804145.0192
1175,25.0,0.0,1005473802622.4685,0.0,9.52287444940547e-07,9.173730437056364e-07,0.012766559899840445,0.00915276430517704,5.001383538814502,0.0,5.001383538814502,1.0,6.698616461185498,0.3,0.0018,0.051800000000000006,0.37153082305927493,0.4022991907025822,0.0,1005473802622.4685
1176,25.0,0.0,1003677991541.3569,0.0,1.094410759728861e-06,9.277807815298463e-07,0.010735193132327167,0.00563240163402314,5.04618776280623,0.0,5.04618776280623,1.0,6.65381223719377,0.3,0.0018,0.051800000000000006,0.36929061185968853,0.4059031340738602,0.0,1003677991541.3569
1177,25.0,0.0,1006044713092.8789,0.0,9.455572190626895e-07,9.945001522220674e-07,0.005708317966373392,0.013978611096393874,5.034643756210169,0.0,5.034643756210169,1.0,6.665356243789831,0.3,0.0018,0.051800000000000006,0.36986781218949155,0.4049745621147176,0.0,1006044713092.8789
1178,25.0,0.0,1005831451776.3016,0.0,9.237272803050899e-07,9.746729559961906e-07,0.014340847143797221,0.014490904912313796,5.040180629828569,0.0,5.040180629828569,1.0,6.659819370171431,0.3,0.0018,0.051800000000000006,0.3695909685085716,0.4054199348317703,0.0,1005831451776.3016
1179,25.0,0.0,1007595430217.6144,0.0,1.016827495466498e-06,9.756503364558135e-07,0.008020110079611766,0.011773820256769804,5.068935361497791,0.0,5.068935361497791,1.0,6.63106463850221,0.3,0.0018,0.051800000000000006,0.3681532319251105,0.40773289587337436,0.0,1007595430217.6144
1180,25.0,0.0,998814230164.0443,0.0,1.0156214196947508e-06,9.993278046132391e-07,0.01182835869531423,0.007371538171295264,4.934560323136232,0.0,4.934560323136232,1.0,6.765439676863768,0.3,0.0018,0.051800000000000006,0.3748719838431884,0.39692409291636355,0.0,998814230164.0443
1181,25.0,0.0,993297542024.5013,0.0,1.0979867025179062e-06,1.026884726492731e-06,0.011361121409671222,0.00572163663208722,5.07034876013659,0.0,5.07034876013659,1.0,6.62965123986341,0.3,0.0018,0.051800000000000006,0.3680825619931705,0.4078465862400732,0.0,993297542024.5013
1182,25.0,0.0,996187778329.0175,0.0,1.0666748788943739e-06,1.0572242819646508e-06,0.014770473720478787,0.011368553986669423,4.973183814733829,0.0,4.973183814733829,1.0,6.726816185266171,0.3,0.0018,0.051800000000000006,0.3729408092633086,0.40003087312852553,0.0,996187778329.0175
1183,25.0,0.0,995306851744.3075,0.0,1.0449669160652942e-06,9.88885485303082e-07,0.013165703951897225,0.006436835861589889,4.975354469472411,0.0,4.975354469472411,1.0,6.72464553052759,0.3,0.0018,0.051800000000000006,0.3728322765263795,0.40020547534366235,0.0,995306851744.3075
1184,25.0,0.0,1005186584266.533,0.0,9.956058752797871e-07,9.264063765578259e-07,0.012018280938130524,0.014923176335992473,5.041688276124772,0.0,5.041688276124772,1.0,6.6583117238752285,0.3,0.0018,0.051800000000000006,0.36951558619376146,0.4055412062519925,0.0,1005186584266.533
1185,25.0,0.0,995899136213.285,0.0,9.359645711311667e-07,9.205187144527683e-07,0.006959325535681942,0.012956044214490033,4.968924820104565,0.0,4.968924820104565,1.0,6.731075179895435,0.3,0.0018,0.051800000000000006,0.37315375899477177,0.39968828990545086,0.0,995899136213.285
1186,25.0,0.0,1001485462301.3555,0.0,1.0500254351180528e-06,9.194180279786179e-07,0.009282120874848851,0.009988245949320606,5.049657696559756,0.0,5.049657696559756,1.0,6.650342303440244,0.3,0.0018,0.051800000000000006,0.36911711517201223,0.40618224714927254,0.0,1001485462301.3555
1187,25.0,0.0,1003957458557.354,0.0,1.0655758642686764e-06,1.074656483051054e-06,0.009804845926588136,0.014856619078887714,5.056222718746877,0.0,5.056222718746877,1.0,6.643777281253123,0.3,0.0018,0.051800000000000006,0.36878886406265615,0.4067103216495236,0.0,1003957458557.354
1188,25.0,0.0,994489841017.4379,0.0,9.222308513997369e-07,9.939600132638527e-07,0.011048521921047275,0.01378346828370515,5.052067079434022,0.0,5.052067079434022,1.0,6.647932920565978,0.3,0.0018,0.051800000000000006,0.3689966460282989,0.40637605207802624,0.0,994489841017.4379
1189,25.0,0.0,992844985086.846,0.0,9.362577244976945e-07,1.0122628966817231e-06,0.014806781824633443,0.010503097758072746,5.021833530089067,0.0,5.021833530089067,1.0,6.678166469910933,0.3,0.0018,0.051800000000000006,0.3705083234955467,0.40394413852067784,0.0,992844985086.846
1190,25.0,0.0,998699613562.141,0.0,9.35194402784918e-07,1.0229359775475004e-06,0.007957580063243892,0.010076247488886995,5.039983579026485,0.0,5.039983579026485,1.0,6.660016420973515,0.3,0.0018,0.051800000000000006,0.3696008210486758,0.40540408454202737,0.0,998699613562.141
1191,25.0,0.0,993468900346.2137,0.0,9.069426560173995e-07,9.338925520371805e-07,0.014866293932871515,0.01498522761199312,5.032977187983447,0.0,5.032977187983447,1.0,6.667022812016553,0.3,0.0018,0.051800000000000006,0.3699511406008277,0.4048405073989259,0.0,993468900346.2137
1192,25.0,0.0,1007931085443.7032,0.0,9.070567998835402e-07,1.0418791641160106e-06,0.014846025020724223,0.0075805295597196135,4.994519834819165,0.0,4.994519834819165,1.0,6.705480165180835,0.3,0.0018,0.051800000000000006,0.37187400825904177,0.40174709096035754,0.0,1007931085443.7032
1193,25.0,0.0,1004427999877.5071,0.0,1.0882168250917455e-06,1.057931690752712e-06,0.005276470250876951,0.013185488820337248,5.040928613365799,0.0,5.040928613365799,1.0,6.659071386634201,0.3,0.0018,0.051800000000000006,0.3695535693317101,0.4054801008177123,0.0,1004427999877.5071
1194,25.0,0.0,1006710538069.3391,0.0,9.318924686586596e-07,9.625797665698065e-07,0.007652024033574893,0.011810590296514501,4.951831002506126,0.0,4.951831002506126,1.0,6.748168997493874,0.3,0.0018,0.051800000000000006,0.3740084498746937,0.39831330457739106,0.0,1006710538069.3391
1195,25.0,0.0,1006793218588.2356,0.0,1.0859607869138767e-06,1.0800938255771176e-06,0.006852875791040228,0.011861663523518834,4.957193712368116,0.0,4.957193712368116,1.0,6.742806287631884,0.3,0.0018,0.051800000000000006,0.3737403143815942,0.3987446679832783,0.0,1006793218588.2356
1196,25.0,0.0,995882353885.633,0.0,9.85915531009086e-07,1.0601445942922262e-06,0.012961616090394517,0.005333762255549355,4.970343082320635,0.0,4.970343082320635,1.0,6.729656917679365,0.3,0.0018,0.051800000000000006,0.3730828458839683,0.3998023714865376,0.0,995882353885.633
1197,25.0,0.0,992990540176.294,0.0,1.0771194041135917e-06,9.9530950268273e-07,0.012441432260434393,0.009847785064963399,4.9947473864600695,0.0,4.9947473864600695,1.0,6.705252613539931,0.3,0.0018,0.051800000000000006,0.37186263067699654,0.40176539466377653,0.0,992990540176.294
1198,25.0,0.0,994996041986.125,0.0,1.0737984018638445e-06,1.0475509792899289e-06,0.006371445390555333,0.005302247111847667,4.951311875629564,0.0,4.951311875629564,1.0,6.748688124370436,0.3,0.0018,0.051800000000000006,0.37403440621852185,0.3982715472675003,0.0,994996041986.125
1199,25.0,0.0,1000461520249.7715,0.0,9.293164205804601e-07,1.0118300880012073e-06,0.006832221263987098,0.00806428604804306,5.066020252844484,0.0,5.066020252844484,1.0,6.633979747155516,0.3,0.0018,0.051800000000000006,0.36829898735777583,0.4074984115865898,0.0,1000461520249.7715
1200,25.0,0.0,994990876111.2188,0.0,9.122705574681648e-07,1.0100169294702875e-06,0.010844914357940105,0.007909671813304594,4.968968447018768,0.0,4.968968447018768,1.0,6.731031552981232,0.3,0.0018,0.051800000000000006,0.37315157764906165,0.3996917991488713,0.0,994990876111.2188
1201,25.0,0.0,997777422813.9816,0.0,9.60314914850703e-07,1.0405328008829808e-06,0.006014412710586425,0.005716415430946639,5.036642564087283,0.0,5.036642564087283,1.0,6.663357435912717,0.3,0.0018,0.051800000000000006,0.36976787179563586,0.4051353413841122,0.0,997777422813.9816
1202,25.0,0.0,997100934254.4938,0.0,9.208660589990628e-07,9.366294133093341e-07,0.009300383649732333,0.00782098906055525,5.0223512822948315,0.0,5.0223512822948315,1.0,6.677648717705169,0.3,0.0018,0.051800000000000006,0.3704824358852585,0.4039857852553757,0.0,997100934254.4938
1203,25.0,0.0,1002223946028.0554,0.0,1.0520774507450332e-06,9.084196995692539e-07,0.008128913366558809,0.01184430041394894,4.974446766181307,0.0,4.974446766181307,1.0,6.725553233818693,0.3,0.0018,0.051800000000000006,0.37287766169093467,0.4001324618871708,0.0,1002223946028.0554
1204,25.0,0.0,1004229895435.7733,0.0,1.044926272842331e-06,1.0550911432715152e-06,0.011353007444226989,0.007442340485581442,5.045794303579259,0.0,5.045794303579259,1.0,6.654205696420741,0.3,0.0018,0.051800000000000006,0.36931028482103706,0.4058714851656418,0.0,1004229895435.7733
1205,25.0,0.0,1004132913982.8417,0.0,1.0598574237323327e-06,1.0012867080719814e-06,0.009526488963130512,0.009205111926984868,5.015994509966138,0.0,5.015994509966138,1.0,6.684005490033862,0.3,0.0018,0.051800000000000006,0.3708002745016931,0.40347446186986313,0.0,1004132913982.8417
1206,25.0,0.0,995458896258.9445,0.0,1.037268522293626e-06,1.0349594279573786e-06,0.009930006477829698,0.00891022548203701,5.039356822560064,0.0,5.039356822560064,1.0,6.660643177439936,0.3,0.0018,0.051800000000000006,0.3696321588719968,0.40535366976834497,0.0,995458896258.9445
1207,25.0,0.0,1000916583875.2025,0.0,9.066466325529077e-07,9.10315148676461e-07,0.011950105263868745,0.01473145845992073,4.993203257543911,0.0,4.993203257543911,1.0,6.706796742456089,0.3,0.0018,0.051800000000000006,0.3719398371228045,0.40164118866987697,0.0,1000916583875.2025
1208,25.0,0.0,995228717939.4744,0.0,1.012652833165412e-06,9.465265097120201e-07,0.009960047695243439,0.008353812718296485,5.0419207976940426,0.0,5.0419207976940426,1.0,6.658079202305958,0.3,0.0018,0.051800000000000006,0.3695039601152979,0.40555990972442424,0.0,995228717939.4744
1209,25.0,0.0,1005346737885.2827,0.0,1.078998749208333e-06,9.459555645886162e-07,0.010210058072286206,0.01349922220166377,4.981608195817417,0.0,4.981608195817417,1.0,6.718391804182583,0.3,0.0018,0.051800000000000006,0.37251959020912917,0.40070850995957347,0.0,1005346737885.2827
1210,25.0,0.0,994838406229.4962,0.0,9.927692698818298e-07,1.0367088474892627e-06,0.014621191496915854,0.007991878523852037,5.03917993362911,0.0,5.03917993362911,1.0,6.66082006637089,0.3,0.0018,0.051800000000000006,0.36964100331854455,0.40533944125073273,0.0,994838406229.4962
1211,25.0,0.0,993237301800.0656,0.0,9.805974430258757e-07,9.954031781464509e-07,0.007453313462833974,0.00566215319610136,5.026628463776037,0.0,5.026628463776037,1.0,6.673371536223963,0.3,0.0018,0.051800000000000006,0.3702685768111982,0.4043298313848164,0.0,993237301800.0656
1212,25.0,0.0,1008583096503.024,0.0,1.0191921034549663e-06,1.0314037058657265e-06,0.011522220466175941,0.014317051360665006,5.069645880679095,0.0,5.069645880679095,1.0,6.630354119320905,0.3,0.0018,0.051800000000000006,0.36811770596604526,0.407790048317173,0.0,1008583096503.024
1213,25.0,0.0,1006056141074.6835,0.0,1.0054031833655432e-06,1.0305752679635395e-06,0.012172054497375816,0.008687894093962811,4.969346663091739,0.0,4.969346663091739,1.0,6.7306533369082615,0.3,0.0018,0.051800000000000006,0.3731326668454131,0.39972222193466367,0.0,1006056141074.6835
1214,25.0,0.0,1008386068645.0425,0.0,9.719931854315384e-07,9.515710279876405e-07,0.012887938226707769,0.012249800182441881,5.000800974670624,0.0,5.000800974670624,1.0,6.699199025329376,0.3,0.0018,0.051800000000000006,0.37155995126646885,0.40225233065239896,0.0,1008386068645.0425
1215,25.0,0.0,1005702771781.8447,0.0,9.753763359476033e-07,1.0837575952133599e-06,0.011596727064118621,0.014292388668437461,4.996161869050947,0.0,4.996161869050947,1.0,6.703838130949054,0.3,0.0018,0.051800000000000006,0.3717919065474527,0.4018791722209577,0.0,1005702771781.8447
1216,25.0,0.0,1009195828564.8706,0.0,1.0637794787814887e-06,9.924812289648676e-07,0.007102992942690588,0.008834408812778282,5.065744623727668,0.0,5.065744623727668,1.0,6.634255376272332,0.3,0.0018,0.051800000000000006,0.36831276881361663,0.40747624064733495,0.0,1009195828564.8706
1217,25.0,0.0,1008460087021.8221,0.0,1.0895348293750712e-06,1.011011519544455e-06,0.009918800746508704,0.014876405087679862,4.957726880687046,0.0,4.957726880687046,1.0,6.742273119312954,0.3,0.0018,0.051800000000000006,0.3737136559656477,0.398787554752819,0.0,1008460087021.8221
1218,25.0,0.0,1003783896436.4834,0.0,9.264099585682611e-07,1.0026480498032658e-06,0.014442211535215549,0.011028913233486716,4.98569429336593,0.0,4.98569429336593,1.0,6.71430570663407,0.3,0.0018,0.051800000000000006,0.3723152853317035,0.40103718575980773,0.0,1003783896436.4834
1219,25.0,0.0,1008256973222.7065,0.0,1.0216122004868645e-06,9.558405225365662e-07,0.009510852961584763,0.007198826367831429,5.004720839279837,0.0,5.004720839279837,1.0,6.695279160720164,0.3,0.0018,0.051800000000000006,0.3713639580360082,0.40256763507720694,0.0,1008256973222.7065
1220,25.0,0.0,995442366012.773,0.0,9.279087332412319e-07,1.0422922231428235e-06,0.007216380035727034,0.006179770211065605,5.074830753464643,0.0,5.074830753464643,1.0,6.625169246535357,0.3,0.0018,0.051800000000000006,0.3678584623267679,0.40820710693891915,0.0,995442366012.773
1221,25.0,0.0,1002183719075.0383,0.0,1.012183782299927e-06,9.361622390119937e-07,0.013470515714526024,0.01327972766486784,4.97745281980254,0.0,4.97745281980254,1.0,6.72254718019746,0.3,0.0018,0.051800000000000006,0.372727359009873,0.40037426156712835,0.0,1002183719075.0383
1222,25.0,0.0,1008180982811.2013,0.0,9.081991539604061e-07,1.0758551944382517e-06,0.014685664179784896,0.012421562026251037,4.94298702962706,0.0,4.94298702962706,1.0,6.75701297037294,0.3,0.0018,0.051800000000000006,0.374450648518647,0.3976019167975435,0.0,1008180982811.2013
1223,25.0,0.0,996776526350.4396,0.0,1.0131133376906345e-06,1.0705855862038804e-06,0.011701137485842426,0.007885161037049282,5.071252804379156,0.0,5.071252804379156,1.0,6.628747195620845,0.3,0.0018,0.051800000000000006,0.36803735978104224,0.4079193053715537,0.0,996776526350.4396
1224,25.0,0.0,998070192565.0651,0.0,1.0372425760072322e-06,9.861598396011629e-07,0.014346125103556418,0.014650971686188983,5.040146128302493,0.0,5.040146128302493,1.0,6.659853871697507,0.3,0.0018,0.051800000000000006,0.3695926935848754,0.40541715961249136,0.0,998070192565.0651
1225,25.0,0.0,990408435019.3011,0.0,9.987237134181058e-07,1.0873479299770373e-06,0.00877760041325965,0.007631736044838443,5.074258450813406,0.0,5.074258450813406,1.0,6.6257415491865945,0.3,0.0018,0.051800000000000006,0.36788707745932975,0.4081610722983756,0.0,990408435019.3011
1226,25.0,0.0,1008221143280.4202,0.0,9.911427851038376e-07,1.01057719095447e-06,0.013477395028814138,0.014646602316007996,4.974248316405458,0.0,4.974248316405458,1.0,6.725751683594543,0.3,0.0018,0.051800000000000006,0.37288758417972717,0.4001164990673631,0.0,1008221143280.4202
1227,25.0,0.0,1002219060826.6301,0.0,1.0772972649322587e-06,9.897432368558495e-07,0.008697556825658915,0.0075345161201088775,4.945012575562728,0.0,4.945012575562728,1.0,6.754987424437272,0.3,0.0018,0.051800000000000006,0.3743493712218636,0.39776484681167373,0.0,1002219060826.6301
1228,25.0,0.0,998376190324.2128,0.0,1.047826448917283e-06,9.431168943251877e-07,0.007562868024876824,0.014359086483383025,4.937238453892582,0.0,4.937238453892582,1.0,6.762761546107418,0.3,0.0018,0.051800000000000006,0.37473807730537095,0.3971395152744998,0.0,998376190324.2128
1229,25.0,0.0,994605214312.2921,0.0,9.443690729497329e-07,9.690371144121282e-07,0.013985057550784483,0.009315873465716652,4.987674352478515,0.0,4.987674352478515,1.0,6.712325647521485,0.3,0.0018,0.051800000000000006,0.3722162823760743,0.40119645692394745,0.0,994605214312.2921
1230,25.0,0.0,992345988724.3964,0.0,9.65432213545595e-07,1.0913023183410707e-06,0.008152272462436588,0.005828743632563205,5.003006282652877,0.0,5.003006282652877,1.0,6.696993717347123,0.3,0.0018,0.051800000000000006,0.37144968586735616,0.4024297202906111,0.0,992345988724.3964
1231,25.0,0.0,1003146112366.5591,0.0,9.386978977221274e-07,1.0417260529770281e-06,0.008113310269803373,0.014986740280600711,5.034765149461101,0.0,5.034765149461101,1.0,6.665234850538899,0.3,0.0018,0.051800000000000006,0.369861742526945,0.404984326694104,0.0,1003146112366.5591
1232,25.0,0.0,1001786233994.3885,0.0,9.474631205610759e-07,1.035622399065085e-06,0.008746444282494614,0.0054308262781213035,5.0474092694554935,0.0,5.0474092694554935,1.0,6.652590730544507,0.3,0.0018,0.051800000000000006,0.36922953652722534,0.40600138911321537,0.0,1001786233994.3885
1233,25.0,0.0,993134417829.6984,0.0,1.071818331709344e-06,9.188839098228293e-07,0.011671506785526208,0.011126187424860852,5.055129461953444,0.0,5.055129461953444,1.0,6.644870538046556,0.3,0.0018,0.051800000000000006,0.3688435269023278,0.4066223827182629,0.0,993134417829.6984
1234,25.0,0.0,999002423934.8265,0.0,9.72356870167975e-07,9.771148292391835e-07,0.01019959626425225,0.006067998229234658,4.988759880480943,0.0,4.988759880480943,1.0,6.711240119519057,0.3,0.0018,0.051800000000000006,0.3721620059759529,0.40128377416996003,0.0,999002423934.8265
1235,25.0,0.0,993316589376.9924,0.0,9.88592334885186e-07,1.0337749629265937e-06,0.014007663225374976,0.010503755125878183,5.026455219217604,0.0,5.026455219217604,1.0,6.673544780782396,0.3,0.0018,0.051800000000000006,0.3702772390391198,0.4043158960117121,0.0,993316589376.9924
1236,25.0,0.0,996304173807.1105,0.0,9.445685561283025e-07,9.169340143531098e-07,0.012900467901418512,0.007404900817061728,4.967403160301797,0.0,4.967403160301797,1.0,6.732596839698203,0.3,0.0018,0.051800000000000006,0.3732298419849102,0.39956589127266706,0.0,996304173807.1105
1237,25.0,0.0,1005620695945.5841,0.0,1.0723446734107022e-06,1.0812593599090525e-06,0.00979034051849193,0.006705414373571005,4.974032050153632,0.0,4.974032050153632,1.0,6.7259679498463685,0.3,0.0018,0.051800000000000006,0.37289839749231846,0.40009910313333585,0.0,1005620695945.5841
1238,25.0,0.0,990513453726.1469,0.0,1.0365770240509722e-06,9.246884707600883e-07,0.005482918507704002,0.006092151646111908,5.028601122956465,0.0,5.028601122956465,1.0,6.6713988770435355,0.3,0.0018,0.051800000000000006,0.3701699438521768,0.40448850731631797,0.0,990513453726.1469
1239,25.0,0.0,994606003935.182,0.0,9.400705824521552e-07,9.070750793448414e-07,0.014058633555759405,0.013763184242909225,4.952722850134471,0.0,4.952722850134471,1.0,6.747277149865529,0.3,0.0018,0.051800000000000006,0.3739638574932765,0.3983850426427341,0.0,994606003935.182
1240,25.0,0.0,1004390690779.2346,0.0,1.0862899514757004e-06,1.0655282048767139e-06,0.010884011275696732,0.005089382247137132,5.0575504109625005,0.0,5.0575504109625005,1.0,6.6424495890375,0.3,0.0018,0.051800000000000006,0.36872247945187503,0.40681711799891407,0.0,1004390690779.2346
1241,25.0,0.0,991436504091.4398,0.0,1.0609178947248287e-06,1.091327071231411e-06,0.010804704727824355,0.010080418519992715,4.988809518497287,0.0,4.988809518497287,1.0,6.7111904815027135,0.3,0.0018,0.051800000000000006,0.3721595240751357,0.40128776693189244,0.0,991436504091.4398
1242,25.0,0.0,1001995100974.3207,0.0,9.035147900618353e-07,1.0238226236535055e-06,0.013645978880190524,0.005659752775734094,4.984635681344201,0.0,4.984635681344201,1.0,6.715364318655799,0.3,0.0018,0.051800000000000006,0.37236821593278996,0.40095203357015774,0.0,1001995100974.3207
1243,25.0,0.0,994413164595.7719,0.0,9.816279132389613e-07,9.234579028833584e-07,0.01160792243848411,0.010921643290924763,5.022158431679837,0.0,5.022158431679837,1.0,6.677841568320163,0.3,0.0018,0.051800000000000006,0.3704920784160082,0.4039702728185197,0.0,994413164595.7719
1244,25.0,0.0,993489256991.3264,0.0,9.195902972595978e-07,1.0470951546396552e-06,0.006201372144784917,0.01168194073450344,4.951758546448051,0.0,4.951758546448051,1.0,6.748241453551949,0.3,0.0018,0.051800000000000006,0.37401207267759745,0.3983074763873915,0.0,993489256991.3264
1245,25.0,0.0,1000168069130.7604,0.0,1.0623849720115274e-06,9.257124410929261e-07,0.0111618674738583,0.012738395994112472,4.971860775726182,0.0,4.971860775726182,1.0,6.728139224273818,0.3,0.0018,0.051800000000000006,0.3730069612136909,0.3999244510719258,0.0,1000168069130.7604
1246,25.0,0.0,991831172951.2091,0.0,9.753403336720468e-07,1.0046697210271572e-06,0.012686881518043144,0.008714984221207239,5.022365398194142,0.0,5.022365398194142,1.0,6.677634601805858,0.3,0.0018,0.051800000000000006,0.3704817300902929,0.40398692070416203,0.0,991831172951.2091
1247,25.0,0.0,991930379323.4061,0.0,9.586681655190936e-07,1.0435167607773893e-06,0.011741041862892538,0.012470800889310657,4.9342632570856,0.0,4.9342632570856,1.0,6.7657367429144,0.3,0.0018,0.051800000000000006,0.37488683714572,0.3969001976420206,0.0,991930379323.4061
1248,25.0,0.0,1006514955828.7831,0.0,1.018352358098364e-06,9.877714330289975e-07,0.012571323532701826,0.01239857803268846,4.945576750323471,0.0,4.945576750323471,1.0,6.754423249676529,0.3,0.0018,0.051800000000000006,0.37432116248382646,0.39781022766437185,0.0,1006514955828.7831
1249,25.0,0.0,1000010922842.5707,0.0,1.0643377714750455e-06,9.926220436186107e-07,0.007368580775651452,0.009906596154566065,4.9625312165655675,0.0,4.9625312165655675,1.0,6.737468783434433,0.3,0.0018,0.051800000000000006,0.37347343917172166,0.3991740039064967,0.0,1000010922842.5707
1250,25.0,0.0,1005610089675.0079,0.0,9.399970368380679e-07,9.94837067913392e-07,0.005505043651908507,0.007293406284355058,4.9780557371281535,0.0,4.9780557371281535,1.0,6.721944262871847,0.3,0.0018,0.051800000000000006,0.37269721314359233,0.4004227587780046,0.0,1005610089675.0079
1251,25.0,0.0,1001212729894.1681,0.0,1.0087454922715205e-06,9.573679043472864e-07,0.005619809720023149,0.006366663047483236,5.009182605282079,0.0,5.009182605282079,1.0,6.6908173947179215,0.3,0.0018,0.051800000000000006,0.3711408697358961,0.40292652873890594,0.0,1001212729894.1681
1252,25.0,0.0,993710996594.2697,0.0,9.639546217761005e-07,1.0916814028355922e-06,0.007037705979424226,0.005625203494791089,4.977952224396848,0.0,4.977952224396848,1.0,6.722047775603152,0.3,0.0018,0.051800000000000006,0.37270238878015766,0.40041443246435393,0.0,993710996594.2697
1253,25.0,0.0,998149013222.3425,0.0,9.183453552310719e-07,1.0208606858854898e-06,0.0100169976602035,0.005770996689513054,5.054411671102121,0.0,5.054411671102121,1.0,6.645588328897879,0.3,0.0018,0.051800000000000006,0.36887941644489397,0.4065646453589222,0.0,998149013222.3425
1254,25.0,0.0,1008630772651.1265,0.0,9.457133880876669e-07,1.0669705425060446e-06,0.008612858416224467,0.0066355069467129825,5.007741157372841,0.0,5.007741157372841,1.0,6.692258842627159,0.3,0.0018,0.051800000000000006,0.37121294213135797,0.4028105821567601,0.0,1008630772651.1265
1255,25.0,0.0,1004585627596.7866,0.0,1.046940582477475e-06,1.0284349921295595e-06,0.010001771522770127,0.014875532894964474,5.068874723600026,0.0,5.068874723600026,1.0,6.631125276399974,0.3,0.0018,0.051800000000000006,0.3681562638199987,0.4077280183075954,0.0,1004585627596.7866
1256,25.0,0.0,1001551191002.3702,0.0,1.075087805417593e-06,9.021632269757915e-07,0.007274399667939331,0.009037324450844698,5.012923573285111,0.0,5.012923573285111,1.0,6.687076426714889,0.3,0.0018,0.051800000000000006,0.3709538213357445,0.40322744315356424,0.0,1001551191002.3702
1257,25.0,0.0,992095963996.2706,0.0,9.697417577792967e-07,9.028107375840172e-07,0.011924558205498557,0.007477274357374914,4.977710665482254,0.0,4.977710665482254,1.0,6.722289334517746,0.3,0.0018,0.051800000000000006,0.3727144667258873,0.4003950020497309,0.0,992095963996.2706
1258,25.0,0.0,1007195994441.8922,0.0,9.68145422646254e-07,1.0384057615463567e-06,0.0054423141328043675,0.013299786351622236,5.069273771074614,0.0,5.069273771074614,1.0,6.630726228925386,0.3,0.0018,0.051800000000000006,0.36813631144626935,0.40776011672093093,0.0,1007195994441.8922
1259,25.0,0.0,998261236588.635,0.0,9.212497818826874e-07,9.07089386999954e-07,0.007445043181345338,0.009781286571011476,5.001152358629433,0.0,5.001152358629433,1.0,6.698847641370567,0.3,0.0018,0.051800000000000006,0.37154238206852835,0.4022805951278502,0.0,998261236588.635
1260,25.0,0.0,993624117496.7677,0.0,9.391419030378654e-07,1.0393327199980275e-06,0.010165725082223118,0.012361010990726153,4.933587225438747,0.0,4.933587225438747,1.0,6.766412774561253,0.3,0.0018,0.051800000000000006,0.3749206387280627,0.3968458192920485,0.0,993624117496.7677
1261,25.0,0.0,991072390294.1273,0.0,9.080796437711241e-07,9.2933066419416e-07,0.009625264515730515,0.0065751339768405255,5.002813313744577,0.0,5.002813313744577,1.0,6.6971866862554235,0.3,0.0018,0.051800000000000006,0.37145933431277117,0.40241419833852776,0.0,991072390294.1273
1262,25.0,0.0,992143730194.2439,0.0,9.92053969482751e-07,1.0765222197688277e-06,0.008061232946653871,0.011275320051870895,5.06349703314525,0.0,5.06349703314525,1.0,6.63650296685475,0.3,0.0018,0.051800000000000006,0.36842514834273754,0.4072954498990709,0.0,992143730194.2439
1263,25.0,0.0,1002630334996.9026,0.0,9.341386689906216e-07,9.868172940674025e-07,0.006288372284769526,0.014600821079853644,4.93440375844402,0.0,4.93440375844402,1.0,6.76559624155598,0.3,0.0018,0.051800000000000006,0.374879812077799,0.3969114992313401,0.0,1002630334996.9026
1264,25.0,0.0,996015242962.7535,0.0,9.574951057814612e-07,1.0297516751255064e-06,0.006924693692700272,0.009588694580514692,5.005023826217059,0.0,5.005023826217059,1.0,6.694976173782941,0.3,0.0018,0.051800000000000006,0.3713488086891471,0.40259200661334127,0.0,996015242962.7535
1265,25.0,0.0,992804133353.4243,0.0,9.336565431988847e-07,9.58425278237629e-07,0.008369087646165174,0.0095436679697967,5.03038530493251,0.0,5.03038530493251,1.0,6.66961469506749,0.3,0.0018,0.051800000000000006,0.3700807347533745,0.4046320225975314,0.0,992804133353.4243
1266,25.0,0.0,1003595712932.4037,0.0,1.0432707922661881e-06,9.297263599674199e-07,0.0147792730186409,0.012865862657683653,5.010908265295102,0.0,5.010908265295102,1.0,6.689091734704898,0.3,0.0018,0.051800000000000006,0.37105458673524494,0.4030653366550114,0.0,1003595712932.4037
1267,25.0,0.0,1002286623497.2029,0.0,1.0351719001030293e-06,9.744855449799405e-07,0.010128451714565948,0.00687958037963962,4.948280171644074,0.0,4.948280171644074,1.0,6.7517198283559265,0.3,0.0018,0.051800000000000006,0.37418599141779635,0.3980276843343045,0.0,1002286623497.2029
1268,25.0,0.0,1001107725031.5933,0.0,1.0498972562718657e-06,1.0537526320498988e-06,0.010090584341970153,0.013154539365256505,5.066309516797073,0.0,5.066309516797073,1.0,6.633690483202927,0.3,0.0018,0.051800000000000006,0.3682845241601464,0.4075216792790438,0.0,1001107725031.5933
1269,25.0,0.0,1003020397185.0701,0.0,9.154444844837335e-07,1.0385800810231877e-06,0.013347854319240383,0.006588414907293666,4.9361222911949065,0.0,4.9361222911949065,1.0,6.763877708805094,0.3,0.0018,0.051800000000000006,0.3747938854402547,0.39704973384772413,0.0,1003020397185.0701
1270,25.0,0.0,990701721874.8748,0.0,1.0695431108190686e-06,1.0028946682928452e-06,0.010399252440937878,0.008368605127273786,4.960769479829935,0.0,4.960769479829935,1.0,6.739230520170065,0.3,0.0018,0.051800000000000006,0.3735615260085033,0.39903229406611446,0.0,990701721874.8748
1271,25.0,0.0,996424895163.304,0.0,9.5355834390901e-07,9.101190836044711e-07,0.00781075024840381,0.0052565091696900506,5.043261143370256,0.0,5.043261143370256,1.0,6.656738856629744,0.3,0.0018,0.051800000000000006,0.3694369428314872,0.4056677238875689,0.0,996424895163.304
1272,25.0,0.0,1000863767710.8112,0.0,1.0920757455114043e-06,9.73458322825833e-07,0.005883408198896371,0.012496457643859227,4.9281953489298775,0.0,4.9281953489298775,1.0,6.771804651070123,0.3,0.0018,0.051800000000000006,0.37519023255350614,0.3964121097916568,0.0,1000863767710.8112
1273,25.0,0.0,1007962967432.3964,0.0,9.985484330030464e-07,9.84799825431796e-07,0.011527446645481394,0.007897440885692497,5.056054310070419,0.0,5.056054310070419,1.0,6.6439456899295815,0.3,0.0018,0.051800000000000006,0.3687972844964791,0.4066967752630646,0.0,1007962967432.3964
1274,25.0,0.0,997160524990.2509,0.0,1.0514120597071542e-06,9.798000116048095e-07,0.008413718626101272,0.0053888798966254215,4.937256086816022,0.0,4.937256086816022,1.0,6.762743913183979,0.3,0.0018,0.051800000000000006,0.37473719565919894,0.3971409336241974,0.0,997160524990.2509
1275,25.0,0.0,993057447642.8157,0.0,1.059631862151173e-06,1.0691147695656395e-06,0.011238003614254718,0.011240631012406698,4.9435897619829525,0.0,4.9435897619829525,1.0,6.756410238017048,0.3,0.0018,0.051800000000000006,0.3744205119008524,0.39765039912990285,0.0,993057447642.8157
1276,25.0,0.0,1000385066595.724,0.0,1.0741230788636855e-06,9.466387014591584e-07,0.012366506157002934,0.006040907499592111,4.929011372861605,0.0,4.929011372861605,1.0,6.770988627138395,0.3,0.0018,0.051800000000000006,0.3751494313569198,0.3964777487823041,0.0,1000385066595.724
1277,25.0,0.0,1003898968041.8759,0.0,9.031884877933383e-07,1.0976045262753685e-06,0.01033378403231993,0.008938802151113175,5.002827484257325,0.0,5.002827484257325,1.0,6.697172515742675,0.3,0.0018,0.051800000000000006,0.3714586257871338,0.40241533818028674,0.0,1003898968041.8759
1278,25.0,0.0,1002258978089.2994,0.0,9.603427384154173e-07,9.973937245691925e-07,0.005036439961967687,0.013598142813182026,4.970885583336967,0.0,4.970885583336967,1.0,6.729114416663033,0.3,0.0018,0.051800000000000006,0.3730557208331517,0.39984600895567624,0.0,1002258978089.2994
1279,25.0,0.0,1001687858774.9038,0.0,9.531049939787142e-07,9.706453176532623e-07,0.014860600478706538,0.009306216779148578,4.959520098243921,0.0,4.959520098243921,1.0,6.740479901756079,0.3,0.0018,0.051800000000000006,0.373623995087804,0.39893179683429225,0.0,1001687858774.9038
1280,25.0,0.0,991099207762.8374,0.0,9.031375054566607e-07,1.0796967271490953e-06,0.01291858703601802,0.005758232101424111,5.033541661671959,0.0,5.033541661671959,1.0,6.666458338328042,0.3,0.0018,0.051800000000000006,0.3699229169164021,0.40488591229665044,0.0,991099207762.8374
1281,25.0,0.0,1001553416003.1224,0.0,9.118992743645564e-07,1.0454577299671393e-06,0.006055651789189098,0.007418441007064775,4.999825489073504,0.0,4.999825489073504,1.0,6.700174510926496,0.3,0.0018,0.051800000000000006,0.37160872554632485,0.4021738649512149,0.0,1001553416003.1224
1282,25.0,0.0,1006147560475.5818,0.0,9.09913624154941e-07,9.855746322467248e-07,0.013469176727143355,0.008632193903066989,5.029373056748454,0.0,5.029373056748454,1.0,6.670626943251547,0.3,0.0018,0.051800000000000006,0.37013134716257734,0.40455059980280356,0.0,1006147560475.5818
1283,25.0,0.0,995528096581.8085,0.0,9.267248274005794e-07,1.0720245038175517e-06,0.010764434410807034,0.006115035051258391,5.0305291467790045,0.0,5.0305291467790045,1.0,6.669470853220996,0.3,0.0018,0.051800000000000006,0.3700735426610498,0.4046435928876291,0.0,995528096581.8085
1284,25.0,0.0,1009221385858.4973,0.0,1.0185987246655992e-06,1.0697734362118723e-06,0.010438697898821524,0.009414706123329038,4.953417028979106,0.0,4.953417028979106,1.0,6.746582971020894,0.3,0.0018,0.051800000000000006,0.3739291485510447,0.39844088070938755,0.0,1009221385858.4973
1285,25.0,0.0,999119491580.5503,0.0,9.884170020073753e-07,1.0186318401130835e-06,0.013325185240762458,0.014933346955105415,4.973378797272693,0.0,4.973378797272693,1.0,6.726621202727308,0.3,0.0018,0.051800000000000006,0.3729310601363654,0.40004655705217923,0.0,999119491580.5503
1286,25.0,0.0,991360133806.3911,0.0,9.438085919668767e-07,1.0328768544845996e-06,0.010552991362176882,0.009948510525895536,5.039534564571137,0.0,5.039534564571137,1.0,6.660465435428863,0.3,0.0018,0.051800000000000006,0.36962327177144316,0.40536796690565774,0.0,991360133806.3911
1287,25.0,0.0,1007312678964.509,0.0,1.0552714681535666e-06,9.434141949554452e-07,0.006126516321638473,0.007092051477658019,4.988414204753434,0.0,4.988414204753434,1.0,6.711585795246566,0.3,0.0018,0.051800000000000006,0.37217928976232834,0.4012559688508232,0.0,1007312678964.509
1288,25.0,0.0,1003414458035.3488,0.0,9.547623465723122e-07,9.76132201028193e-07,0.0097605059536673,0.012138223521757287,4.938401233734331,0.0,4.938401233734331,1.0,6.761598766265669,0.3,0.0018,0.051800000000000006,0.37467993831328344,0.3972330464715517,0.0,1003414458035.3488
1289,25.0,0.0,995249001639.4487,0.0,9.380417268088502e-07,9.202284375572691e-07,0.011384053019187983,0.008931290798512249,4.938775315140276,0.0,4.938775315140276,1.0,6.761224684859724,0.3,0.0018,0.051800000000000006,0.3746612342429862,0.3972631366747326,0.0,995249001639.4487
1290,25.0,0.0,1000454711575.4381,0.0,1.05551042686379e-06,1.0715017266143487e-06,0.006448330177152944,0.0083701987073447,4.946986118820229,0.0,4.946986118820229,1.0,6.753013881179771,0.3,0.0018,0.051800000000000006,0.3742506940589886,0.397923593856196,0.0,1000454711575.4381
1291,25.0,0.0,1005737298018.7438,0.0,9.991129597488354e-07,1.0347790210945963e-06,0.013222566491521866,0.008012090903224517,4.956383100155603,0.0,4.956383100155603,1.0,6.7436168998443975,0.3,0.0018,0.051800000000000006,0.3737808449922199,0.3986794642982306,0.0,1005737298018.7438
1292,25.0,0.0,1003421361983.6176,0.0,1.0028058891199081e-06,9.456894890969114e-07,0.0064145742095417626,0.00987016144914431,5.001639430506707,0.0,5.001639430506707,1.0,6.6983605694932935,0.3,0.0018,0.051800000000000006,0.3715180284746647,0.4023197740111572,0.0,1003421361983.6176
1293,25.0,0.0,1008240825576.7173,0.0,1.0455702652399081e-06,9.153022497660506e-07,0.009051183092171025,0.011088023698406828,5.013529260717494,0.0,5.013529260717494,1.0,6.686470739282506,0.3,0.0018,0.051800000000000006,0.37092353696412533,0.4032761631851266,0.0,1008240825576.7173
1294,25.0,0.0,996993610157.6289,0.0,1.0668014010602473e-06,9.84386631733644e-07,0.010273959540644525,0.010628728610344786,5.009449516977742,0.0,5.009449516977742,1.0,6.690550483022258,0.3,0.0018,0.051800000000000006,0.3711275241511129,0.40294799846989565,0.0,996993610157.6289
1295,25.0,0.0,996692472178.8824,0.0,9.291395197931454e-07,1.0988231189267338e-06,0.012720432914533956,0.009172514334843073,4.970202777629642,0.0,4.970202777629642,1.0,6.729797222370358,0.3,0.0018,0.051800000000000006,0.37308986111851794,0.39979108571667005,0.0,996692472178.8824
1296,25.0,0.0,1003108155991.6913,0.0,1.077799839090308e-06,9.912590452620819e-07,0.011695211484476647,0.009415079549598682,5.020714711717981,0.0,5.020714711717981,1.0,6.679285288282019,0.3,0.0018,0.051800000000000006,0.37056426441410095,0.4038541434779586,0.0,1003108155991.6913
1297,25.0,0.0,990105202465.6747,0.0,9.59287525032649e-07,1.0890789012502234e-06,0.010070462129669177,0.008643518799981412,4.985646817342051,0.0,4.985646817342051,1.0,6.714353182657949,0.3,0.0018,0.051800000000000006,0.3723176591328975,0.4010333669033181,0.0,990105202465.6747
1298,25.0,0.0,1009246717313.6028,0.0,1.0683313526837898e-06,9.398030221910923e-07,0.007686780717622553,0.01096049180558099,5.023420612016197,0.0,5.023420612016197,1.0,6.676579387983804,0.3,0.0018,0.051800000000000006,0.3704289693991902,0.4040717995508524,0.0,1009246717313.6028
1299,25.0,0.0,993999271058.3917,0.0,9.61359107596322e-07,1.0691982832980634e-06,0.012320838968708833,0.010306854357241813,5.047962394720234,0.0,5.047962394720234,1.0,6.652037605279766,0.3,0.0018,0.051800000000000006,0.3692018802639883,0.40604588117119,0.0,993999271058.3917
1300,25.0,0.0,1005628745749.7484,0.0,1.000645769991102e-06,9.236483460777341e-07,0.00926794485591258,0.010203657697671904,4.9369877536874105,0.0,4.9369877536874105,1.0,6.76301224631259,0.3,0.0018,0.051800000000000006,0.3747506123156295,0.3971193495565806,0.0,1005628745749.7484
1301,25.0,0.0,1002281764694.8948,0.0,9.190679371816401e-07,9.702712491910282e-07,0.013426857229161055,0.013697560531673623,4.971441930456189,0.0,4.971441930456189,1.0,6.728558069543811,0.3,0.0018,0.051800000000000006,0.37302790347719056,0.39989076017182984,0.0,1002281764694.8948
1302,25.0,0.0,1009668445175.1886,0.0,1.009576148448051e-06,1.0185075297742508e-06,0.008076685709511162,0.005469532474914707,4.9328156803531735,0.0,4.9328156803531735,1.0,6.767184319646827,0.3,0.0018,0.051800000000000006,0.37495921598234133,0.3967837580721664,0.0,1009668445175.1886
1303,25.0,0.0,1004003515716.0625,0.0,1.0715944282011574e-06,9.75432485193949e-07,0.014643679019724177,0.006181596344256368,5.050468204795322,0.0,5.050468204795322,1.0,6.649531795204678,0.3,0.0018,0.051800000000000006,0.3690765897602339,0.40624744247066624,0.0,1004003515716.0625
1304,25.0,0.0,1006176822823.9937,0.0,1.0426686213441946e-06,1.01586931320226e-06,0.009244791314312183,0.014931116960536797,4.968568207721768,0.0,4.968568207721768,1.0,6.731431792278232,0.3,0.0018,0.051800000000000006,0.3731715896139116,0.3996596048682246,0.0,1006176822823.9937
1305,25.0,0.0,995780165581.9255,0.0,9.61999949933897e-07,1.0518623354203582e-06,0.01359854009702266,0.006144449876223611,5.018256902161224,0.0,5.018256902161224,1.0,6.681743097838776,0.3,0.0018,0.051800000000000006,0.3706871548919388,0.4036564432240367,0.0,995780165581.9255
1306,25.0,0.0,1003421127422.5359,0.0,9.693058416853478e-07,9.599533843471558e-07,0.010812252858218251,0.009294184592386616,4.9960631408468865,0.0,4.9960631408468865,1.0,6.703936859153114,0.3,0.0018,0.051800000000000006,0.3717968429576557,0.4018712307631022,0.0,1003421127422.5359
1307,25.0,0.0,1008707498731.8572,0.0,1.0180291185361242e-06,1.0509150058035781e-06,0.005118635284408275,0.007227481479333848,4.981560804627408,0.0,4.981560804627408,1.0,6.718439195372592,0.3,0.0018,0.051800000000000006,0.3725219597686296,0.40070469792691504,0.0,1008707498731.8572
1308,25.0,0.0,1002979985162.981,0.0,9.050965872858038e-07,9.003142101636508e-07,0.008455120119496342,0.00861662799194247,5.0672906176079815,0.0,5.0672906176079815,1.0,6.632709382392019,0.3,0.0018,0.051800000000000006,0.368235469119601,0.4076005966544386,0.0,1002979985162.981
1309,25.0,0.0,1001556266285.277,0.0,1.0277469200281322e-06,9.016278987447885e-07,0.011318576734090115,0.00822387939699732,5.04093034420217,0.0,5.04093034420217,1.0,6.65906965579783,0.3,0.0018,0.051800000000000006,0.36955348278989153,0.40548024004200206,0.0,1001556266285.277
1310,25.0,0.0,1002509906673.7812,0.0,9.351895374175108e-07,1.0338348002664924e-06,0.012369784086419148,0.009894102612378056,4.976054852448132,0.0,4.976054852448132,1.0,6.723945147551868,0.3,0.0018,0.051800000000000006,0.37279725737759345,0.4002618124556091,0.0,1002509906673.7812
1311,25.0,0.0,1005276567249.0504,0.0,1.0405426483986516e-06,1.0480182649996974e-06,0.011741702241242895,0.011735384236829485,5.016621230648908,0.0,5.016621230648908,1.0,6.683378769351092,0.3,0.0018,0.051800000000000006,0.37076893846755465,0.40352487376519525,0.0,1005276567249.0504
1312,25.0,0.0,1006856067738.437,0.0,9.932968131200333e-07,1.0866477511769312e-06,0.014979945377232833,0.009861959125858206,5.0336533060624955,0.0,5.0336533060624955,1.0,6.666346693937505,0.3,0.0018,0.051800000000000006,0.36991733469687527,0.40489489270129464,0.0,1006856067738.437
1313,25.0,0.0,990941788875.0864,0.0,1.0574409994792544e-06,9.650269325379393e-07,0.012844387211931842,0.011548016819629555,5.029331202772638,0.0,5.029331202772638,1.0,6.670668797227362,0.3,0.0018,0.051800000000000006,0.37013343986136815,0.4045472331702572,0.0,990941788875.0864
1314,25.0,0.0,993634076000.5044,0.0,9.17970008618483e-07,9.253546812592415e-07,0.007105134792958365,0.010802342113758369,4.991181667932146,0.0,4.991181667932146,1.0,6.708818332067854,0.3,0.0018,0.051800000000000006,0.3720409166033927,0.40147857689286887,0.0,993634076000.5044
1315,25.0,0.0,1000502953826.8397,0.0,1.0269929924555136e-06,9.031575193057433e-07,0.014134756910156952,0.013574633356808263,5.020290683417135,0.0,5.020290683417135,1.0,6.679709316582866,0.3,0.0018,0.051800000000000006,0.3705854658291433,0.4038200356674014,0.0,1000502953826.8397
1316,25.0,0.0,999643496915.3367,0.0,1.0026283204717372e-06,9.352049397404881e-07,0.0055817756717299275,0.006261862762865124,4.962716166325608,0.0,4.962716166325608,1.0,6.737283833674392,0.3,0.0018,0.051800000000000006,0.37346419168371964,0.3991888808176969,0.0,999643496915.3367
1317,25.0,0.0,994781744643.9934,0.0,9.446029079053548e-07,1.0091483637412267e-06,0.011170866962944868,0.010321275318971606,5.067778497682541,0.0,5.067778497682541,1.0,6.632221502317459,0.3,0.0018,0.051800000000000006,0.368211075115873,0.40763984054717994,0.0,994781744643.9934
1318,25.0,0.0,1006105922897.806,0.0,1.0159567012323996e-06,9.70294483789777e-07,0.012843558461737393,0.0067183113909183596,4.957500757144197,0.0,4.957500757144197,1.0,6.7424992428558035,0.3,0.0018,0.051800000000000006,0.3737249621427902,0.39876936592215223,0.0,1006105922897.806
1319,25.0,0.0,1003770765175.7792,0.0,1.0021571527988502e-06,9.753749076979549e-07,0.012923807818187676,0.005388907459986434,4.932284853322711,0.0,4.932284853322711,1.0,6.767715146677289,0.3,0.0018,0.051800000000000006,0.37498575733386447,0.39674105963020523,0.0,1003770765175.7792
1320,25.0,0.0,1006621800459.9602,0.0,1.0898741657183004e-06,9.628769284468845e-07,0.008979214064048002,0.014776746665029164,4.941128636505766,0.0,4.941128636505766,1.0,6.758871363494234,0.3,0.0018,0.051800000000000006,0.37454356817471174,0.3974524321513647,0.0,1006621800459.9602
1321,25.0,0.0,999730264988.067,0.0,1.019772340745613e-06,1.0596339939415656e-06,0.005330423023506873,0.0066377272659174525,4.976391557174285,0.0,4.976391557174285,1.0,6.723608442825715,0.3,0.0018,0.051800000000000006,0.37278042214128576,0.4002888961691027,0.0,999730264988.067
1322,25.0,0.0,1009037365996.349,0.0,9.846564217331543e-07,9.914182743215165e-07,0.007803420518291627,0.007785065576875697,5.032212824262398,0.0,5.032212824262398,1.0,6.667787175737602,0.3,0.0018,0.051800000000000006,0.3699893587868801,0.4047790238306305,0.0,1009037365996.349
1323,25.0,0.0,998101464449.561,0.0,1.0787176281365169e-06,1.070265694343277e-06,0.014200233924999587,0.007689750225282249,5.072813177679818,0.0,5.072813177679818,1.0,6.627186822320182,0.3,0.0018,0.051800000000000006,0.3679593411160091,0.4080448180244384,0.0,998101464449.561
1324,25.0,0.0,1003351572019.1732,0.0,9.883126456092962e-07,1.048307860952482e-06,0.011988112879885214,0.012320889064470656,5.037719722125389,0.0,5.037719722125389,1.0,6.662280277874611,0.3,0.0018,0.051800000000000006,0.3697140138937306,0.4052219853704463,0.0,1003351572019.1732
1325,25.0,0.0,997845079916.5181,0.0,1.043249595143861e-06,1.0666732410471439e-06,0.01288519157890336,0.010960338793894107,4.9459922729731165,0.0,4.9459922729731165,1.0,6.754007727026884,0.3,0.0018,0.051800000000000006,0.3743003863513442,0.39784365130092636,0.0,997845079916.5181
1326,25.0,0.0,1002863487267.7947,0.0,1.09981060362738e-06,9.718404466047065e-07,0.012232896943478509,0.010399586326005052,4.993245770106225,0.0,4.993245770106225,1.0,6.706754229893775,0.3,0.0018,0.051800000000000006,0.3719377114946888,0.40164460827752774,0.0,1002863487267.7947
1327,25.0,0.0,993699445735.1995,0.0,9.284106193286206e-07,9.8627729396341e-07,0.01023333239272194,0.009382344771889697,5.053239427021087,0.0,5.053239427021087,1.0,6.646760572978913,0.3,0.0018,0.051800000000000006,0.36893802864894565,0.40647035288136163,0.0,993699445735.1995
1328,25.0,0.0,1009843990823.453,0.0,1.0320086970811999e-06,1.0512647241617216e-06,0.006281906997548441,0.012659147941031746,4.956162341256814,0.0,4.956162341256814,1.0,6.743837658743186,0.3,0.0018,0.051800000000000006,0.3737918829371593,0.39866170698655196,0.0,1009843990823.453
1329,25.0,0.0,1005075699286.6438,0.0,9.506416836983385e-07,9.218444698680598e-07,0.012206064569638717,0.007958446307808778,5.0027420019802955,0.0,5.0027420019802955,1.0,6.697257998019705,0.3,0.0018,0.051800000000000006,0.37146289990098524,0.4024084621927522,0.0,1005075699286.6438
1330,25.0,0.0,994529673129.88,0.0,9.642679949779414e-07,9.207703242581501e-07,0.007403052328149324,0.005739409290671752,4.995310809648863,0.0,4.995310809648863,1.0,6.704689190351137,0.3,0.0018,0.051800000000000006,0.37183445951755684,0.4018107150618455,0.0,994529673129.88
1331,25.0,0.0,1000342572404.403,0.0,9.902540659809882e-07,9.391988544280849e-07,0.006787293759249184,0.00800656470133444,4.941245219715342,0.0,4.941245219715342,1.0,6.758754780284658,0.3,0.0018,0.051800000000000006,0.37453773901423293,0.39746180982266266,0.0,1000342572404.403
1332,25.0,0.0,1003336052693.9492,0.0,9.513693882935568e-07,1.0714026671601848e-06,0.008622728068539838,0.006441949811224856,5.04570606500063,0.0,5.04570606500063,1.0,6.65429393499937,0.3,0.0018,0.051800000000000006,0.36931469674996853,0.4058643874678756,0.0,1003336052693.9492
1333,25.0,0.0,1006386293370.2329,0.0,1.0036131390799387e-06,9.707267843007162e-07,0.0057505583038802025,0.014909719860358987,4.9512160590087575,0.0,4.9512160590087575,1.0,6.748783940991243,0.3,0.0018,0.051800000000000006,0.3740391970495622,0.3982638400103569,0.0,1006386293370.2329
1334,25.0,0.0,1008158828133.7141,0.0,9.914659598878674e-07,1.0910846067903718e-06,0.005527833807864417,0.013936703812216521,4.934064100353224,0.0,4.934064100353224,1.0,6.765935899646776,0.3,0.0018,0.051800000000000006,0.37489679498233885,0.39688417795634034,0.0,1008158828133.7141
1335,25.0,0.0,1009979379835.1537,0.0,1.0169597910492462e-06,9.435689147996491e-07,0.007767777251974692,0.009495433660571203,4.973417027373852,0.0,4.973417027373852,1.0,6.726582972626148,0.3,0.0018,0.051800000000000006,0.37292914863130744,0.4000496321890164,0.0,1009979379835.1537
1336,25.0,0.0,1002268558081.866,0.0,9.9537080802109e-07,9.689417923596776e-07,0.010115171829177668,0.006946949908958396,5.018831052773718,0.0,5.018831052773718,1.0,6.681168947226282,0.3,0.0018,0.051800000000000006,0.3706584473613141,0.4037026265101125,0.0,1002268558081.866
1337,25.0,0.0,996367664352.7065,0.0,1.0011063497267643e-06,1.0063673293355093e-06,0.012224081970533516,0.010778928152213265,4.935436965211073,0.0,4.935436965211073,1.0,6.764563034788927,0.3,0.0018,0.051800000000000006,0.3748281517394464,0.39699460788377355,0.0,996367664352.7065
1338,25.0,0.0,991065544659.8163,0.0,1.040395040441496e-06,1.020894786502905e-06,0.008825169989717458,0.010392486489403713,5.030500785200159,0.0,5.030500785200159,1.0,6.669499214799841,0.3,0.0018,0.051800000000000006,0.3700749607399921,0.4046413115508493,0.0,991065544659.8163
1339,25.0,0.0,991788720582.6658,0.0,1.0845769515697668e-06,1.0115558349416987e-06,0.00858220069017849,0.014087061695210353,4.98329482342684,0.0,4.98329482342684,1.0,6.71670517657316,0.3,0.0018,0.051800000000000006,0.372435258828658,0.40084417820357465,0.0,991788720582.6658
1340,25.0,0.0,1004748018910.3876,0.0,1.058848798571866e-06,9.650382626855526e-07,0.009360532190661918,0.0066834171152719835,5.069675731414475,0.0,5.069675731414475,1.0,6.630324268585525,0.3,0.0018,0.051800000000000006,0.3681162134292763,0.4077924494381012,0.0,1004748018910.3876
1341,25.0,0.0,1004105147891.3037,0.0,9.730646411660979e-07,9.086253133524966e-07,0.01056608257586641,0.01494938142823624,4.9894827435233235,0.0,4.9894827435233235,1.0,6.710517256476677,0.3,0.0018,0.051800000000000006,0.37212586282383386,0.40134191952407683,0.0,1004105147891.3037
1342,25.0,0.0,997849086865.356,0.0,1.0753390963314944e-06,9.647183155739568e-07,0.011786105837683315,0.013861601715577907,5.040031619922984,0.0,5.040031619922984,1.0,6.659968380077016,0.3,0.0018,0.051800000000000006,0.3695984190038508,0.40540794883550385,0.0,997849086865.356
1343,25.0,0.0,991460053851.4113,0.0,1.0000551331378217e-06,9.476073319462969e-07,0.007927697949590246,0.0089208717720141,4.999328127818376,0.0,4.999328127818376,1.0,6.7006718721816245,0.3,0.0018,0.051800000000000006,0.37163359360908127,0.402133858415249,0.0,991460053851.4113
1344,25.0,0.0,992314656226.227,0.0,1.0218308163556188e-06,9.292204369204024e-07,0.009238744028779357,0.009167159120295455,5.0150931317733685,0.0,5.0150931317733685,1.0,6.684906868226632,0.3,0.0018,0.051800000000000006,0.37084534341133163,0.4034019571889775,0.0,992314656226.227
1345,25.0,0.0,1003958061146.8761,0.0,9.609844401145623e-07,9.034695638345345e-07,0.009546415120803828,0.009294300778302872,5.035149039526922,0.0,5.035149039526922,1.0,6.664850960473078,0.3,0.0018,0.051800000000000006,0.36984254802365396,0.4050152058821526,0.0,1003958061146.8761
1346,25.0,0.0,996133883958.603,0.0,1.0438573724742908e-06,9.143096097147151e-07,0.008427828889311624,0.008913232301396519,5.03236239677775,0.0,5.03236239677775,1.0,6.66763760322225,0.3,0.0018,0.051800000000000006,0.3699818801611125,0.4047910550818654,0.0,996133883958.603
1347,25.0,0.0,1009955239055.8832,0.0,9.599425002927057e-07,1.032773330814571e-06,0.005831480316979331,0.013712793157065105,5.002398930689041,0.0,5.002398930689041,1.0,6.697601069310959,0.3,0.0018,0.051800000000000006,0.37148005346554797,0.4023808663681661,0.0,1009955239055.8832
1348,25.0,0.0,1006014854889.7595,0.0,1.0039426773868848e-06,9.960623000621346e-07,0.012507347465532592,0.013261896225185546,5.039727021859373,0.0,5.039727021859373,1.0,6.660272978140627,0.3,0.0018,0.051800000000000006,0.36961364890703136,0.40538344770426105,0.0,1006014854889.7595
1349,25.0,0.0,1007147198165.4186,0.0,9.776273370229926e-07,9.11323776775053e-07,0.009088772856873997,0.012722820839186489,4.954554266513838,0.0,4.954554266513838,1.0,6.745445733486163,0.3,0.0018,0.051800000000000006,0.37387228667430816,0.39853235734506415,0.0,1007147198165.4186
1350,25.0,0.0,1007952999814.6332,0.0,1.0048818383574133e-06,1.04115739919439e-06,0.006039161648688589,0.013452094963973704,5.0322892296607655,0.0,5.0322892296607655,1.0,6.667710770339235,0.3,0.0018,0.051800000000000006,0.36998553851696175,0.40478516969600753,0.0,1007952999814.6332
1351,25.0,0.0,990450608884.1289,0.0,9.343509993481633e-07,1.0438515298439073e-06,0.0057040625396877894,0.005811008828431161,4.99494376108447,0.0,4.99494376108447,1.0,6.70505623891553,0.3,0.0018,0.051800000000000006,0.3718528119457765,0.40178119056342265,0.0,990450608884.1289
1352,25.0,0.0,1002250563215.1305,0.0,1.0684239219300876e-06,9.57717921541032e-07,0.010549443807114861,0.014506235151051806,4.9748878712504085,0.0,4.9748878712504085,1.0,6.725112128749592,0.3,0.0018,0.051800000000000006,0.3728556064374796,0.400167943311648,0.0,1002250563215.1305
1353,25.0,0.0,996649977144.6892,0.0,9.608237617755396e-07,1.0619062750650146e-06,0.014303869704377796,0.011310988806669055,5.018544519688948,0.0,5.018544519688948,1.0,6.681455480311052,0.3,0.0018,0.051800000000000006,0.3706727740155526,0.40367957848205827,0.0,996649977144.6892
1354,25.0,0.0,993478751976.4714,0.0,9.231764005626073e-07,1.0308094632106792e-06,0.0063634895237379765,0.005856339525367193,4.9823872259842785,0.0,4.9823872259842785,1.0,6.717612774015722,0.3,0.0018,0.051800000000000006,0.3724806387007861,0.40077117326128364,0.0,993478751976.4714
1355,25.0,0.0,992922557511.1714,0.0,1.0073699526752082e-06,1.0516191200182503e-06,0.013527766432521394,0.012514178497388501,5.019231988955625,0.0,5.019231988955625,1.0,6.680768011044375,0.3,0.0018,0.051800000000000006,0.37063840055221875,0.40373487684649495,0.0,992922557511.1714
1356,25.0,0.0,1002667136817.0739,0.0,9.654768401761491e-07,9.663423558922507e-07,0.006483172817122927,0.012965976506738513,4.933305212650032,0.0,4.933305212650032,1.0,6.7666947873499685,0.3,0.0018,0.051800000000000006,0.37493473936749844,0.3968231348656718,0.0,1002667136817.0739
1357,25.0,0.0,999948566939.7074,0.0,9.856834923273782e-07,9.686453205764699e-07,0.014855393192994306,0.011912652016189441,5.033203970724338,0.0,5.033203970724338,1.0,6.6667960292756625,0.3,0.0018,0.051800000000000006,0.36993980146378314,0.40485874925388815,0.0,999948566939.7074
1358,25.0,0.0,1004451419534.4434,0.0,9.44521304895454e-07,9.025935110857771e-07,0.010098074059285717,0.013757998548360264,5.0164331802043,0.0,5.0164331802043,1.0,6.6835668197957006,0.3,0.0018,0.051800000000000006,0.37077834098978507,0.40350974744243073,0.0,1004451419534.4434
1359,25.0,0.0,993444370220.435,0.0,1.0834611472819437e-06,1.0805563509837626e-06,0.011829724862129493,0.0074597916209605195,5.0704646037056555,0.0,5.0704646037056555,1.0,6.629535396294345,0.3,0.0018,0.051800000000000006,0.36807676981471726,0.40785590441647807,0.0,993444370220.435
1360,25.0,0.0,994458226480.309,0.0,1.0645152482594e-06,1.0720520449464572e-06,0.010614301158012679,0.010227938437192642,5.029652574246146,0.0,5.029652574246146,1.0,6.670347425753854,0.3,0.0018,0.051800000000000006,0.37011737128769273,0.4045730835140079,0.0,994458226480.309
1361,25.0,0.0,991708380228.4878,0.0,1.0520550936401334e-06,9.049328129248536e-07,0.0055230502579760865,0.014046435780864175,5.030599567018203,0.0,5.030599567018203,1.0,6.6694004329817975,0.3,0.0018,0.051800000000000006,0.3700700216490899,0.40464925732128393,0.0,991708380228.4878
1362,25.0,0.0,1005266369211.9109,0.0,9.937595645716223e-07,9.91759812209211e-07,0.007021344032590407,0.012213914378982609,4.940450949578206,0.0,4.940450949578206,1.0,6.7595490504217945,0.3,0.0018,0.051800000000000006,0.37457745252108976,0.39739792065461754,0.0,1005266369211.9109
1363,25.0,0.0,990930656191.5431,0.0,1.0738669872623483e-06,9.352295329560922e-07,0.007783692090123505,0.006380947882204062,5.035331765248664,0.0,5.035331765248664,1.0,6.664668234751336,0.3,0.0018,0.051800000000000006,0.36983341173756684,0.40502990389709326,0.0,990930656191.5431
1364,25.0,0.0,1003286491644.958,0.0,1.0313261863256337e-06,9.080850766419328e-07,0.014506602601286903,0.01456429610417248,4.9664209802833295,0.0,4.9664209802833295,1.0,6.733579019716671,0.3,0.0018,0.051800000000000006,0.3732789509858336,0.3994868870884274,0.0,1003286491644.958
1365,25.0,0.0,1000949435892.0092,0.0,1.0879643449610786e-06,9.678433846531343e-07,0.011935052630427614,0.012164271143471794,4.958172320174711,0.0,4.958172320174711,1.0,6.741827679825289,0.3,0.0018,0.051800000000000006,0.3736913839912645,0.3988233848274381,0.0,1000949435892.0092
1366,25.0,0.0,1005281522126.9207,0.0,9.080464738852961e-07,9.404610087355116e-07,0.0064507843191974066,0.006544340524207025,4.993137299093295,0.0,4.993137299093295,1.0,6.706862700906705,0.3,0.0018,0.051800000000000006,0.37194313504533527,0.40163588313170007,0.0,1005281522126.9207
1367,25.0,0.0,1003369607956.6882,0.0,9.63932663062223e-07,1.0668470369658084e-06,0.011555475101184196,0.008508952880825359,5.062124039187075,0.0,5.062124039187075,1.0,6.637875960812925,0.3,0.0018,0.051800000000000006,0.3684937980406463,0.4071850095871199,0.0,1003369607956.6882
1368,25.0,0.0,999664437249.3536,0.0,9.734225178512324e-07,1.0687569472550787e-06,0.010331439806061007,0.009677647799344663,5.053806713489558,0.0,5.053806713489558,1.0,6.646193286510442,0.3,0.0018,0.051800000000000006,0.36890966432552214,0.4065159840323003,0.0,999664437249.3536
1369,25.0,0.0,992074327906.6699,0.0,9.794096601126164e-07,9.361244638448979e-07,0.010878232017131676,0.006438420705503477,4.958553468290583,0.0,4.958553468290583,1.0,6.741446531709417,0.3,0.0018,0.051800000000000006,0.37367232658547084,0.39885404345966724,0.0,992074327906.6699
1370,25.0,0.0,1002793366202.567,0.0,9.6025808212133e-07,9.174775362993439e-07,0.009894518338289183,0.005928984200918171,5.00228535222858,0.0,5.00228535222858,1.0,6.69771464777142,0.3,0.0018,0.051800000000000006,0.371485732388571,0.4023717303916168,0.0,1002793366202.567
1371,25.0,0.0,998965352824.2404,0.0,9.203494466164341e-07,1.0760003013823863e-06,0.013001288726412027,0.009197385803645845,4.9479300757851075,0.0,4.9479300757851075,1.0,6.752069924214893,0.3,0.0018,0.051800000000000006,0.37420349621074467,0.397999523470488,0.0,998965352824.2404
1372,25.0,0.0,994674093285.5652,0.0,1.0006590439860577e-06,9.923469273454733e-07,0.011195112675838205,0.0071503908289323286,4.989255601108954,0.0,4.989255601108954,1.0,6.7107443988910465,0.3,0.0018,0.051800000000000006,0.37213721994455234,0.4013236487378502,0.0,994674093285.5652
1373,25.0,0.0,1008431671177.5951,0.0,9.103814376150993e-07,1.0062758245182742e-06,0.006718192996936886,0.01121714255956677,5.073431396482231,0.0,5.073431396482231,1.0,6.626568603517769,0.3,0.0018,0.051800000000000006,0.36792843017588844,0.40809454604908557,0.0,1008431671177.5951
1374,25.0,0.0,994266996266.242,0.0,9.469662032789901e-07,1.0798849415155302e-06,0.006911539930742465,0.006539589124091997,4.926824394757102,0.0,4.926824394757102,1.0,6.773175605242898,0.3,0.0018,0.051800000000000006,0.37525878026214493,0.396301833555108,0.0,994266996266.242
1375,25.0,0.0,991549803750.5122,0.0,1.0559995617392248e-06,9.508962994694514e-07,0.012832577033112025,0.009221645467967981,5.041328046402228,0.0,5.041328046402228,1.0,6.658671953597772,0.3,0.0018,0.051800000000000006,0.36953359767988864,0.40551223024470945,0.0,991549803750.5122
1376,25.0,0.0,997632210839.0834,0.0,1.0171265768004002e-06,1.0501661599955702e-06,0.012531071245941487,0.008562894183192435,5.002806765260874,0.0,5.002806765260874,1.0,6.697193234739126,0.3,0.0018,0.051800000000000006,0.3714596617369563,0.40241367159434316,0.0,997632210839.0834
1377,25.0,0.0,991437766666.0172,0.0,9.446943202057933e-07,9.74929203910044e-07,0.005937530798596236,0.010920080306752875,5.025761075899153,0.0,5.025761075899153,1.0,6.674238924100847,0.3,0.0018,0.051800000000000006,0.3703119462050424,0.40426006080269894,0.0,991437766666.0172
1378,25.0,0.0,997927627900.1215,0.0,1.0452664032055982e-06,1.005536249165355e-06,0.007068504083355922,0.011489749867362155,5.013758078762893,0.0,5.013758078762893,1.0,6.686241921237107,0.3,0.0018,0.051800000000000006,0.3709120960618554,0.403294568755059,0.0,997927627900.1215
1379,25.0,0.0,1008300992379.5645,0.0,1.0260371004251192e-06,1.0931912071506687e-06,0.014114223990005673,0.0050261435701522104,5.020642619936901,0.0,5.020642619936901,1.0,6.679357380063099,0.3,0.0018,0.051800000000000006,0.37056786900315497,0.40384834458951907,0.0,1008300992379.5645
1380,25.0,0.0,995950003994.7118,0.0,9.021732355986733e-07,9.471592816049312e-07,0.005291209569598367,0.011505585657192377,5.058393136803925,0.0,5.058393136803925,1.0,6.641606863196075,0.3,0.0018,0.051800000000000006,0.36868034315980375,0.4068849048265706,0.0,995950003994.7118
1381,25.0,0.0,995202822205.883,0.0,9.226317035080945e-07,1.0948477962112282e-06,0.012148374547182022,0.01003934665367414,4.939497580598635,0.0,4.939497580598635,1.0,6.760502419401365,0.3,0.0018,0.051800000000000006,0.3746251209700683,0.3973212339606367,0.0,995202822205.883
1382,25.0,0.0,998277010148.8004,0.0,1.0284610959386874e-06,9.86379269299139e-07,0.0072600706010119385,0.009804222088120061,4.949449141817923,0.0,4.949449141817923,1.0,6.750550858182077,0.3,0.0018,0.051800000000000006,0.3741275429091039,0.3981217134666926,0.0,998277010148.8004
1383,25.0,0.0,1006201427362.524,0.0,9.557297066055057e-07,1.067279071847151e-06,0.011909970814598846,0.0120670916405935,5.004212685710952,0.0,5.004212685710952,1.0,6.695787314289048,0.3,0.0018,0.051800000000000006,0.3713893657144524,0.40252676043363517,0.0,1006201427362.524
1384,25.0,0.0,998033840507.0585,0.0,9.265921803937362e-07,1.061621898603243e-06,0.008525952207308403,0.006255036990303669,4.936872422830284,0.0,4.936872422830284,1.0,6.763127577169716,0.3,0.0018,0.051800000000000006,0.37475637885848584,0.39711007262148357,0.0,998033840507.0585
1385,25.0,0.0,995760826907.7903,0.0,9.494468852075436e-07,9.425975271387351e-07,0.01233055651692198,0.007155630843569175,4.957414778265144,0.0,4.957414778265144,1.0,6.742585221734856,0.3,0.0018,0.051800000000000006,0.3737292610867428,0.3987624499891525,0.0,995760826907.7903
1386,25.0,0.0,1003779590965.1222,0.0,1.0137198312312156e-06,1.093214989768167e-06,0.009727385121770881,0.013601365081212347,5.021901486556601,0.0,5.021901486556601,1.0,6.678098513443399,0.3,0.0018,0.051800000000000006,0.37050492567216997,0.40394960477450137,0.0,1003779590965.1222
1387,25.0,0.0,1001687770833.7964,0.0,9.360454871247703e-07,9.874980188284716e-07,0.01380582474374284,0.007154311930863153,4.925018735980579,0.0,4.925018735980579,1.0,6.774981264019421,0.3,0.0018,0.051800000000000006,0.37534906320097106,0.3961565907320286,0.0,1001687770833.7964
1388,25.0,0.0,1006425560866.0385,0.0,1.0838126937914353e-06,9.911128863255788e-07,0.008908152229570372,0.007314182165957132,4.957709372680865,0.0,4.957709372680865,1.0,6.742290627319135,0.3,0.0018,0.051800000000000006,0.3737145313659568,0.3987861464511635,0.0,1006425560866.0385
1389,25.0,0.0,994854271696.6602,0.0,1.0153841636199306e-06,9.093175218136665e-07,0.012042550483297854,0.010066823677531162,5.053178259124702,0.0,5.053178259124702,1.0,6.646821740875298,0.3,0.0018,0.051800000000000006,0.36894108704376494,0.4064654326837759,0.0,994854271696.6602
1390,25.0,0.0,994114781743.4984,0.0,1.04044645783233e-06,1.0018628355340188e-06,0.01247447497091163,0.010128671987834625,4.97410769160449,0.0,4.97410769160449,1.0,6.72589230839551,0.3,0.0018,0.051800000000000006,0.37289461541977553,0.4001051875486237,0.0,994114781743.4984
1391,25.0,0.0,998015601606.9136,0.0,1.0877274806381245e-06,9.479440354133002e-07,0.011660849394466837,0.006525459114933016,5.03206296828835,0.0,5.03206296828835,1.0,6.66793703171165,0.3,0.0018,0.051800000000000006,0.36999685158558254,0.4047669697786639,0.0,998015601606.9136
1392,25.0,0.0,993264353134.2905,0.0,1.0117815266629154e-06,9.750823091817424e-07,0.009713051505508361,0.008088888825562579,5.068020057429249,0.0,5.068020057429249,1.0,6.6319799425707515,0.3,0.0018,0.051800000000000006,0.3681989971285376,0.4076592710287362,0.0,993264353134.2905
1393,25.0,0.0,1007087111110.8169,0.0,9.645553893963442e-07,1.0104873366733638e-06,0.005829911262327275,0.01045686402707692,4.9897083632530315,0.0,4.9897083632530315,1.0,6.710291636746969,0.3,0.0018,0.051800000000000006,0.37211458183734847,0.4013600678292335,0.0,1007087111110.8169
1394,25.0,0.0,993992330432.9487,0.0,9.781113962489672e-07,1.0068300816401094e-06,0.008768019483150225,0.0112856117099808,5.000847691957861,0.0,5.000847691957861,1.0,6.699152308042139,0.3,0.0018,0.051800000000000006,0.37155761540210697,0.4022560884779489,0.0,993992330432.9487
1395,25.0,0.0,991649883458.9717,0.0,1.021178772472649e-06,9.512050197214172e-07,0.0076898845180563375,0.008395724840223509,5.036921266986359,0.0,5.036921266986359,1.0,6.663078733013641,0.3,0.0018,0.051800000000000006,0.36975393665068207,0.40515775957097483,0.0,991649883458.9717
1396,25.0,0.0,993909760795.2098,0.0,9.703679385959252e-07,1.0980049828246353e-06,0.009638682585179924,0.011792833528118638,5.0620682099967285,0.0,5.0620682099967285,1.0,6.637931790003272,0.3,0.0018,0.051800000000000006,0.3684965895001636,0.40718051882213063,0.0,993909760795.2098
1397,25.0,0.0,1002148201906.6656,0.0,9.844699738877613e-07,1.095864916274081e-06,0.007785910135948526,0.009689351464783107,4.94898005685488,0.0,4.94898005685488,1.0,6.7510199431451205,0.3,0.0018,0.051800000000000006,0.374150997157256,0.39808398140724577,0.0,1002148201906.6656
1398,25.0,0.0,1005020314163.0543,0.0,9.65856799580594e-07,9.119236345130039e-07,0.00970263862148692,0.01004269653093964,5.040597741193973,0.0,5.040597741193973,1.0,6.659402258806027,0.3,0.0018,0.051800000000000006,0.3695701129403014,0.40545348626077643,0.0,1005020314163.0543
1399,25.0,0.0,1005659657573.9019,0.0,1.0264442847049397e-06,1.0494573058910254e-06,0.014568803691727448,0.009223521626222458,5.02224229884667,0.0,5.02224229884667,1.0,6.67775770115333,0.3,0.0018,0.051800000000000006,0.3704878850576665,0.403977018890498,0.0,1005659657573.9019
1400,25.0,0.0,1008239863426.2112,0.0,9.31417503477502e-07,9.408193195241758e-07,0.012549294507897987,0.011310098859424019,5.060766093028243,0.0,5.060766093028243,1.0,6.639233906971757,0.3,0.0018,0.051800000000000006,0.3685616953485879,0.4070757796837389,0.0,1008239863426.2112
1401,25.0,0.0,1003675517139.6772,0.0,9.252988737991278e-07,1.0405447204017215e-06,0.00658461512724268,0.01294329039743148,5.008564256019097,0.0,5.008564256019097,1.0,6.691435743980903,0.3,0.0018,0.051800000000000006,0.37117178719904514,0.4028767902203264,0.0,1003675517139.6772
1402,25.0,0.0,1009676911898.4972,0.0,1.0556127294329755e-06,1.0537421855330677e-06,0.010840155771765964,0.014396988419588776,5.012573225507402,0.0,5.012573225507402,1.0,6.687426774492598,0.3,0.0018,0.051800000000000006,0.37097133872462995,0.40319926202601364,0.0,1009676911898.4972
1403,25.0,0.0,995634718396.8335,0.0,9.66953484327921e-07,1.0457421490293356e-06,0.01452706758814825,0.009393074367787588,4.939598846431946,0.0,4.939598846431946,1.0,6.760401153568054,0.3,0.0018,0.051800000000000006,0.37462005767840273,0.3973293795392492,0.0,995634718396.8335
1404,25.0,0.0,1005740070425.4459,0.0,9.97946440801731e-07,1.0138884321155375e-06,0.01016408543934716,0.008237772717960227,4.967226336451886,0.0,4.967226336451886,1.0,6.732773663548114,0.3,0.0018,0.051800000000000006,0.3732386831774057,0.39955166799001657,0.0,1005740070425.4459
1405,25.0,0.0,992707409195.7568,0.0,9.384600855898809e-07,9.854273953474763e-07,0.006334984191231711,0.012607956139022321,4.940520108887686,0.0,4.940520108887686,1.0,6.759479891112314,0.3,0.0018,0.051800000000000006,0.37457399455561574,0.3974034836621369,0.0,992707409195.7568
1406,25.0,0.0,999443799937.1532,0.0,1.0460447358951438e-06,1.089655197853665e-06,0.007217452873929959,0.014531532077128283,4.973791070151715,0.0,4.973791070151715,1.0,6.726208929848285,0.3,0.0018,0.051800000000000006,0.3729104464924143,0.4000797192850479,0.0,999443799937.1532
1407,25.0,0.0,993985372321.3038,0.0,9.1356549613281e-07,1.039410755205604e-06,0.009166161197244784,0.013916445326395906,4.966098783285971,0.0,4.966098783285971,1.0,6.733901216714029,0.3,0.0018,0.051800000000000006,0.37329506083570146,0.3994609703415356,0.0,993985372321.3038
1408,25.0,0.0,1002139329320.2777,0.0,9.363563221906575e-07,9.187874343438331e-07,0.011556425588286899,0.007331679332592454,5.010922161810657,0.0,5.010922161810657,1.0,6.689077838189343,0.3,0.0018,0.051800000000000006,0.3710538919094672,0.40306645445709915,0.0,1002139329320.2777
1409,25.0,0.0,990698885554.3346,0.0,9.238644018822341e-07,9.92656705441047e-07,0.012446505696606273,0.007964443857818583,4.946876415626576,0.0,4.946876415626576,1.0,6.753123584373424,0.3,0.0018,0.051800000000000006,0.3742561792186712,0.39791476959673233,0.0,990698885554.3346
1410,25.0,0.0,1001503406986.2446,0.0,9.582693909853053e-07,1.0024983228972537e-06,0.013068119136312163,0.011917181124976282,5.037721726216878,0.0,5.037721726216878,1.0,6.662278273783122,0.3,0.0018,0.051800000000000006,0.3697139136891561,0.4052221465747167,0.0,1001503406986.2446
1411,25.0,0.0,1000721242158.0453,0.0,1.0395296540227112e-06,1.0340115328059371e-06,0.008821346921426635,0.013285426456048768,4.960430433405634,0.0,4.960430433405634,1.0,6.7395695665943665,0.3,0.0018,0.051800000000000006,0.37357847832971836,0.39900502199208765,0.0,1000721242158.0453
1412,25.0,0.0,995076624808.0991,0.0,9.462035702299922e-07,1.0312979676701739e-06,0.010132227948407884,0.006524500680752596,4.963759439618153,0.0,4.963759439618153,1.0,6.736240560381847,0.3,0.0018,0.051800000000000006,0.3734120280190924,0.39927279919708436,0.0,995076624808.0991
1413,25.0,0.0,997965032883.4935,0.0,9.590156418187576e-07,9.190234378546793e-07,0.00525149501090233,0.014731293119968542,4.939461490154887,0.0,4.939461490154887,1.0,6.760538509845113,0.3,0.0018,0.051800000000000006,0.3746269254922557,0.39731833093266467,0.0,997965032883.4935
1414,25.0,0.0,1003270104714.3851,0.0,1.0298046811451698e-06,1.0869969647060821e-06,0.005993773114357059,0.0074371102717533215,5.054045060520611,0.0,5.054045060520611,1.0,6.645954939479389,0.3,0.0018,0.051800000000000006,0.3688977469739695,0.4065351560907827,0.0,1003270104714.3851
1415,25.0,0.0,996278176301.4438,0.0,9.687377662590008e-07,1.0430186382370986e-06,0.013827429476215864,0.006707820952583618,4.95584579825528,0.0,4.95584579825528,1.0,6.7441542017447205,0.3,0.0018,0.051800000000000006,0.37380771008723607,0.3986362450334041,0.0,996278176301.4438
1416,25.0,0.0,991578990704.4423,0.0,9.686241059090193e-07,9.812453227945003e-07,0.00839861095687556,0.014114799046076872,4.944619148987425,0.0,4.944619148987425,1.0,6.755380851012575,0.3,0.0018,0.051800000000000006,0.37436904255062875,0.3977332005298766,0.0,991578990704.4423
1417,25.0,0.0,1008571892601.8969,0.0,9.467638548522156e-07,9.595556536176306e-07,0.008815153279626774,0.009054176752954364,5.047601428794809,0.0,5.047601428794809,1.0,6.652398571205191,0.3,0.0018,0.051800000000000006,0.3692199285602596,0.4060168459455284,0.0,1008571892601.8969
1418,25.0,0.0,1004388893138.727,0.0,9.256480033769581e-07,9.214978368539056e-07,0.008259566797951716,0.01102870237615172,4.945226199147235,0.0,4.945226199147235,1.0,6.754773800852766,0.3,0.0018,0.051800000000000006,0.3743386900426383,0.39778203017593583,0.0,1004388893138.727
1419,25.0,0.0,1003908268312.1659,0.0,9.938046862961146e-07,9.104528298028465e-07,0.008305077752753205,0.005155751442868791,4.99536481408669,0.0,4.99536481408669,1.0,6.70463518591331,0.3,0.0018,0.051800000000000006,0.37183175929566553,0.4018150590481572,0.0,1003908268312.1659
1420,25.0,0.0,1004704453839.8805,0.0,1.0009210546272041e-06,1.0198966524560484e-06,0.008358971317291955,0.012103395537682894,5.041949876288116,0.0,5.041949876288116,1.0,6.6580501237118845,0.3,0.0018,0.051800000000000006,0.36950250618559427,0.40556224873617397,0.0,1004704453839.8805
1421,25.0,0.0,1003078140193.797,0.0,9.990839227192534e-07,9.005258520119034e-07,0.006935867590083411,0.011317341158326055,5.056154225780469,0.0,5.056154225780469,1.0,6.643845774219531,0.3,0.0018,0.051800000000000006,0.3687922887109766,0.4067048122410287,0.0,1003078140193.797
1422,25.0,0.0,1002735500402.1006,0.0,1.0310287589289913e-06,9.206065404941476e-07,0.006467442425444805,0.011357641288869976,4.957342951514485,0.0,4.957342951514485,1.0,6.7426570484855155,0.3,0.0018,0.051800000000000006,0.3737328524242758,0.3987566724191188,0.0,1002735500402.1006
1423,25.0,0.0,1008973117203.1443,0.0,1.0433899815920633e-06,1.0326027813869699e-06,0.005356037813377721,0.007655650763462796,4.95601500945192,0.0,4.95601500945192,1.0,6.74398499054808,0.3,0.0018,0.051800000000000006,0.373799249527404,0.3986498559726448,0.0,1008973117203.1443
1424,25.0,0.0,1006912032779.1667,0.0,1.0060063062198645e-06,9.384532243173324e-07,0.0077743399229593824,0.005650032490148845,5.021390975137526,0.0,5.021390975137526,1.0,6.6786090248624745,0.3,0.0018,0.051800000000000006,0.3705304512431237,0.4039085404711652,0.0,1006912032779.1667
1425,25.0,0.0,1007431036268.545,0.0,1.0486081892325975e-06,9.269415265654664e-07,0.008737150117458108,0.01015536571559221,4.9324204871130615,0.0,4.9324204871130615,1.0,6.767579512886939,0.3,0.0018,0.051800000000000006,0.37497897564434696,0.39675196968412657,0.0,1007431036268.545
1426,25.0,0.0,992550846592.6838,0.0,9.576638376174232e-07,1.0002343329017828e-06,0.014965342379256862,0.010666426769312438,4.986724366248812,0.0,4.986724366248812,1.0,6.713275633751188,0.3,0.0018,0.051800000000000006,0.3722637816875594,0.40112004233018117,0.0,992550846592.6838
1427,25.0,0.0,993590014816.7742,0.0,9.85460347566278e-07,1.059397215463093e-06,0.005420100413043673,0.011177258244112198,5.031601871434682,0.0,5.031601871434682,1.0,6.668398128565318,0.3,0.0018,0.051800000000000006,0.37001990642826593,0.4047298802634075,0.0,993590014816.7742
1428,25.0,0.0,994924864374.1893,0.0,1.0261257690966602e-06,9.076098065471023e-07,0.00577344002255779,0.012854405606276681,5.010121174768463,0.0,5.010121174768463,1.0,6.6898788252315375,0.3,0.0018,0.051800000000000006,0.3710939412615769,0.4030020249974632,0.0,994924864374.1893
1429,25.0,0.0,994821958387.4246,0.0,1.0227611895244162e-06,1.0764846195307767e-06,0.007652506446676181,0.011812943647913519,4.947856854778741,0.0,4.947856854778741,1.0,6.752143145221259,0.3,0.0018,0.051800000000000006,0.37420715726106296,0.3979936337498987,0.0,994821958387.4246
1430,25.0,0.0,992359299898.1276,0.0,1.0549880896221569e-06,9.72501909705036e-07,0.008966585522021307,0.012998575449081954,4.9519903687366025,0.0,4.9519903687366025,1.0,6.748009631263398,0.3,0.0018,0.051800000000000006,0.3740004815631699,0.3983261236113741,0.0,992359299898.1276
1431,25.0,0.0,992085369212.9369,0.0,9.637328269101871e-07,1.0733208208560141e-06,0.014190356502319007,0.013490517619209528,4.9733527621153195,0.0,4.9733527621153195,1.0,6.726647237884681,0.3,0.0018,0.051800000000000006,0.37293236189423407,0.4000444628471138,0.0,992085369212.9369
1432,25.0,0.0,999058939677.5292,0.0,1.0654328402821269e-06,9.555373309735645e-07,0.006190974279347902,0.011248275633432857,5.013528838364484,0.0,5.013528838364484,1.0,6.686471161635517,0.3,0.0018,0.051800000000000006,0.37092355808177585,0.40327612921207234,0.0,999058939677.5292
1433,25.0,0.0,1005807145089.5669,0.0,9.484635437851144e-07,1.0450002427219113e-06,0.012858720166817945,0.014542894378689202,4.947137873437621,0.0,4.947137873437621,1.0,6.75286212656238,0.3,0.0018,0.051800000000000006,0.374243106328119,0.39793580063043926,0.0,1005807145089.5669
1434,25.0,0.0,1004037998158.6178,0.0,9.044385902376307e-07,1.0015100988238885e-06,0.007857693764857163,0.007898210189266912,5.064070786578898,0.0,5.064070786578898,1.0,6.635929213421102,0.3,0.0018,0.051800000000000006,0.36839646067105514,0.40734160123704133,0.0,1004037998158.6178
1435,25.0,0.0,1000076134200.2148,0.0,9.56717514288382e-07,1.026784132816947e-06,0.010565883957234167,0.014241660894178339,4.951894764026363,0.0,4.951894764026363,1.0,6.748105235973637,0.3,0.0018,0.051800000000000006,0.3740052617986819,0.398318433399804,0.0,1000076134200.2148
1436,25.0,0.0,991959292415.722,0.0,9.121128226430506e-07,9.153981616241206e-07,0.010971487429017216,0.010513679621540586,5.010953929813039,0.0,5.010953929813039,1.0,6.689046070186961,0.3,0.0018,0.051800000000000006,0.3710523035093481,0.4030690097983461,0.0,991959292415.722
1437,25.0,0.0,1009843770727.298,0.0,9.646879334629897e-07,9.64609908468643e-07,0.012632689463058523,0.008480155011237282,5.026510560137398,0.0,5.026510560137398,1.0,6.673489439862602,0.3,0.0018,0.051800000000000006,0.3702744719931301,0.40432034750139945,0.0,1009843770727.298
1438,25.0,0.0,1006580307456.098,0.0,9.95034640169341e-07,9.533949167210605e-07,0.010159045818197838,0.007624122729096039,5.051535530857694,0.0,5.051535530857694,1.0,6.648464469142306,0.3,0.0018,0.051800000000000006,0.3690232234571153,0.40633329559666137,0.0,1006580307456.098
1439,25.0,0.0,994799350558.5272,0.0,1.0832575031659505e-06,9.60112299714956e-07,0.0076438620409931156,0.009065598348101353,5.070163171743822,0.0,5.070163171743822,1.0,6.629836828256178,0.3,0.0018,0.051800000000000006,0.36809184141280893,0.4078316579588016,0.0,994799350558.5272
1440,25.0,0.0,1002275065742.0052,0.0,1.0536020682740476e-06,9.977690983509231e-07,0.01231831385674042,0.010835866105929836,4.95521674742783,0.0,4.95521674742783,1.0,6.74478325257217,0.3,0.0018,0.051800000000000006,0.37383916262860856,0.39858564570687177,0.0,1002275065742.0052
1441,25.0,0.0,991238780038.9508,0.0,1.065775800314152e-06,1.0688588296807164e-06,0.005340739213400178,0.0056953546750949414,5.025480063138687,0.0,5.025480063138687,1.0,6.674519936861313,0.3,0.0018,0.051800000000000006,0.37032599684306566,0.40423745681617496,0.0,991238780038.9508
1442,25.0,0.0,1006110592354.6418,0.0,9.156298509391421e-07,1.0499014276200017e-06,0.01108125974631964,0.008944427387313235,5.02890893056753,0.0,5.02890893056753,1.0,6.67109106943247,0.3,0.0018,0.051800000000000006,0.3701545534716235,0.40451326661579234,0.0,1006110592354.6418
1443,25.0,0.0,1002553588753.5067,0.0,9.948275519882768e-07,9.84796225776674e-07,0.008899796678345298,0.006903561002474619,5.045397490466748,0.0,5.045397490466748,1.0,6.654602509533253,0.3,0.0018,0.051800000000000006,0.36933012547666266,0.40583956647898545,0.0,1002553588753.5067
1444,25.0,0.0,997093365458.9298,0.0,1.0088932663049375e-06,9.771250469719584e-07,0.01204032214597996,0.01286654624603422,4.997403618541172,0.0,4.997403618541172,1.0,6.702596381458828,0.3,0.0018,0.051800000000000006,0.3717298190729414,0.4019790555454611,0.0,997093365458.9298
1445,25.0,0.0,1001703267570.1144,0.0,1.0515325756885276e-06,9.799442895507615e-07,0.009529983428824926,0.011053182242795122,5.0730273352896,0.0,5.0730273352896,1.0,6.6269726647104,0.3,0.0018,0.051800000000000006,0.36794863323552,0.4080620443444016,0.0,1001703267570.1144
1446,25.0,0.0,993537745330.2596,0.0,9.898189274836816e-07,9.777212680148549e-07,0.007040903741488686,0.013911383774033382,4.991475955283358,0.0,4.991475955283358,1.0,6.7085240447166425,0.3,0.0018,0.051800000000000006,0.37202620223583216,0.4015022486553537,0.0,993537745330.2596
1447,25.0,0.0,992159444333.698,0.0,9.734692161676587e-07,9.945773204383824e-07,0.0074457814944923675,0.008496775058773096,4.925939005103565,0.0,4.925939005103565,1.0,6.774060994896435,0.3,0.0018,0.051800000000000006,0.37530304974482176,0.396230614953633,0.0,992159444333.698
1448,25.0,0.0,992567689567.4778,0.0,1.0392761132130214e-06,1.086256754809877e-06,0.01121545560852157,0.0059620205192790965,5.073447417408876,0.0,5.073447417408876,1.0,6.626552582591124,0.3,0.0018,0.051800000000000006,0.36792762912955623,0.4080958347336612,0.0,992567689567.4778
1449,25.0,0.0,992157384368.126,0.0,1.0922936408966874e-06,1.0557399208277387e-06,0.011242028545709808,0.011108319023710771,5.071687717130844,0.0,5.071687717130844,1.0,6.628312282869156,0.3,0.0018,0.051800000000000006,0.3680156141434578,0.40795428870100103,0.0,992157384368.126
1450,25.0,0.0,1006616228894.7936,0.0,9.766592973858059e-07,9.5629985121095e-07,0.007434447164403932,0.0052572195110842665,5.009937689530222,0.0,5.009937689530222,1.0,6.690062310469778,0.3,0.0018,0.051800000000000006,0.3711031155234889,0.40298726588885314,0.0,1006616228894.7936
1451,25.0,0.0,996090164129.9501,0.0,1.0182694384483055e-06,1.0922414093064534e-06,0.008500059542586586,0.005022895373463221,5.0421898347443666,0.0,5.0421898347443666,1.0,6.657810165255634,0.3,0.0018,0.051800000000000006,0.3694905082627817,0.40558155041380045,0.0,996090164129.9501
1452,25.0,0.0,1002507384569.2463,0.0,9.29146773409513e-07,1.0105049105705162e-06,0.007431988806799437,0.005164517032045162,5.055036663556418,0.0,5.055036663556418,1.0,6.644963336443582,0.3,0.0018,0.051800000000000006,0.36884816682217914,0.4066149182397376,0.0,1002507384569.2463
1453,25.0,0.0,1004457860644.5822,0.0,9.875906807802386e-07,9.855101213514356e-07,0.007817555670511702,0.011251472134032145,4.997916875083293,0.0,4.997916875083293,1.0,6.702083124916707,0.3,0.0018,0.051800000000000006,0.37170415624583536,0.40202034065985304,0.0,1004457860644.5822
1454,25.0,0.0,992616894832.1865,0.0,1.065609388392937e-06,9.70200037423149e-07,0.01190351717511999,0.009924029062756117,5.0391458145696655,0.0,5.0391458145696655,1.0,6.660854185430335,0.3,0.0018,0.051800000000000006,0.36964270927151677,0.40533669679614426,0.0,992616894832.1865
1455,25.0,0.0,991156322081.2949,0.0,1.0563531215550207e-06,9.763130964345755e-07,0.005351054242295902,0.0066763628571194665,4.986739704812842,0.0,4.986739704812842,1.0,6.713260295187158,0.3,0.0018,0.051800000000000006,0.3722630147593579,0.4011212761271591,0.0,991156322081.2949
1456,25.0,0.0,1004903715087.5774,0.0,9.682273228411426e-07,1.060075114170885e-06,0.006268806659301895,0.009152835250716595,4.9396343594422385,0.0,4.9396343594422385,1.0,6.760365640557762,0.3,0.0018,0.051800000000000006,0.3746182820278881,0.3973322361198712,0.0,1004903715087.5774
1457,25.0,0.0,992095040541.6327,0.0,1.0087354247267381e-06,1.0894776375554022e-06,0.010380003013125135,0.011287113323103868,4.952672594171074,0.0,4.952672594171074,1.0,6.747327405828926,0.3,0.0018,0.051800000000000006,0.37396637029144636,0.3983810001746359,0.0,992095040541.6327
1458,25.0,0.0,1008628706842.8074,0.0,9.396997225004482e-07,1.0240261727876732e-06,0.011381758029709779,0.010625350794580178,4.943649456199272,0.0,4.943649456199272,1.0,6.756350543800728,0.3,0.0018,0.051800000000000006,0.37441752719003646,0.39765520078822975,0.0,1008628706842.8074
1459,25.0,0.0,996904520677.0626,0.0,9.232655892698555e-07,1.0861377422974055e-06,0.0060953785317232004,0.00708377106668247,4.969771771370005,0.0,4.969771771370005,1.0,6.730228228629995,0.3,0.0018,0.051800000000000006,0.3731114114314998,0.3997564166159914,0.0,996904520677.0626
1460,25.0,0.0,990140288760.062,0.0,1.0500302358383803e-06,9.807668982001626e-07,0.0052621353246726,0.014639168783200245,4.9476849369410845,0.0,4.9476849369410845,1.0,6.752315063058916,0.3,0.0018,0.051800000000000006,0.3742157531529458,0.3979798050950036,0.0,990140288760.062
1461,25.0,0.0,1004749386404.5072,0.0,9.794440807049787e-07,1.0316899242918063e-06,0.014090735845464854,0.013148091184926061,4.987234657646737,0.0,4.987234657646737,1.0,6.712765342353263,0.3,0.0018,0.051800000000000006,0.37223826711766317,0.40116108893554836,0.0,1004749386404.5072
1462,25.0,0.0,990687456008.5269,0.0,9.411590683130045e-07,1.0655243289370687e-06,0.006532131876172008,0.007852792849483526,5.019360303521027,0.0,5.019360303521027,1.0,6.680639696478973,0.3,0.0018,0.051800000000000006,0.3706319848239487,0.4037451981596707,0.0,990687456008.5269
1463,25.0,0.0,999338254542.4639,0.0,1.0984827367955867e-06,9.326892034642536e-07,0.01349937104920253,0.009700998314987191,4.9443685519580285,0.0,4.9443685519580285,1.0,6.755631448041972,0.3,0.0018,0.051800000000000006,0.37438157240209863,0.397713043111167,0.0,999338254542.4639
1464,25.0,0.0,997070403429.3842,0.0,1.0917878274331498e-06,9.926759481266382e-07,0.014288109813723276,0.006639997260648188,4.952519910084502,0.0,4.952519910084502,1.0,6.7474800899154985,0.3,0.0018,0.051800000000000006,0.37397400449577495,0.3983687186361407,0.0,997070403429.3842
1465,25.0,0.0,993698757112.2252,0.0,9.152541340614328e-07,1.0506336770826853e-06,0.007821631463698166,0.014784191533076346,4.952468169121869,0.0,4.952468169121869,1.0,6.747531830878131,0.3,0.0018,0.051800000000000006,0.37397659154390656,0.39836455671829707,0.0,993698757112.2252
1466,25.0,0.0,1000003055854.7366,0.0,1.0669540419928375e-06,9.01991266172759e-07,0.009092550669582627,0.01327936731040582,4.9250296711740065,0.0,4.9250296711740065,1.0,6.774970328825994,0.3,0.0018,0.051800000000000006,0.3753485164412997,0.39615747033252946,0.0,1000003055854.7366
1467,25.0,0.0,998255370984.842,0.0,9.783508881435028e-07,1.0783900244422526e-06,0.010364636089695345,0.014037467238279845,5.0340113610982025,0.0,5.0340113610982025,1.0,6.665988638901798,0.3,0.0018,0.051800000000000006,0.3698994319450899,0.40492369378203047,0.0,998255370984.842
1468,25.0,0.0,997797170764.1058,0.0,9.375195623941928e-07,1.0872824564523103e-06,0.010804244942519161,0.011117579539680839,5.002520210037796,0.0,5.002520210037796,1.0,6.6974797899622045,0.3,0.0018,0.051800000000000006,0.3714739894981102,0.40239062178553703,0.0,997797170764.1058
1469,25.0,0.0,1003100705102.0172,0.0,1.016488032174615e-06,9.709252881376885e-07,0.011370303058028787,0.010478345802679187,4.951951990056874,0.0,4.951951990056874,1.0,6.748048009943126,0.3,0.0018,0.051800000000000006,0.37400240049715633,0.3983230365232363,0.0,1003100705102.0172
1470,25.0,0.0,1001028831045.7228,0.0,1.0305743547834274e-06,1.0497857640180089e-06,0.0070675172864311745,0.00610391233737357,5.025376936201152,0.0,5.025376936201152,1.0,6.674623063798848,0.3,0.0018,0.051800000000000006,0.3703311531899424,0.40422916153484173,0.0,1001028831045.7228
1471,25.0,0.0,992624749856.1881,0.0,1.098357409609849e-06,9.31452065337417e-07,0.007985365622984677,0.014207341518821429,5.0694962094711205,0.0,5.0694962094711205,1.0,6.63050379052888,0.3,0.0018,0.051800000000000006,0.368125189526444,0.40777800912734236,0.0,992624749856.1881
1472,25.0,0.0,992778358890.4603,0.0,9.026016321294743e-07,9.81323925848192e-07,0.007473352067173882,0.012040080141591226,4.927408419703277,0.0,4.927408419703277,1.0,6.772591580296723,0.3,0.0018,0.051800000000000006,0.37522957901483617,0.39634881110869347,0.0,992778358890.4603
1473,25.0,0.0,990934097465.0037,0.0,9.722394814792897e-07,9.330531664484485e-07,0.007254644960304608,0.008389059287804632,4.9547562652733435,0.0,4.9547562652733435,1.0,6.745243734726657,0.3,0.0018,0.051800000000000006,0.37386218673633287,0.39854860563653016,0.0,990934097465.0037
1474,25.0,0.0,998668602177.6665,0.0,1.0563399038737405e-06,9.602033425915771e-07,0.011227688339072419,0.013929215850434724,4.958227154764402,0.0,4.958227154764402,1.0,6.741772845235598,0.3,0.0018,0.051800000000000006,0.37368864226177995,0.3988277955891572,0.0,998668602177.6665
1475,25.0,0.0,1000595905099.1091,0.0,9.620092088369592e-07,1.0128587785332397e-06,0.008110357512009527,0.005037194250674007,5.074596215066849,0.0,5.074596215066849,1.0,6.625403784933151,0.3,0.0018,0.051800000000000006,0.36787018924665754,0.40818824123768094,0.0,1000595905099.1091
1476,25.0,0.0,1003060656532.9425,0.0,1.0934405494107267e-06,1.0135658412683966e-06,0.014996913443012579,0.012673299092753698,5.003572183414036,0.0,5.003572183414036,1.0,6.696427816585964,0.3,0.0018,0.051800000000000006,0.3714213908292982,0.4024752399786065,0.0,1003060656532.9425
1477,25.0,0.0,990220652428.807,0.0,9.869941723439814e-07,9.456105173723507e-07,0.010140358979861978,0.011579441422246664,5.023369077365006,0.0,5.023369077365006,1.0,6.6766309226349945,0.3,0.0018,0.051800000000000006,0.3704315461317497,0.4040676542282019,0.0,990220652428.807
1478,25.0,0.0,1007813900267.1978,0.0,9.411528309182258e-07,1.0886902318339853e-06,0.006748603947673066,0.006514273825104651,4.972635399185815,0.0,4.972635399185815,1.0,6.727364600814185,0.3,0.0018,0.051800000000000006,0.3729682300407093,0.3999867599087689,0.0,1007813900267.1978
1479,25.0,0.0,990265853546.9127,0.0,9.350039098174485e-07,9.592969703026043e-07,0.008220867257956515,0.008324459988987424,5.0390551403314205,0.0,5.0390551403314205,1.0,6.66094485966858,0.3,0.0018,0.051800000000000006,0.369647242983429,0.4053294031798118,0.0,990265853546.9127
1480,25.0,0.0,990446384623.049,0.0,1.0967444676730247e-06,1.0319094318533129e-06,0.010901391809188112,0.014080662133885025,4.963243097954522,0.0,4.963243097954522,1.0,6.736756902045478,0.3,0.0018,0.051800000000000006,0.3734378451022739,0.3992312659229828,0.0,990446384623.049
1481,25.0,0.0,995206974063.4766,0.0,9.912599701163618e-07,9.637663648136138e-07,0.009863245815830535,0.008801518805499016,4.941958900517282,0.0,4.941958900517282,1.0,6.7580410994827185,0.3,0.0018,0.051800000000000006,0.37450205497413597,0.39751921657957545,0.0,995206974063.4766
1482,25.0,0.0,990826177299.9968,0.0,9.193028941424048e-07,9.123487094017655e-07,0.005590567758405477,0.006571123329362003,5.0521804112794895,0.0,5.0521804112794895,1.0,6.647819588720511,0.3,0.0018,0.051800000000000006,0.36899097943602555,0.4063851682174622,0.0,990826177299.9968
1483,25.0,0.0,1002294130130.7715,0.0,1.0476962421680614e-06,1.0778625740615334e-06,0.012323430296357655,0.012364593080209655,5.0456121759070225,0.0,5.0456121759070225,1.0,6.654387824092978,0.3,0.0018,0.051800000000000006,0.3693193912046489,0.40585683525635635,0.0,1002294130130.7715
1484,25.0,0.0,991690849551.3812,0.0,9.183371343372125e-07,9.338608063108662e-07,0.00523840011762435,0.008002062910365098,5.0704996733603025,0.0,5.0704996733603025,1.0,6.629500326639698,0.3,0.0018,0.051800000000000006,0.3680750163319849,0.4078587253346446,0.0,991690849551.3812
1485,25.0,0.0,998068989542.7646,0.0,1.0347753645856723e-06,1.026893352231816e-06,0.005273429077704962,0.01011323155806785,4.930429953151315,0.0,4.930429953151315,1.0,6.769570046848685,0.3,0.0018,0.051800000000000006,0.3750785023424343,0.39659185594846486,0.0,998068989542.7646
1486,25.0,0.0,1008149757574.5483,0.0,1.0485290295442788e-06,1.0586131942081132e-06,0.01364367533109384,0.00759598670800521,4.992625226895824,0.0,4.992625226895824,1.0,6.707374773104176,0.3,0.0018,0.051800000000000006,0.3719687386552088,0.40159469328312614,0.0,1008149757574.5483
1487,25.0,0.0,1003180252557.2992,0.0,9.496233761127135e-07,1.0694207894599224e-06,0.009956806399792028,0.014946576772125904,5.044003674040845,0.0,5.044003674040845,1.0,6.655996325959155,0.3,0.0018,0.051800000000000006,0.36939981629795776,0.40572745125811177,0.0,1003180252557.2992
1488,25.0,0.0,992118497979.0125,0.0,1.0830157545228927e-06,9.276394376079604e-07,0.008912261506742602,0.011099110115559307,4.956784752485299,0.0,4.956784752485299,1.0,6.743215247514701,0.3,0.0018,0.051800000000000006,0.3737607623757351,0.39871177223980847,0.0,992118497979.0125
1489,25.0,0.0,997217901829.1985,0.0,9.150152391041255e-07,9.977517338955638e-07,0.006742599177155169,0.011067250090007481,4.9424319937640515,0.0,4.9424319937640515,1.0,6.757568006235949,0.3,0.0018,0.051800000000000006,0.37447840031179747,0.3975572710556669,0.0,997217901829.1985
1490,25.0,0.0,994703339800.7603,0.0,9.546125399376382e-07,9.470055010467662e-07,0.007991547828812673,0.013809319844227484,4.984574848900509,0.0,4.984574848900509,1.0,6.715425151099491,0.3,0.0018,0.051800000000000006,0.3723712575549746,0.40094714035557505,0.0,994703339800.7603
1491,25.0,0.0,997712828235.7028,0.0,1.0980891236626057e-06,1.0053148885331667e-06,0.009517488976528493,0.008430353983138857,5.071000809840521,0.0,5.071000809840521,1.0,6.62899919015948,0.3,0.0018,0.051800000000000006,0.368049959507974,0.40789903554058243,0.0,997712828235.7028
1492,25.0,0.0,1009384318107.6935,0.0,9.871450104670153e-07,9.696372026065915e-07,0.011804374466886352,0.013289241307856099,4.999779819842529,0.0,4.999779819842529,1.0,6.700220180157471,0.3,0.0018,0.051800000000000006,0.3716110090078736,0.40217019142877486,0.0,1009384318107.6935
1493,25.0,0.0,996531974544.2883,0.0,1.0557240872710418e-06,9.209919727038273e-07,0.008983144949338526,0.013349433371408648,4.985615884353785,0.0,4.985615884353785,1.0,6.714384115646215,0.3,0.0018,0.051800000000000006,0.37231920578231076,0.4010308787285863,0.0,996531974544.2883
1494,25.0,0.0,992530875070.6602,0.0,9.124153597473608e-07,9.82705882570514e-07,0.01131721055497867,0.008700383841416809,5.005190963144218,0.0,5.005190963144218,1.0,6.694809036855782,0.3,0.0018,0.051800000000000006,0.37134045184278913,0.40260545070336373,0.0,992530875070.6602
1495,25.0,0.0,992691174337.9847,0.0,1.016757982688426e-06,9.963864229637706e-07,0.005546667958330813,0.009997743359167222,5.009535414554186,0.0,5.009535414554186,1.0,6.690464585445814,0.3,0.0018,0.051800000000000006,0.37112322927229074,0.40295490786311017,0.0,992691174337.9847
1496,25.0,0.0,991535302974.2704,0.0,1.047509703464847e-06,9.294444437852048e-07,0.007455488196226161,0.01150855347904384,5.034326255571667,0.0,5.034326255571667,1.0,6.665673744428333,0.3,0.0018,0.051800000000000006,0.3698836872214167,0.4049490231315691,0.0,991535302974.2704
1497,25.0,0.0,998922360116.8652,0.0,9.90756246869122e-07,1.0294139985623515e-06,0.012559929065219588,0.01449543847507902,4.977482106969417,0.0,4.977482106969417,1.0,6.722517893030584,0.3,0.0018,0.051800000000000006,0.3727258946515292,0.4003766173559698,0.0,998922360116.8652
1498,25.0,0.0,992963288901.0358,0.0,1.0745134531803132e-06,9.694119793888713e-07,0.006488227022225968,0.010226328820229693,5.0737915724990215,0.0,5.0737915724990215,1.0,6.626208427500979,0.3,0.0018,0.051800000000000006,0.367910421375049,0.4081235177364077,0.0,992963288901.0358
1499,25.0,0.0,1006467178871.4861,0.0,1.023910287732905e-06,9.864746901502377e-07,0.007623269365399718,0.009261188000723602,4.939293520494511,0.0,4.939293520494511,1.0,6.760706479505489,0.3,0.0018,0.051800000000000006,0.3746353239752745,0.39730481985959704,0.0,1006467178871.4861
1500,25.0,0.0,996147998667.4097,0.0,9.464297064078873e-07,9.254920900345623e-07,0.011636185651121598,0.006341075965079124,5.042296860380925,0.0,5.042296860380925,1.0,6.657703139619075,0.3,0.0018,0.051800000000000006,0.3694851569809538,0.4055901592970499,0.0,996147998667.4097
1501,25.0,0.0,997370091487.8086,0.0,1.050114552134497e-06,1.0020531549270943e-06,0.007009774264098739,0.013504085480534347,4.976022981385364,0.0,4.976022981385364,1.0,6.723977018614637,0.3,0.0018,0.051800000000000006,0.37279885093073184,0.40025924882443403,0.0,997370091487.8086
1502,25.0,0.0,1001479235263.3936,0.0,1.0671215690607641e-06,1.008281364758695e-06,0.007237104830673501,0.00761666330735908,4.940126088244161,0.0,4.940126088244161,1.0,6.7598739117558395,0.3,0.0018,0.051800000000000006,0.374593695587792,0.3973717895949293,0.0,1001479235263.3936
1503,25.0,0.0,1002116252645.4958,0.0,1.0571007113950716e-06,9.149259399370842e-07,0.007029113435111713,0.014095623770231384,5.010835524419302,0.0,5.010835524419302,1.0,6.689164475580698,0.3,0.0018,0.051800000000000006,0.3710582237790349,0.4030594855549632,0.0,1002116252645.4958
1504,25.0,0.0,1008050609021.7832,0.0,1.0802951257622687e-06,9.217389252081507e-07,0.014776830477298778,0.0066485182509961015,4.964935455290344,0.0,4.964935455290344,1.0,6.735064544709656,0.3,0.0018,0.051800000000000006,0.37335322723548287,0.39936739505231206,0.0,1008050609021.7832
1505,25.0,0.0,1009684641240.8336,0.0,9.651223920803589e-07,9.557959806760005e-07,0.006548281002149251,0.012874442167386924,4.934107976001369,0.0,4.934107976001369,1.0,6.7658920239986315,0.3,0.0018,0.051800000000000006,0.3748946011999316,0.3968877072073173,0.0,1009684641240.8336
1506,25.0,0.0,992368781705.6849,0.0,1.0985702717288674e-06,1.0705238498096853e-06,0.012151337259585594,0.00522460945440902,4.935256616805236,0.0,4.935256616805236,1.0,6.764743383194764,0.3,0.0018,0.051800000000000006,0.37483716915973825,0.39698010109437226,0.0,992368781705.6849
1507,25.0,0.0,1003368637549.1809,0.0,9.844368355050177e-07,9.286763501401559e-07,0.008866945030792118,0.013710484423186044,4.974662866854797,0.0,4.974662866854797,1.0,6.725337133145203,0.3,0.0018,0.051800000000000006,0.37286685665726016,0.40014984450247726,0.0,1003368637549.1809
1508,25.0,0.0,1003613538179.4774,0.0,1.0658214693362476e-06,9.822321356194192e-07,0.014851157940105952,0.013575730693978237,4.967081711248398,0.0,4.967081711248398,1.0,6.732918288751602,0.3,0.0018,0.051800000000000006,0.3732459144375801,0.3995400346885777,0.0,1003613538179.4774
1509,25.0,0.0,1003186816856.9647,0.0,1.0045011747025434e-06,1.0931680749145662e-06,0.009722752881776896,0.012837223941965653,5.0237142675765005,0.0,5.0237142675765005,1.0,6.6762857324235,0.3,0.0018,0.051800000000000006,0.370414286621175,0.4040954204936053,0.0,1003186816856.9647
1510,25.0,0.0,1003149900476.4026,0.0,9.249747989185096e-07,1.0591829950721331e-06,0.00966994083445042,0.008241460144048087,5.048593907876895,0.0,5.048593907876895,1.0,6.651406092123105,0.3,0.0018,0.051800000000000006,0.3691703046061553,0.40609667856152626,0.0,1003149900476.4026
1511,25.0,0.0,1002358296029.1299,0.0,9.845667261149433e-07,9.445557499863913e-07,0.006995706619010559,0.011549618886272098,4.926711499292863,0.0,4.926711499292863,1.0,6.773288500707137,0.3,0.0018,0.051800000000000006,0.3752644250353569,0.3962927525171222,0.0,1002358296029.1299
1512,25.0,0.0,995976070568.8981,0.0,9.97334428421369e-07,1.0228650502970556e-06,0.011958507486369615,0.013714112734844634,4.944461298472558,0.0,4.944461298472558,1.0,6.755538701527442,0.3,0.0018,0.051800000000000006,0.3743769350763721,0.3977205034163898,0.0,995976070568.8981
1513,25.0,0.0,990177676032.5214,0.0,1.0222130723917243e-06,1.0105102043418333e-06,0.012858279591800931,0.014924729476354585,4.932032873224089,0.0,4.932032873224089,1.0,6.767967126775911,0.3,0.0018,0.051800000000000006,0.3749983563387956,0.39672079096075363,0.0,990177676032.5214
1514,25.0,0.0,996118786123.4603,0.0,9.913985682899424e-07,9.328956923903893e-07,0.013544078160202998,0.014429256204246437,4.939927237755311,0.0,4.939927237755311,1.0,6.760072762244689,0.3,0.0018,0.051800000000000006,0.37460363811223446,0.3973557945427374,0.0,996118786123.4603
1515,25.0,0.0,990134444353.3805,0.0,1.0709819670441494e-06,9.282367753567464e-07,0.006306688829984606,0.01239047706200156,4.985953945784695,0.0,4.985953945784695,1.0,6.714046054215305,0.3,0.0018,0.051800000000000006,0.37230230271076525,0.401058071572128,0.0,990134444353.3805
1516,25.0,0.0,1005892038499.712,0.0,1.0521857545132997e-06,9.195546477976075e-07,0.009581042828497125,0.012971062507813321,4.964868912630265,0.0,4.964868912630265,1.0,6.735131087369735,0.3,0.0018,0.051800000000000006,0.3733565543684868,0.3993620425217394,0.0,1005892038499.712
1517,25.0,0.0,996667599476.7756,0.0,1.0907889850712517e-06,9.96619680911088e-07,0.011080763561099246,0.006211069087495951,5.016505263219727,0.0,5.016505263219727,1.0,6.683494736780273,0.3,0.0018,0.051800000000000006,0.3707747368390137,0.4035155456257824,0.0,996667599476.7756
1518,25.0,0.0,998246336021.4409,0.0,9.608361956924243e-07,1.015788071265576e-06,0.01426970397244198,0.011250713107588963,5.031673802564977,0.0,5.031673802564977,1.0,6.668326197435023,0.3,0.0018,0.051800000000000006,0.3700163098717512,0.4047356662294865,0.0,998246336021.4409
1519,25.0,0.0,994165497504.0614,0.0,1.0100952253817571e-06,1.0991032752612723e-06,0.0099015232331078,0.008309049631034272,5.005589191239963,0.0,5.005589191239963,1.0,6.694410808760037,0.3,0.0018,0.051800000000000006,0.3713205404380019,0.4026374832078477,0.0,994165497504.0614
1520,25.0,0.0,992978408346.9302,0.0,1.044442460609057e-06,9.650949091723648e-07,0.006685363112420898,0.010122437705256233,4.973516660895809,0.0,4.973516660895809,1.0,6.726483339104191,0.3,0.0018,0.051800000000000006,0.3729241669552096,0.4000576464684531,0.0,992978408346.9302
1521,25.0,0.0,990079670287.1766,0.0,9.22138095746812e-07,9.438284794125938e-07,0.006903170435638315,0.008313672954987075,4.949029651924453,0.0,4.949029651924453,1.0,6.750970348075547,0.3,0.0018,0.051800000000000006,0.37414851740377736,0.3980879707146439,0.0,990079670287.1766
1522,25.0,0.0,991224302263.4482,0.0,9.611162214197424e-07,9.190564292752761e-07,0.010215263789521228,0.006232755183688032,5.040963980218527,0.0,5.040963980218527,1.0,6.659036019781473,0.3,0.0018,0.051800000000000006,0.36955180098907364,0.40548294564177345,0.0,991224302263.4482
1523,25.0,0.0,1008876526602.3156,0.0,9.402737353810995e-07,1.020092982279043e-06,0.014798540715953393,0.008858357482855937,5.022296763916581,0.0,5.022296763916581,1.0,6.677703236083419,0.3,0.0018,0.051800000000000006,0.37048516180417096,0.40398139992893994,0.0,1008876526602.3156
1524,25.0,0.0,995053241299.0979,0.0,9.177322416167218e-07,1.0049938043410657e-06,0.007374049946732403,0.011817087033294132,5.037150468060247,0.0,5.037150468060247,1.0,6.662849531939753,0.3,0.0018,0.051800000000000006,0.36974247659698767,0.4051761959507921,0.0,995053241299.0979
1525,25.0,0.0,999187095593.0647,0.0,9.036847432504243e-07,1.0810174066612423e-06,0.011157431455285789,0.009213449792732371,4.990146911414097,0.0,4.990146911414097,1.0,6.709853088585903,0.3,0.0018,0.051800000000000006,0.3720926544292952,0.401395343582215,0.0,999187095593.0647
1526,25.0,0.0,1006158073526.297,0.0,9.742293275136064e-07,1.0891078722831073e-06,0.011341995247702099,0.010436534089942114,5.014747839804244,0.0,5.014747839804244,1.0,6.685252160195756,0.3,0.0018,0.051800000000000006,0.3708626080097878,0.4033741827384366,0.0,1006158073526.297
1527,25.0,0.0,1001063693900.8234,0.0,1.0719428428547433e-06,9.884515489305675e-07,0.006685361121255365,0.010766557137711007,5.018110928319677,0.0,5.018110928319677,1.0,6.681889071680323,0.3,0.0018,0.051800000000000006,0.37069445358401615,0.4036447014414155,0.0,1001063693900.8234
1528,25.0,0.0,991860405140.4873,0.0,1.0731579692645238e-06,1.0878826626044412e-06,0.009259250747025684,0.006926439818409379,4.988049424476491,0.0,4.988049424476491,1.0,6.71195057552351,0.3,0.0018,0.051800000000000006,0.3721975287761755,0.4012266268079545,0.0,991860405140.4873
1529,25.0,0.0,995487061603.659,0.0,1.0311175262692184e-06,1.0243588301993279e-06,0.011621025151153345,0.00877284983197581,4.975468525774984,0.0,4.975468525774984,1.0,6.724531474225016,0.3,0.0018,0.051800000000000006,0.37282657371125083,0.40021464975667503,0.0,995487061603.659
1530,25.0,0.0,997904902062.8865,0.0,1.0045686374333077e-06,1.0752443631988986e-06,0.00869116800779479,0.009341444443561706,5.051419143317331,0.0,5.051419143317331,1.0,6.648580856682669,0.3,0.0018,0.051800000000000006,0.36902904283413346,0.4063239336645215,0.0,997904902062.8865
1531,25.0,0.0,997998164152.8761,0.0,1.0442768233601239e-06,9.021112525612256e-07,0.013394739004466437,0.012031796561813114,5.009144137337397,0.0,5.009144137337397,1.0,6.690855862662604,0.3,0.0018,0.051800000000000006,0.3711427931331302,0.4029234344705113,0.0,997998164152.8761
1532,25.0,0.0,1002567991257.1683,0.0,1.072324062446226e-06,9.524747140555342e-07,0.011375199808462489,0.007488430366590176,5.020447561863993,0.0,5.020447561863993,1.0,6.679552438136007,0.3,0.0018,0.051800000000000006,0.3705776219068004,0.4038326545900895,0.0,1002567991257.1683
1533,25.0,0.0,993453712317.3151,0.0,9.633456106355464e-07,1.0543065235353499e-06,0.006145943604300182,0.010562130669192423,5.014051679441248,0.0,5.014051679441248,1.0,6.685948320558752,0.3,0.0018,0.051800000000000006,0.37089741602793763,0.40331818528324065,0.0,993453712317.3151
1534,25.0,0.0,996164803446.5604,0.0,1.0925259990324415e-06,9.181567019977326e-07,0.012031627732108056,0.011927161221227767,5.025421136525521,0.0,5.025421136525521,1.0,6.674578863474479,0.3,0.0018,0.051800000000000006,0.37032894317372395,0.40423271690198853,0.0,996164803446.5604
1535,25.0,0.0,1000035502769.7737,0.0,9.525041205749327e-07,1.061261699861371e-06,0.01496545733938933,0.014100859877737598,4.970610757812792,0.0,4.970610757812792,1.0,6.729389242187208,0.3,0.0018,0.051800000000000006,0.37306946210936043,0.39982390265546913,0.0,1000035502769.7737
1536,25.0,0.0,1003554151192.2611,0.0,1.0317340179191195e-06,9.82449801515893e-07,0.005090331498253224,0.00731276554047951,4.931357934928747,0.0,4.931357934928747,1.0,6.768642065071253,0.3,0.0018,0.051800000000000006,0.3750321032535627,0.39666650055733166,0.0,1003554151192.2611
1537,25.0,0.0,1004759935179.5016,0.0,1.0614399297609458e-06,9.74387957608695e-07,0.010060257294933985,0.010084511700854011,4.94198127754041,0.0,4.94198127754041,1.0,6.75801872245959,0.3,0.0018,0.051800000000000006,0.3745009361229795,0.3975210165331733,0.0,1004759935179.5016
1538,25.0,0.0,1002219356382.2659,0.0,9.237782536249713e-07,1.0522817892668355e-06,0.007081401033684764,0.013768268228395327,4.961739696852619,0.0,4.961739696852619,1.0,6.738260303147381,0.3,0.0018,0.051800000000000006,0.37351301515736907,0.3991103359759185,0.0,1002219356382.2659
1539,25.0,0.0,995377006407.8402,0.0,9.371193498151183e-07,1.0140201394917099e-06,0.0141302802533348,0.008166075723616504,5.001209391465719,0.0,5.001209391465719,1.0,6.698790608534281,0.3,0.0018,0.051800000000000006,0.3715395304267141,0.4022851827112064,0.0,995377006407.8402
1540,25.0,0.0,1006625206569.1584,0.0,9.880484933421746e-07,9.314479924358683e-07,0.0062497882442661395,0.011114967442944877,5.049100028701808,0.0,5.049100028701808,1.0,6.650899971298192,0.3,0.0018,0.051800000000000006,0.3691449985649096,0.40613738969609137,0.0,1006625206569.1584
1541,25.0,0.0,997177596037.2867,0.0,1.0788906804036258e-06,1.0792592900642812e-06,0.010248588769115718,0.007767649444533408,4.950790920850726,0.0,4.950790920850726,1.0,6.749209079149274,0.3,0.0018,0.051800000000000006,0.37406045395746373,0.39822964292557317,0.0,997177596037.2867
1542,25.0,0.0,996491816044.273,0.0,9.390401644559194e-07,9.957007265377799e-07,0.008521062160588221,0.010036123233202306,5.010491793638026,0.0,5.010491793638026,1.0,6.689508206361974,0.3,0.0018,0.051800000000000006,0.3710754103180987,0.4030318366825954,0.0,996491816044.273
1543,25.0,0.0,1003917329550.4838,0.0,1.0838057112678436e-06,1.0785172141416e-06,0.013867034300742386,0.009790168643530559,4.950606006659158,0.0,4.950606006659158,1.0,6.749393993340842,0.3,0.0018,0.051800000000000006,0.3740696996670421,0.3982147688754149,0.0,1003917329550.4838
1544,25.0,0.0,996891365793.8447,0.0,1.0118141114931625e-06,9.667037661488318e-07,0.011899206109981183,0.011477237957436624,5.001329392074035,0.0,5.001329392074035,1.0,6.6986706079259655,0.3,0.0018,0.051800000000000006,0.3715335303962983,0.4022948352697905,0.0,996891365793.8447
1545,25.0,0.0,998233925662.4078,0.0,9.912065024486331e-07,9.730055916476938e-07,0.011745879106180097,0.0051391769582384925,5.056026249396602,0.0,5.056026249396602,1.0,6.643973750603398,0.3,0.0018,0.051800000000000006,0.3687986875301699,0.4066945181303573,0.0,998233925662.4078
1546,25.0,0.0,1002561652583.5344,0.0,1.0124874118853682e-06,9.66261558493123e-07,0.014530432231262335,0.012554710047818846,5.0010522002972655,0.0,5.0010522002972655,1.0,6.698947799702735,0.3,0.0018,0.051800000000000006,0.37154738998513676,0.4022725386339499,0.0,1002561652583.5344
1547,25.0,0.0,1003347681699.2152,0.0,9.795888234840591e-07,9.649165714881124e-07,0.012054194238016291,0.01087885514906027,5.05222772529559,0.0,5.05222772529559,1.0,6.64777227470441,0.3,0.0018,0.051800000000000006,0.3689886137352205,0.40638897404243807,0.0,1003347681699.2152
1548,25.0,0.0,999547129896.8636,0.0,9.829984352197037e-07,1.070387920945983e-06,0.008270447611548,0.011926250463809653,5.058945634864948,0.0,5.058945634864948,1.0,6.641054365135052,0.3,0.0018,0.051800000000000006,0.36865271825675267,0.40692934643379564,0.0,999547129896.8636
1549,25.0,0.0,1004126780059.0155,0.0,9.116330158903619e-07,1.0582763479289702e-06,0.013080091152316654,0.005229309389155975,5.067169252080496,0.0,5.067169252080496,1.0,6.632830747919504,0.3,0.0018,0.051800000000000006,0.36824153739597526,0.40759083430505916,0.0,1004126780059.0155
1550,25.0,0.0,1005763490512.8982,0.0,1.0666751266234138e-06,1.0947990739173649e-06,0.011291010012757868,0.007272588470525021,4.983434469609948,0.0,4.983434469609948,1.0,6.716565530390052,0.3,0.0018,0.051800000000000006,0.3724282765195026,0.4008554110046612,0.0,1005763490512.8982
1551,25.0,0.0,1008596846723.5804,0.0,1.0751949476359221e-06,9.967447889677175e-07,0.013406201483713406,0.014582956974777787,4.988322117811359,0.0,4.988322117811359,1.0,6.711677882188641,0.3,0.0018,0.051800000000000006,0.3721838941094321,0.40124856160001277,0.0,1008596846723.5804
1552,25.0,0.0,1006015714333.5708,0.0,9.590491408065592e-07,9.048281524941379e-07,0.009312052517798246,0.00670000534245212,5.047782662040331,0.0,5.047782662040331,1.0,6.652217337959669,0.3,0.0018,0.051800000000000006,0.3692108668979835,0.40603142390929303,0.0,1006015714333.5708
1553,25.0,0.0,1009436179221.5378,0.0,1.019922895541235e-06,9.534856007971832e-07,0.013072584148330357,0.012015953812080142,5.0715752520575395,0.0,5.0715752520575395,1.0,6.628424747942461,0.3,0.0018,0.051800000000000006,0.36802123739712306,0.4079452422826206,0.0,1009436179221.5378
1554,25.0,0.0,1009967726576.7789,0.0,9.442979376597097e-07,1.0451255731799308e-06,0.005006901750647782,0.010578090578835804,4.979425736150244,0.0,4.979425736150244,1.0,6.720574263849756,0.3,0.0018,0.051800000000000006,0.37262871319248786,0.40053295818454343,0.0,1009967726576.7789
1555,25.0,0.0,995496904312.6669,0.0,9.496290070955551e-07,9.932879893738876e-07,0.010773477205704554,0.0121111142285251,5.026571847602423,0.0,5.026571847602423,1.0,6.673428152397578,0.3,0.0018,0.051800000000000006,0.3702714076198789,0.4043252773167971,0.0,995496904312.6669
1556,25.0,0.0,1006653637321.8627,0.0,1.0957779039466543e-06,1.0919423114472376e-06,0.01133814026692984,0.01394271703941578,4.992201262898209,0.0,4.992201262898209,1.0,6.7077987371017915,0.3,0.0018,0.051800000000000006,0.3719899368550896,0.4015605906449653,0.0,1006653637321.8627
1557,25.0,0.0,1005925571144.1533,0.0,9.75551849413353e-07,9.583085508374645e-07,0.008670635243138275,0.01320576661792203,5.030225048182786,0.0,5.030225048182786,1.0,6.669774951817214,0.3,0.0018,0.051800000000000006,0.3700887475908607,0.40461913193233484,0.0,1005925571144.1533
1558,25.0,0.0,997587909320.7998,0.0,9.740738545538693e-07,1.0043258705771681e-06,0.012298038950925447,0.012311306506204989,5.0379773868951645,0.0,5.0379773868951645,1.0,6.662022613104836,0.3,0.0018,0.051800000000000006,0.3697011306552418,0.40524271130109113,0.0,997587909320.7998
1559,25.0,0.0,994774232628.9417,0.0,1.0166213833606553e-06,1.0372964374544051e-06,0.014119959917542505,0.008047686365397908,5.051792887196744,0.0,5.051792887196744,1.0,6.648207112803256,0.3,0.0018,0.051800000000000006,0.3690103556401628,0.4063539967178848,0.0,994774232628.9417
1560,25.0,0.0,1006561996948.496,0.0,1.072573933775466e-06,1.0629762385032748e-06,0.0077634726193453706,0.014929366717118111,5.0655497648310615,0.0,5.0655497648310615,1.0,6.634450235168939,0.3,0.0018,0.051800000000000006,0.36832251175844694,0.4074605666691652,0.0,1006561996948.496
1561,25.0,0.0,996069933463.7826,0.0,1.0901740838997667e-06,1.0663343908519765e-06,0.00896743236604596,0.005565364996863312,5.0026374266014315,0.0,5.0026374266014315,1.0,6.697362573398569,0.3,0.0018,0.051800000000000006,0.37146812866992845,0.40240005040230303,0.0,996069933463.7826
1562,25.0,0.0,992117066927.7821,0.0,9.411647346769279e-07,1.0507572818730944e-06,0.008817034705007078,0.009369381301951786,5.014757200247468,0.0,5.014757200247468,1.0,6.685242799752532,0.3,0.0018,0.051800000000000006,0.3708621399876266,0.4033749356698414,0.0,992117066927.7821
1563,25.0,0.0,1002914252277.624,0.0,1.0438585042237176e-06,1.0380498521988554e-06,0.009964071194998567,0.010668470801399786,4.994223719967342,0.0,4.994223719967342,1.0,6.705776280032659,0.3,0.0018,0.051800000000000006,0.37188881400163293,0.40172327219814524,0.0,1002914252277.624
1564,25.0,0.0,997104264025.2478,0.0,1.0158758809968973e-06,9.999750194406027e-07,0.006079489542772591,0.008399736554572605,4.9814290202902445,0.0,4.9814290202902445,1.0,6.718570979709756,0.3,0.0018,0.051800000000000006,0.3725285489854878,0.400694097513694,0.0,997104264025.2478
1565,25.0,0.0,990159116311.6927,0.0,9.99399683594046e-07,9.376991008544741e-07,0.009946224112792326,0.010742053720861223,5.065015685385403,0.0,5.065015685385403,1.0,6.634984314614597,0.3,0.0018,0.051800000000000006,0.3683492157307299,0.40741760661079496,0.0,990159116311.6927
1566,25.0,0.0,997614610365.6969,0.0,9.521124911979856e-07,1.0849946143000482e-06,0.010290107085636376,0.005924476918222058,4.961250581027042,0.0,4.961250581027042,1.0,6.738749418972958,0.3,0.0018,0.051800000000000006,0.3735374709486479,0.3990709926823554,0.0,997614610365.6969
1567,25.0,0.0,1007260317851.347,0.0,1.0537638025020197e-06,9.444455287192511e-07,0.008845222874481275,0.011971681286006973,5.070335200877684,0.0,5.070335200877684,1.0,6.629664799122316,0.3,0.0018,0.051800000000000006,0.3680832399561158,0.4078454955660943,0.0,1007260317851.347
1568,25.0,0.0,994403370579.0211,0.0,9.126037215391289e-07,1.0717171791253679e-06,0.005233345892142004,0.011835245845933515,4.965983255218125,0.0,4.965983255218125,1.0,6.734016744781875,0.3,0.0018,0.051800000000000006,0.37330083723909374,0.3994516775432855,0.0,994403370579.0211
1569,25.0,0.0,998001413360.5381,0.0,1.028178682286439e-06,1.0880572286198234e-06,0.008322009017756479,0.010848575129737519,5.0602583220812365,0.0,5.0602583220812365,1.0,6.639741677918764,0.3,0.0018,0.051800000000000006,0.3685870838959382,0.4070349358173453,0.0,998001413360.5381
1570,25.0,0.0,1009151101927.797,0.0,1.0139721002683195e-06,1.044423107998659e-06,0.009810658685510436,0.01097255804449735,5.071171110046741,0.0,5.071171110046741,1.0,6.628828889953259,0.3,0.0018,0.051800000000000006,0.36804144449766296,0.4079127340771188,0.0,1009151101927.797
1571,25.0,0.0,1000124662995.0961,0.0,1.028707076140889e-06,1.0584853813070155e-06,0.010687558193233693,0.01337432800991659,4.979880292113048,0.0,4.979880292113048,1.0,6.720119707886952,0.3,0.0018,0.051800000000000006,0.37260598539434764,0.40056952156636483,0.0,1000124662995.0961
1572,25.0,0.0,1006063186498.6312,0.0,9.892256623805832e-07,1.0819234823480291e-06,0.005508955505018815,0.009039817135631806,5.042047798708076,0.0,5.042047798708076,1.0,6.657952201291924,0.3,0.0018,0.051800000000000006,0.36949761006459625,0.4055701253787062,0.0,1006063186498.6312
1573,25.0,0.0,1004787806693.5748,0.0,9.996519110700093e-07,1.0248579673706582e-06,0.013477057585602265,0.012016909498563471,4.94030850783105,0.0,4.94030850783105,1.0,6.75969149216895,0.3,0.0018,0.051800000000000006,0.3745845746084475,0.3973864629851231,0.0,1004787806693.5748
1574,25.0,0.0,1005094350877.2313,0.0,1.0555098482767583e-06,1.0675218952925815e-06,0.00765128270295181,0.011160981731621134,5.008566556622117,0.0,5.008566556622117,1.0,6.691433443377883,0.3,0.0018,0.051800000000000006,0.3711716721688942,0.4028769752752668,0.0,1005094350877.2313
1575,25.0,0.0,1000971365691.3744,0.0,9.92197874928456e-07,9.161831964951899e-07,0.009872959582322071,0.013379509443764325,5.010688317849132,0.0,5.010688317849132,1.0,6.689311682150868,0.3,0.0018,0.051800000000000006,0.3710655841075434,0.40304764461463416,0.0,1000971365691.3744
1576,25.0,0.0,993113027692.5212,0.0,9.87426938125916e-07,1.0475955775851753e-06,0.01335746792125761,0.005585604762451995,5.04380537306954,0.0,5.04380537306954,1.0,6.656194626930461,0.3,0.0018,0.051800000000000006,0.36940973134652305,0.4057115004077815,0.0,993113027692.5212
1577,25.0,0.0,1008008859816.5109,0.0,9.380405368527373e-07,9.627743013312102e-07,0.01436319698848498,0.010981732998538577,5.0058141101583935,0.0,5.0058141101583935,1.0,6.694185889841607,0.3,0.0018,0.051800000000000006,0.37130929449208033,0.40265557514144096,0.0,1008008859816.5109
1578,25.0,0.0,1004549923066.3276,0.0,9.227669954390968e-07,1.0515087933199816e-06,0.01465640202196868,0.0054897679228140435,4.958456847768595,0.0,4.958456847768595,1.0,6.741543152231405,0.3,0.0018,0.051800000000000006,0.3736771576115703,0.39884627153865787,0.0,1004549923066.3276
1579,25.0,0.0,991732367090.8252,0.0,9.648119199845295e-07,9.642125443691897e-07,0.013776727494688317,0.011620364573580413,5.035237591755352,0.0,5.035237591755352,1.0,6.664762408244648,0.3,0.0018,0.051800000000000006,0.36983812041223246,0.4050223288091499,0.0,991732367090.8252
1580,25.0,0.0,996356412561.3105,0.0,1.0907739307839704e-06,9.84668169917401e-07,0.014730606145712984,0.005143592040437682,4.973857910631291,0.0,4.973857910631291,1.0,6.726142089368709,0.3,0.0018,0.051800000000000006,0.3729071044684355,0.40008509577150025,0.0,996356412561.3105
1581,25.0,0.0,1008419246607.5583,0.0,1.0591333454656222e-06,9.403404504805049e-07,0.006971049176728377,0.009457493583832743,5.06674108824955,0.0,5.06674108824955,1.0,6.63325891175045,0.3,0.0018,0.051800000000000006,0.36826294558752254,0.407556393842467,0.0,1008419246607.5583
1582,25.0,0.0,990194653449.3723,0.0,9.133868051322047e-07,1.0639284349322465e-06,0.007368521217583355,0.008288381846387423,5.0164929167943475,0.0,5.0164929167943475,1.0,6.683507083205653,0.3,0.0018,0.051800000000000006,0.3707753541602827,0.40351455250919777,0.0,990194653449.3723
1583,25.0,0.0,990086004120.6968,0.0,1.0477765231440047e-06,9.470478630650911e-07,0.012083580102738179,0.005151528198172783,5.06120117064718,0.0,5.06120117064718,1.0,6.638798829352821,0.3,0.0018,0.051800000000000006,0.3685399414676411,0.40711077627470876,0.0,990086004120.6968
1584,25.0,0.0,999156368276.1302,0.0,1.0683766711839014e-06,1.0081443182646537e-06,0.011113654699360508,0.007025060030864224,4.936559700199562,0.0,4.936559700199562,1.0,6.763440299800438,0.3,0.0018,0.051800000000000006,0.37477201499002194,0.3970849179697203,0.0,999156368276.1302
1585,25.0,0.0,1006646574679.6655,0.0,1.0262070547945874e-06,1.0076722765900577e-06,0.01414008269011851,0.013012641358523171,5.057363749245137,0.0,5.057363749245137,1.0,6.6426362507548635,0.3,0.0018,0.051800000000000006,0.3687318125377432,0.40680210338200906,0.0,1006646574679.6655
1586,25.0,0.0,1004338693245.8151,0.0,9.3482854266656e-07,1.0273097199386087e-06,0.009280892758789037,0.00950635590113711,4.952020698478108,0.0,4.952020698478108,1.0,6.747979301521892,0.3,0.0018,0.051800000000000006,0.3739989650760946,0.3983285632623961,0.0,1004338693245.8151
1587,25.0,0.0,1000645802780.0432,0.0,1.0113729570714254e-06,9.200266844294041e-07,0.008393720261422564,0.008723578427927129,5.0575138088810965,0.0,5.0575138088810965,1.0,6.642486191118904,0.3,0.0018,0.051800000000000006,0.3687243095559452,0.406814173816047,0.0,1000645802780.0432
1588,25.0,0.0,1007495579758.0797,0.0,1.0767407040141464e-06,9.272922625053279e-07,0.008648431571599599,0.005947272490664646,5.009139444392193,0.0,5.009139444392193,1.0,6.690860555607808,0.3,0.0018,0.051800000000000006,0.3711430277803904,0.402923056981354,0.0,1007495579758.0797
1589,25.0,0.0,1002521512346.975,0.0,1.0862213517246243e-06,9.94306956955139e-07,0.007670020530458191,0.014876999804330073,4.9884685900692105,0.0,4.9884685900692105,1.0,6.71153140993079,0.3,0.0018,0.051800000000000006,0.3721765704965395,0.40126034347403555,0.0,1002521512346.975
1590,25.0,0.0,993565899462.8937,0.0,9.9653902092043e-07,1.0909749453850388e-06,0.005838858032235813,0.011159434423984317,5.032997622131497,0.0,5.032997622131497,1.0,6.667002377868503,0.3,0.0018,0.051800000000000006,0.36995011889342516,0.4048421510723534,0.0,993565899462.8937
1591,25.0,0.0,1001565966406.7742,0.0,1.072652708727506e-06,9.67268928856937e-07,0.009596540804416676,0.011359095866171707,4.972132392848967,0.0,4.972132392848967,1.0,6.727867607151033,0.3,0.0018,0.051800000000000006,0.3729933803575517,0.39994629929608805,0.0,1001565966406.7742
1592,25.0,0.0,993894577775.9248,0.0,1.0237372200965185e-06,9.154736619843005e-07,0.005340476538152066,0.005640136038053486,4.943489546867865,0.0,4.943489546867865,1.0,6.756510453132135,0.3,0.0018,0.051800000000000006,0.3744255226566068,0.39764233806852195,0.0,993894577775.9248
1593,25.0,0.0,996839437861.9105,0.0,1.0200502185671735e-06,9.604288851247523e-07,0.009325378787679804,0.008863116868643607,4.976282531247503,0.0,4.976282531247503,1.0,6.723717468752497,0.3,0.0018,0.051800000000000006,0.37278587343762487,0.4002801263873474,0.0,996839437861.9105
1594,25.0,0.0,1007725213362.4316,0.0,1.0724992382832278e-06,9.011484548108483e-07,0.012508855466946217,0.010731001725867134,4.939126236651163,0.0,4.939126236651163,1.0,6.760873763348838,0.3,0.0018,0.051800000000000006,0.3746436881674419,0.3972913639519918,0.0,1007725213362.4316
1595,25.0,0.0,992905925728.9619,0.0,9.25239750562128e-07,9.909359757018567e-07,0.006589757326591729,0.006501907950579045,5.070170860756192,0.0,5.070170860756192,1.0,6.6298291392438085,0.3,0.0018,0.051800000000000006,0.3680914569621904,0.40783227644435266,0.0,992905925728.9619
1596,25.0,0.0,1005527987417.3307,0.0,1.083520787357556e-06,1.0865969941933744e-06,0.014055818297552952,0.011389323959265705,4.976369997471059,0.0,4.976369997471059,1.0,6.7236300025289415,0.3,0.0018,0.051800000000000006,0.3727815001264471,0.40028716195874026,0.0,1005527987417.3307
1597,25.0,0.0,993375996301.0164,0.0,9.567329884426362e-07,1.0231465628447743e-06,0.014053019229646229,0.009910313263724477,5.0080805890127795,0.0,5.0080805890127795,1.0,6.691919410987221,0.3,0.0018,0.051800000000000006,0.37119597054936104,0.4028378852166007,0.0,993375996301.0164
1598,25.0,0.0,992013775596.9243,0.0,1.0282676948866327e-06,1.0069757090308304e-06,0.009073580290193776,0.00833992641879172,4.932771116606468,0.0,4.932771116606468,1.0,6.767228883393532,0.3,0.0018,0.051800000000000006,0.37496144416967664,0.3967801734722063,0.0,992013775596.9243
1599,25.0,0.0,998905360790.3923,0.0,1.0475095765046958e-06,9.438886297386583e-07,0.011571664965217825,0.006322553185036576,4.954109580177821,0.0,4.954109580177821,1.0,6.745890419822179,0.3,0.0018,0.051800000000000006,0.373894520991109,0.3984965878521413,0.0,998905360790.3923
1600,25.0,0.0,995603879027.4196,0.0,1.0476630956563093e-06,1.085891903528204e-06,0.013818333419612035,0.008125794219753124,5.019856615172156,0.0,5.019856615172156,1.0,6.680143384827844,0.3,0.0018,0.051800000000000006,0.37060716924139225,0.40378512026803054,0.0,995603879027.4196
1601,25.0,0.0,996969140433.0183,0.0,9.187876430343571e-07,1.0542024652445549e-06,0.00584005244772261,0.010994226832402424,5.053666776853879,0.0,5.053666776853879,1.0,6.646333223146121,0.3,0.0018,0.051800000000000006,0.3689166611573061,0.40650472786791175,0.0,996969140433.0183
1602,25.0,0.0,994172084305.863,0.0,1.013279936357012e-06,9.810840118534113e-07,0.014420576990232782,0.0071501774387191085,4.991342280868043,0.0,4.991342280868043,1.0,6.708657719131957,0.3,0.0018,0.051800000000000006,0.3720328859565979,0.4014914962088194,0.0,994172084305.863
1603,25.0,0.0,997971925119.9366,0.0,9.677787888308366e-07,1.0379195945206004e-06,0.013051904692523923,0.013775779146533364,4.931707925608061,0.0,4.931707925608061,1.0,6.7682920743919395,0.3,0.0018,0.051800000000000006,0.375014603719597,0.39669465296075135,0.0,997971925119.9366
1604,25.0,0.0,1003965245865.9867,0.0,1.0415586595389723e-06,9.427648489015993e-07,0.011449907189009952,0.006255140870619406,4.9504618321485205,0.0,4.9504618321485205,1.0,6.74953816785148,0.3,0.0018,0.051800000000000006,0.374076908392574,0.3982031718266184,0.0,1003965245865.9867
1605,25.0,0.0,1004075561462.2761,0.0,1.0243267980510156e-06,1.0461081082468635e-06,0.012939352406636639,0.014114232824718239,4.937077374422264,0.0,4.937077374422264,1.0,6.762922625577736,0.3,0.0018,0.051800000000000006,0.37474613127888684,0.3971265584316493,0.0,1004075561462.2761
1606,25.0,0.0,994338829133.3976,0.0,9.533928688670841e-07,1.0144665942949038e-06,0.008661705684656597,0.011660947401215989,5.0165359522951904,0.0,5.0165359522951904,1.0,6.68346404770481,0.3,0.0018,0.051800000000000006,0.37077320238524053,0.4035180141807585,0.0,994338829133.3976
1607,25.0,0.0,1005347427516.46,0.0,9.261299225262902e-07,9.400345704818132e-07,0.00800965146306465,0.014360415078387312,4.973952479540635,0.0,4.973952479540635,1.0,6.726047520459365,0.3,0.0018,0.051800000000000006,0.3729023760229683,0.4000927026657525,0.0,1005347427516.46
1608,25.0,0.0,990643436473.0162,0.0,1.0594306801939408e-06,9.900871561178007e-07,0.013389941347931464,0.005475293213607374,4.995458429621714,0.0,4.995458429621714,1.0,6.704541570378286,0.3,0.0018,0.051800000000000006,0.37182707851891433,0.4018225892552859,0.0,990643436473.0162
1609,25.0,0.0,1007056510742.8093,0.0,1.0001701592576096e-06,1.0353757156684458e-06,0.006684899561587876,0.01315806714677037,4.971720507618646,0.0,4.971720507618646,1.0,6.728279492381354,0.3,0.0018,0.051800000000000006,0.3730139746190677,0.3999131682447431,0.0,1007056510742.8093
1610,25.0,0.0,1004100359594.6396,0.0,1.0784149490874249e-06,9.557051569163155e-07,0.011413627752178197,0.014991229961719917,4.961570982269161,0.0,4.961570982269161,1.0,6.738429017730839,0.3,0.0018,0.051800000000000006,0.373521450886542,0.3990967649830406,0.0,1004100359594.6396
1611,25.0,0.0,992061592830.532,0.0,9.976311189123553e-07,1.0786081577144003e-06,0.0112137141082688,0.01171435547023078,5.040947862714199,0.0,5.040947862714199,1.0,6.659052137285801,0.3,0.0018,0.051800000000000006,0.3695526068642901,0.40548164918872254,0.0,992061592830.532
1612,25.0,0.0,1008478744895.4371,0.0,1.0936642888006707e-06,1.0291665758535875e-06,0.01133286848124865,0.010524650667772936,5.016133003872754,0.0,5.016133003872754,1.0,6.6838669961272466,0.3,0.0018,0.051800000000000006,0.37079334980636236,0.4034856019846166,0.0,1008478744895.4371
1613,25.0,0.0,991777425718.6685,0.0,9.62843286007697e-07,9.602850970019801e-07,0.006934406393149697,0.013010699694340887,5.069649275558095,0.0,5.069649275558095,1.0,6.6303507244419055,0.3,0.0018,0.051800000000000006,0.3681175362220953,0.4077903213930256,0.0,991777425718.6685
1614,25.0,0.0,1007677683130.2078,0.0,9.307051802353742e-07,9.423173571057227e-07,0.005962093838655749,0.010828791669869584,4.967397506425634,0.0,4.967397506425634,1.0,6.732602493574366,0.3,0.0018,0.051800000000000006,0.37323012467871836,0.3995654364885484,0.0,1007677683130.2078
1615,25.0,0.0,997192211115.3746,0.0,1.090638899178374e-06,1.0557230470618401e-06,0.012916836754396348,0.014772701315244895,5.015068433395994,0.0,5.015068433395994,1.0,6.684931566604006,0.3,0.0018,0.051800000000000006,0.37084657833020035,0.40339997051126075,0.0,997192211115.3746
1616,25.0,0.0,1001081250389.0864,0.0,9.075447724441698e-07,9.173903970648266e-07,0.005218389240168732,0.007940150044864463,4.933026684427442,0.0,4.933026684427442,1.0,6.766973315572558,0.3,0.0018,0.051800000000000006,0.37494866577862795,0.39680073072936306,0.0,1001081250389.0864
1617,25.0,0.0,1002276596168.7296,0.0,9.063013374219271e-07,1.0679052720511735e-06,0.006461903793829907,0.008026508760324869,5.002519084240008,0.0,5.002519084240008,1.0,6.697480915759992,0.3,0.0018,0.051800000000000006,0.37147404578799964,0.40239053122908686,0.0,1002276596168.7296
1618,25.0,0.0,1005653213672.4282,0.0,1.0055364661424064e-06,1.0331254675998324e-06,0.006444241754283537,0.007691961205748493,5.072696429524563,0.0,5.072696429524563,1.0,6.627303570475437,0.3,0.0018,0.051800000000000006,0.36796517852377186,0.40803542708530915,0.0,1005653213672.4282
1619,25.0,0.0,994820971451.4312,0.0,9.9697287670084e-07,9.44753315958221e-07,0.011484966325506944,0.005748198113539352,4.9405515833628835,0.0,4.9405515833628835,1.0,6.759448416637117,0.3,0.0018,0.051800000000000006,0.3745724208318559,0.3974060153927673,0.0,994820971451.4312
1620,25.0,0.0,996465790780.8402,0.0,1.0313244092018364e-06,1.0577079843945948e-06,0.008071090212246525,0.01230969411164222,4.9679101106527,0.0,4.9679101106527,1.0,6.7320898893473,0.3,0.0018,0.051800000000000006,0.37320449446736503,0.3996066691322957,0.0,996465790780.8402
1621,25.0,0.0,1008532556387.0121,0.0,1.0548246215380585e-06,1.0830928671286864e-06,0.00636504242024191,0.011544639575479144,4.954755191235861,0.0,4.954755191235861,1.0,6.745244808764139,0.3,0.0018,0.051800000000000006,0.373862240438207,0.39854851924355383,0.0,1008532556387.0121
1622,25.0,0.0,1004839745380.88,0.0,1.0738918683914088e-06,1.0118549704253174e-06,0.01426342653389574,0.013878885956869931,5.052358623422074,0.0,5.052358623422074,1.0,6.647641376577926,0.3,0.0018,0.051800000000000006,0.36898206882889634,0.40639950317101625,0.0,1004839745380.88
1623,25.0,0.0,1004724731940.8716,0.0,9.02329454747422e-07,9.654229067890196e-07,0.008423502525858485,0.007885345697818567,5.047613644964442,0.0,5.047613644964442,1.0,6.652386355035558,0.3,0.0018,0.051800000000000006,0.3692193177517779,0.4060178285846559,0.0,1004724731940.8716
1624,25.0,0.0,1004233692165.5208,0.0,9.288127167384499e-07,1.0221704945518174e-06,0.010226102363936188,0.014818388361158685,5.0372789328681815,0.0,5.0372789328681815,1.0,6.662721067131819,0.3,0.0018,0.051800000000000006,0.36973605335659093,0.4051865293491137,0.0,1004233692165.5208
1625,25.0,0.0,1005231900185.5581,0.0,1.0425018998402435e-06,9.93510292501578e-07,0.007123908197129169,0.005457366634651245,5.050743238599004,0.0,5.050743238599004,1.0,6.649256761400996,0.3,0.0018,0.051800000000000006,0.3690628380700498,0.40626956552437293,0.0,1005231900185.5581
1626,25.0,0.0,1002903617990.8768,0.0,1.0115249990762382e-06,9.634457806192211e-07,0.013809459021857939,0.011424406375414305,5.033032626802077,0.0,5.033032626802077,1.0,6.666967373197923,0.3,0.0018,0.051800000000000006,0.36994836865989617,0.40484496676335885,0.0,1002903617990.8768
1627,25.0,0.0,992901342898.6888,0.0,9.571621595917003e-07,1.0673102446059915e-06,0.01393384204096914,0.011512236066600411,5.014745114313312,0.0,5.014745114313312,1.0,6.685254885686688,0.3,0.0018,0.051800000000000006,0.3708627442843344,0.4033739635065406,0.0,992901342898.6888
1628,25.0,0.0,1002232887692.9629,0.0,9.222924022955087e-07,1.0986962510214418e-06,0.008322341509625946,0.00849732487291164,4.962729372589984,0.0,4.962729372589984,1.0,6.737270627410016,0.3,0.0018,0.051800000000000006,0.3734635313705008,0.39918994309764994,0.0,1002232887692.9629
1629,25.0,0.0,1005808619147.4701,0.0,9.030831960567431e-07,9.96537478065359e-07,0.005551872905947746,0.013267863804814272,4.942048712747705,0.0,4.942048712747705,1.0,6.757951287252295,0.3,0.0018,0.051800000000000006,0.3744975643626148,0.39752644085808436,0.0,1005808619147.4701
1630,25.0,0.0,993903681108.0083,0.0,9.921396848893411e-07,1.0905045221834579e-06,0.005883735633246136,0.010767320482685503,5.033059941446598,0.0,5.033059941446598,1.0,6.666940058553402,0.3,0.0018,0.051800000000000006,0.36994700292767013,0.4048471638872746,0.0,993903681108.0083
1631,25.0,0.0,1007284781083.3965,0.0,1.0870341380858117e-06,1.0441171393481889e-06,0.008939868296723174,0.014204513845908106,4.95880351514222,0.0,4.95880351514222,1.0,6.74119648485778,0.3,0.0018,0.051800000000000006,0.373659824242889,0.39887415662340897,0.0,1007284781083.3965
1632,25.0,0.0,1007445623339.9095,0.0,9.169951298964725e-07,1.0452118338908392e-06,0.007041042934410154,0.012791194414868503,5.030103459790041,0.0,5.030103459790041,1.0,6.669896540209959,0.3,0.0018,0.051800000000000006,0.37009482701049795,0.4046093516562131,0.0,1007445623339.9095
1633,25.0,0.0,999235776080.3712,0.0,1.0942807507086935e-06,1.0313251175038598e-06,0.010885631450247773,0.005167627723637677,4.9548822252640905,0.0,4.9548822252640905,1.0,6.74511777473591,0.3,0.0018,0.051800000000000006,0.3738558887367955,0.3985587375534178,0.0,999235776080.3712
1634,25.0,0.0,996890167060.5465,0.0,1.0379536893985035e-06,9.358690343792626e-07,0.011016544208097424,0.014169762745289069,4.952751178423881,0.0,4.952751178423881,1.0,6.747248821576119,0.3,0.0018,0.051800000000000006,0.373962441078806,0.3983873213017922,0.0,996890167060.5465
1635,25.0,0.0,1000622952685.8225,0.0,9.068083562380285e-07,9.66733078228507e-07,0.013779569853919892,0.007254797958000386,5.033431183159355,0.0,5.033431183159355,1.0,6.666568816840646,0.3,0.0018,0.051800000000000006,0.3699284408420323,0.40487702567240624,0.0,1000622952685.8225
1636,25.0,0.0,1004834150279.6366,0.0,9.224051601452567e-07,1.089874280653054e-06,0.009919620291435342,0.012450808348030029,4.95765503982886,0.0,4.95765503982886,1.0,6.74234496017114,0.3,0.0018,0.051800000000000006,0.37371724800855705,0.39878177604800996,0.0,1004834150279.6366
1637,25.0,0.0,1003476483571.1676,0.0,1.0492566871031432e-06,1.0009984522037005e-06,0.008485972566474062,0.012868918174796604,5.0175174121313315,0.0,5.0175174121313315,1.0,6.682482587868669,0.3,0.0018,0.051800000000000006,0.37072412939343347,0.4035969604352744,0.0,1003476483571.1676
1638,25.0,0.0,1000896567196.1202,0.0,1.0636111385574955e-06,9.716375145480393e-07,0.009649192505462584,0.014573330686953882,5.0592806592190875,0.0,5.0592806592190875,1.0,6.640719340780913,0.3,0.0018,0.051800000000000006,0.36863596703904566,0.4069562949822303,0.0,1000896567196.1202
1639,25.0,0.0,997288410387.2395,0.0,1.085483462379053e-06,1.06046804816052e-06,0.007757084460602621,0.013870648066352315,4.929932168891105,0.0,4.929932168891105,1.0,6.7700678311088955,0.3,0.0018,0.051800000000000006,0.3751033915554448,0.3965518153869936,0.0,997288410387.2395
1640,25.0,0.0,1000704792118.0914,0.0,9.450808973686918e-07,9.409111405571512e-07,0.01303566591792155,0.005761967978398436,4.998992906579307,0.0,4.998992906579307,1.0,6.701007093420693,0.3,0.0018,0.051800000000000006,0.3716503546710347,0.402106894029867,0.0,1000704792118.0914
1641,25.0,0.0,995545888383.4402,0.0,9.9120412065891e-07,9.598883668892207e-07,0.013313519979802051,0.00585795141290802,5.039954096821046,0.0,5.039954096821046,1.0,6.660045903178954,0.3,0.0018,0.051800000000000006,0.3696022951589477,0.405401713064756,0.0,995545888383.4402
1642,25.0,0.0,990111181707.391,0.0,1.0244529968055189e-06,1.0154600665293802e-06,0.013150152921990125,0.006121640080838112,4.987333400643887,0.0,4.987333400643887,1.0,6.712666599356113,0.3,0.0018,0.051800000000000006,0.37223332996780567,0.40116903158332423,0.0,990111181707.391
1643,25.0,0.0,999966888064.7753,0.0,1.05278168809798e-06,1.0559220788597285e-06,0.013880812995058608,0.013438573991830429,4.987163496929644,0.0,4.987163496929644,1.0,6.712836503070356,0.3,0.0018,0.051800000000000006,0.37224182515351784,0.40115536493964316,0.0,999966888064.7753
1644,25.0,0.0,992359229328.4026,0.0,1.0203527059401014e-06,9.116010407611825e-07,0.011768682790089725,0.007831010358971017,4.935389781307502,0.0,4.935389781307502,1.0,6.764610218692498,0.3,0.0018,0.051800000000000006,0.37483051093462494,0.39699081252473467,0.0,992359229328.4026
1645,25.0,0.0,1000345685886.4298,0.0,1.0153765473885207e-06,9.013218150635919e-07,0.014264083012971177,0.00767305157725052,5.055650990524554,0.0,5.055650990524554,1.0,6.644349009475446,0.3,0.0018,0.051800000000000006,0.36881745047377235,0.406664333214652,0.0,1000345685886.4298
1646,25.0,0.0,999028166092.0531,0.0,1.0885123401001275e-06,1.004218963033686e-06,0.008554607136665962,0.005445545399171811,5.012556420760807,0.0,5.012556420760807,1.0,6.6874435792391935,0.3,0.0018,0.051800000000000006,0.3709721789619597,0.4031979102928576,0.0,999028166092.0531
1647,25.0,0.0,999601184456.8,0.0,1.0696421056429792e-06,9.196555223355508e-07,0.009408463077562448,0.013937174310123118,4.988668294747954,0.0,4.988668294747954,1.0,6.7113317052520465,0.3,0.0018,0.051800000000000006,0.3721665852626023,0.40127640723519575,0.0,999601184456.8
1648,25.0,0.0,994651871733.7959,0.0,9.79405684237923e-07,1.018606665731813e-06,0.00828039482065853,0.0102711905375959,4.932392870453375,0.0,4.932392870453375,1.0,6.767607129546625,0.3,0.0018,0.051800000000000006,0.37498035647733124,0.3967497482668416,0.0,994651871733.7959
1649,25.0,0.0,996699038468.6716,0.0,9.075820334087612e-07,9.335337339473782e-07,0.007095918941257922,0.009404917685298005,4.962025214356843,0.0,4.962025214356843,1.0,6.737974785643157,0.3,0.0018,0.051800000000000006,0.3734987392821579,0.3991333023131309,0.0,996699038468.6716
1650,25.0,0.0,1004877439556.0645,0.0,9.552360190455042e-07,1.070888967273393e-06,0.011118221794274023,0.011146667010074237,4.956927267757468,0.0,4.956927267757468,1.0,6.743072732242532,0.3,0.0018,0.051800000000000006,0.3737536366121266,0.39872323582347713,0.0,1004877439556.0645
1651,25.0,0.0,994756420620.8116,0.0,9.617109024511515e-07,9.303832307922698e-07,0.006516138537734724,0.0062722777871116065,4.990962511844956,0.0,4.990962511844956,1.0,6.709037488155044,0.3,0.0018,0.051800000000000006,0.3720518744077522,0.40146094850747716,0.0,994756420620.8116
1652,25.0,0.0,995966058458.391,0.0,1.0870850826883168e-06,1.0738095220366967e-06,0.010764298399384555,0.00918070312638725,5.029754400662376,0.0,5.029754400662376,1.0,6.670245599337624,0.3,0.0018,0.051800000000000006,0.37011227996688123,0.40458127418455403,0.0,995966058458.391
1653,25.0,0.0,991986154481.7064,0.0,9.020958307788768e-07,1.0529276959281348e-06,0.0058491660388657,0.006066165743662869,5.042256030501729,0.0,5.042256030501729,1.0,6.657743969498271,0.3,0.0018,0.051800000000000006,0.36948719847491357,0.4055868750403579,0.0,991986154481.7064
1654,25.0,0.0,1006411703854.2039,0.0,9.915024511312573e-07,1.0992597374109075e-06,0.008575799396391073,0.006715077666207983,5.0518964664679835,0.0,5.0518964664679835,1.0,6.648103533532017,0.3,0.0018,0.051800000000000006,0.3690051766766009,0.4063623283838468,0.0,1006411703854.2039
1655,25.0,0.0,991223326889.8081,0.0,9.080545322447925e-07,1.020402192060482e-06,0.013318641811164995,0.009026607836086716,4.938604317450653,0.0,4.938604317450653,1.0,6.761395682549347,0.3,0.0018,0.051800000000000006,0.3746697841274674,0.3972493820343189,0.0,991223326889.8081
1656,25.0,0.0,1002869438495.2823,0.0,9.206047434502706e-07,9.840353555051055e-07,0.011425145268187654,0.007588612091900347,4.986062042979271,0.0,4.986062042979271,1.0,6.713937957020729,0.3,0.0018,0.051800000000000006,0.3722968978510365,0.4010667666489118,0.0,1002869438495.2823
1657,25.0,0.0,990617219431.3114,0.0,1.0552161828931049e-06,9.497008157500061e-07,0.01317711446064614,0.009669078257018238,4.995938170579592,0.0,4.995938170579592,1.0,6.704061829420408,0.3,0.0018,0.051800000000000006,0.3718030914710204,0.4018611784571744,0.0,990617219431.3114
1658,25.0,0.0,994769611843.0474,0.0,1.0343819752337537e-06,9.939885079585767e-07,0.013094068807001268,0.009576747085743062,4.987221601267226,0.0,4.987221601267226,1.0,6.712778398732774,0.3,0.0018,0.051800000000000006,0.3722389199366387,0.4011600387119712,0.0,994769611843.0474
1659,25.0,0.0,1006608738892.9692,0.0,1.0804255446703291e-06,9.053818302474701e-07,0.010222523352322085,0.005583285621510843,5.041941068196445,0.0,5.041941068196445,1.0,6.658058931803555,0.3,0.0018,0.051800000000000006,0.36950294659017774,0.40556154023459184,0.0,1006608738892.9692
1660,25.0,0.0,1008328922051.8188,0.0,9.35663992994783e-07,1.0593355537509801e-06,0.009414796068083493,0.005131767383427567,4.998014745516175,0.0,4.998014745516175,1.0,6.701985254483825,0.3,0.0018,0.051800000000000006,0.37169926272419124,0.40202821312067044,0.0,1008328922051.8188
1661,25.0,0.0,1005168561009.5999,0.0,9.91382463467657e-07,9.646565170050894e-07,0.012265400015621562,0.008689184177383654,4.9505130660092975,0.0,4.9505130660092975,1.0,6.749486933990703,0.3,0.0018,0.051800000000000006,0.37407434669953515,0.3982072929544158,0.0,1005168561009.5999
1662,25.0,0.0,995667782242.7477,0.0,9.266840141461124e-07,9.110355689135447e-07,0.014766923541996314,0.010367768272606104,5.0344466690931045,0.0,5.0344466690931045,1.0,6.665553330906896,0.3,0.0018,0.051800000000000006,0.3698776665453448,0.40495870890388547,0.0,995667782242.7477
1663,25.0,0.0,1005978118203.2244,0.0,1.0483523700481068e-06,1.042346625332556e-06,0.0093223378658202,0.013413201258087946,4.938325606268502,0.0,4.938325606268502,1.0,6.761674393731498,0.3,0.0018,0.051800000000000006,0.37468371968657493,0.3972269631811858,0.0,1005978118203.2244
1664,25.0,0.0,1001319478315.9558,0.0,1.021003911990895e-06,9.051163060724932e-07,0.01222604845523096,0.014290245062036393,5.021301791796584,0.0,5.021301791796584,1.0,6.678698208203416,0.3,0.0018,0.051800000000000006,0.37053491041017084,0.4039013667790045,0.0,1001319478315.9558
1665,25.0,0.0,1007225845659.6792,0.0,9.948327054217362e-07,1.0696067010059463e-06,0.01410398574931455,0.006468414992597465,4.952229856938723,0.0,4.952229856938723,1.0,6.7477701430612775,0.3,0.0018,0.051800000000000006,0.3739885071530639,0.39834538746289594,0.0,1007225845659.6792
1666,25.0,0.0,1007499623145.158,0.0,9.226536350786462e-07,9.607496459934332e-07,0.013570230064776315,0.008475549782700148,4.9404210864634095,0.0,4.9404210864634095,1.0,6.759578913536591,0.3,0.0018,0.051800000000000006,0.37457894567682953,0.39739551853791905,0.0,1007499623145.158
1667,25.0,0.0,999869590660.3828,0.0,9.625264745159877e-07,1.0907162559347214e-06,0.009319574880986264,0.009415992548060931,4.947960440306632,0.0,4.947960440306632,1.0,6.752039559693368,0.3,0.0018,0.051800000000000006,0.3742019779846684,0.3980019659191306,0.0,999869590660.3828
1668,25.0,0.0,1005723979488.0653,0.0,1.0787304524314249e-06,9.760517834125645e-07,0.013643295798219338,0.0053156555058470265,4.977084543534456,0.0,4.977084543534456,1.0,6.722915456465544,0.3,0.0018,0.051800000000000006,0.3727457728232772,0.4003446383151911,0.0,1005723979488.0653
1669,25.0,0.0,1005128480824.4076,0.0,1.0631009818924598e-06,1.041511637644426e-06,0.007542209544651783,0.00966236900694864,5.024105749682924,0.0,5.024105749682924,1.0,6.675894250317076,0.3,0.0018,0.051800000000000006,0.3703947125158538,0.4041269103670306,0.0,1005128480824.4076
1670,25.0,0.0,999476892807.7566,0.0,9.429164074825763e-07,1.0692113117718583e-06,0.005087209542231121,0.013691303619968336,4.933338212840598,0.0,4.933338212840598,1.0,6.766661787159403,0.3,0.0018,0.051800000000000006,0.37493308935797015,0.39682578932115486,0.0,999476892807.7566
1671,25.0,0.0,998152307536.448,0.0,9.200597669051566e-07,1.0023084452870374e-06,0.010824740179990092,0.013908685972372409,4.939043210950879,0.0,4.939043210950879,1.0,6.760956789049121,0.3,0.0018,0.051800000000000006,0.3746478394524561,0.39728468556554686,0.0,998152307536.448
1672,25.0,0.0,1009598601637.2015,0.0,1.069299012339178e-06,1.0034365058849575e-06,0.010642991220864982,0.013585800940806518,5.0554438379385145,0.0,5.0554438379385145,1.0,6.644556162061486,0.3,0.0018,0.051800000000000006,0.3688278081030743,0.4066476703618496,0.0,1009598601637.2015
1673,25.0,0.0,1007592597180.0177,0.0,9.585278753809942e-07,1.0952227067907215e-06,0.010447761599639952,0.00676463860041692,5.000458344979929,0.0,5.000458344979929,1.0,6.699541655020071,0.3,0.0018,0.051800000000000006,0.3715770827510036,0.4022247703490934,0.0,1007592597180.0177
1674,25.0,0.0,1006243534520.4694,0.0,9.907049973944816e-07,9.041138112374016e-07,0.013881561236662506,0.0067390607551862484,5.018731204275146,0.0,5.018731204275146,1.0,6.681268795724854,0.3,0.0018,0.051800000000000006,0.3706634397862427,0.403694594938477,0.0,1006243534520.4694
1675,25.0,0.0,1001268332456.6282,0.0,1.0252219932046334e-06,9.180600493541629e-07,0.0086676795100744,0.010465934359346517,4.973779613884727,0.0,4.973779613884727,1.0,6.726220386115274,0.3,0.0018,0.051800000000000006,0.3729110193057637,0.4000787977706505,0.0,1001268332456.6282
1676,25.0,0.0,1006573683486.0608,0.0,1.053878512997175e-06,9.366930881570378e-07,0.010280152804121624,0.008205243729639227,5.020600165396556,0.0,5.020600165396556,1.0,6.679399834603444,0.3,0.0018,0.051800000000000006,0.37056999173017224,0.4038449296490151,0.0,1006573683486.0608
1677,25.0,0.0,1001471677327.3289,0.0,1.042354065783159e-06,1.0214791079006501e-06,0.013291586904463411,0.007196825677617766,5.019911369129669,0.0,5.019911369129669,1.0,6.680088630870332,0.3,0.0018,0.051800000000000006,0.3706044315435166,0.4037895245438923,0.0,1001471677327.3289
1678,25.0,0.0,990489388189.8253,0.0,1.0303403803665838e-06,9.92127867288432e-07,0.007379715957137508,0.009643492516794357,5.052461678823429,0.0,5.052461678823429,1.0,6.6475383211765715,0.3,0.0018,0.051800000000000006,0.3689769160588286,0.40640779269815225,0.0,990489388189.8253
1679,25.0,0.0,1009806710430.0026,0.0,9.067936684253311e-07,1.0060663935204028e-06,0.005654130268478835,0.014239049236577105,4.991231736902755,0.0,4.991231736902755,1.0,6.708768263097245,0.3,0.0018,0.051800000000000006,0.3720384131548623,0.4014826043197196,0.0,1009806710430.0026
1680,25.0,0.0,1001376379607.843,0.0,1.0597910001071094e-06,9.982420689693167e-07,0.010664628913141605,0.013408047476545205,4.952772316082743,0.0,4.952772316082743,1.0,6.747227683917258,0.3,0.0018,0.051800000000000006,0.3739613841958629,0.3983890215639272,0.0,1001376379607.843
1681,25.0,0.0,1005722564823.892,0.0,1.059034040779749e-06,1.000151318718362e-06,0.010617634499482245,0.010643859382791731,4.933425108343658,0.0,4.933425108343658,1.0,6.766574891656342,0.3,0.0018,0.051800000000000006,0.3749287445828171,0.396832778985172,0.0,1005722564823.892
1682,25.0,0.0,998245362389.7856,0.0,1.0889737244053096e-06,9.092543536634723e-07,0.009496803656738197,0.00861274132847898,4.9409674139292115,0.0,4.9409674139292115,1.0,6.759032586070789,0.3,0.0018,0.051800000000000006,0.37455162930353947,0.3974394637973947,0.0,998245362389.7856
1683,25.0,0.0,996229763083.7881,0.0,9.070347213448571e-07,1.0961791980672403e-06,0.013359320164086644,0.007143302208112139,5.014932073090188,0.0,5.014932073090188,1.0,6.685067926909812,0.3,0.0018,0.051800000000000006,0.37085339634549064,0.403389002018194,0.0,996229763083.7881
1684,25.0,0.0,997075035841.8566,0.0,9.294188101866875e-07,9.236421219444817e-07,0.007498052781194243,0.012412597453470313,4.979989883961734,0.0,4.979989883961734,1.0,6.720010116038266,0.3,0.0018,0.051800000000000006,0.37260050580191334,0.40057833686950883,0.0,997075035841.8566
1685,25.0,0.0,993882113346.9915,0.0,9.216750503736907e-07,1.0335681454432813e-06,0.009007018523489061,0.011712709136176256,4.982259421552323,0.0,4.982259421552323,1.0,6.717740578447677,0.3,0.0018,0.051800000000000006,0.3724870289223839,0.40076089298200795,0.0,993882113346.9915
1686,25.0,0.0,1007865946236.2435,0.0,9.085084419930962e-07,1.0124808843764364e-06,0.007243542303810963,0.009592031231841196,5.045347130909316,0.0,5.045347130909316,1.0,6.654652869090684,0.3,0.0018,0.051800000000000006,0.36933264345453426,0.4058355156780337,0.0,1007865946236.2435
1687,25.0,0.0,1009557438173.153,0.0,9.078776780709627e-07,1.0638850299620949e-06,0.007212938700568607,0.006762388089970244,4.935501488294974,0.0,4.935501488294974,1.0,6.7644985117050265,0.3,0.0018,0.051800000000000006,0.3748249255852513,0.3969997979645249,0.0,1009557438173.153
1688,25.0,0.0,996055430639.3291,0.0,1.0503084338656212e-06,1.087553343729468e-06,0.005940500786801476,0.00650381832488147,5.013476376578685,0.0,5.013476376578685,1.0,6.686523623421315,0.3,0.0018,0.051800000000000006,0.37092618117106574,0.40327190931295737,0.0,996055430639.3291
1689,25.0,0.0,1002491044610.9208,0.0,9.435198574916063e-07,1.0335971128194024e-06,0.011458696658472132,0.013596161262583142,4.972062124364599,0.0,4.972062124364599,1.0,6.727937875635401,0.3,0.0018,0.051800000000000006,0.3729968937817701,0.3999406470692245,0.0,1002491044610.9208
1690,25.0,0.0,994783890839.8252,0.0,1.0350324175336928e-06,9.548856825244547e-07,0.009517999953646392,0.00935777727256493,5.041026435255655,0.0,5.041026435255655,1.0,6.658973564744345,0.3,0.0018,0.051800000000000006,0.36954867823721727,0.4054879693738461,0.0,994783890839.8252
1691,25.0,0.0,993686816271.2762,0.0,1.03607377259419e-06,1.0002253017387167e-06,0.010420295417844103,0.008150581890551687,4.971998401895056,0.0,4.971998401895056,1.0,6.728001598104944,0.3,0.0018,0.051800000000000006,0.37300007990524725,0.39993552138795496,0.0,993686816271.2762
1692,25.0,0.0,1005430066293.8658,0.0,1.0768949369310998e-06,9.520289384399595e-07,0.010061790518162039,0.0053898951152923195,5.061875986258218,0.0,5.061875986258218,1.0,6.638124013741782,0.3,0.0018,0.051800000000000006,0.3685062006870891,0.4071650568097022,0.0,1005430066293.8658
1693,25.0,0.0,1004653784019.732,0.0,1.0207720537504468e-06,1.0601843820810491e-06,0.005902944447040643,0.01458816889290299,5.058783020375198,0.0,5.058783020375198,1.0,6.641216979624803,0.3,0.0018,0.051800000000000006,0.36866084898124013,0.4069162661176961,0.0,1004653784019.732
1694,25.0,0.0,995886221848.7864,0.0,9.240324844476797e-07,1.0508333463332113e-06,0.006536396659928137,0.013668239349242318,4.9610835428769215,0.0,4.9610835428769215,1.0,6.738916457123079,0.3,0.0018,0.051800000000000006,0.37354582285615395,0.3990575565377189,0.0,995886221848.7864
1695,25.0,0.0,1004227302561.0162,0.0,9.39533562412344e-07,9.339393207725556e-07,0.008057951224684941,0.014412114341283935,4.997993251688649,0.0,4.997993251688649,1.0,6.7020067483113515,0.3,0.0018,0.051800000000000006,0.37170033741556757,0.40202648420918985,0.0,1004227302561.0162
1696,25.0,0.0,990378028394.1088,0.0,9.220122948452164e-07,9.054023991338324e-07,0.006029797059358329,0.008185215163924063,5.0376295552157435,0.0,5.0376295552157435,1.0,6.662370444784257,0.3,0.0018,0.051800000000000006,0.36971852223921287,0.4052147325623989,0.0,990378028394.1088
1697,25.0,0.0,1002410850576.0249,0.0,9.367974016944118e-07,1.058853541135795e-06,0.013648652170480752,0.014764841316517369,5.0462824037028735,0.0,5.0462824037028735,1.0,6.653717596297127,0.3,0.0018,0.051800000000000006,0.36928587981485633,0.4059107467585967,0.0,1002410850576.0249
1698,25.0,0.0,1006299841056.0757,0.0,9.330394801092591e-07,1.0872828300800763e-06,0.006556986261058785,0.012771033854090865,4.985788888139473,0.0,4.985788888139473,1.0,6.714211111860527,0.3,0.0018,0.051800000000000006,0.37231055559302634,0.4010447947345136,0.0,1006299841056.0757
1699,25.0,0.0,1004501165754.7694,0.0,1.0800756770677696e-06,9.376796834487912e-07,0.006093560779750014,0.006962202984848658,4.936786305087407,0.0,4.936786305087407,1.0,6.763213694912594,0.3,0.0018,0.051800000000000006,0.3747606847456297,0.39710314551861375,0.0,1004501165754.7694
1700,25.0,0.0,994017018911.8939,0.0,9.493508791403574e-07,9.444586680381075e-07,0.011723097804076842,0.008987652304398288,5.050321873070047,0.0,5.050321873070047,1.0,6.649678126929953,0.3,0.0018,0.051800000000000006,0.3690839063464977,0.4062356719007438,0.0,994017018911.8939
1701,25.0,0.0,1001958465512.3939,0.0,9.728965921104924e-07,1.0472941443048468e-06,0.009158329803771537,0.010430733977784996,5.0350550041697355,0.0,5.0350550041697355,1.0,6.664944995830265,0.3,0.0018,0.051800000000000006,0.36984724979151323,0.40500764190554506,0.0,1001958465512.3939
1702,25.0,0.0,991904270319.8524,0.0,1.0215612530370279e-06,9.653859320778558e-07,0.0057628151339283555,0.014258024620299178,4.972250558082149,0.0,4.972250558082149,1.0,6.727749441917851,0.3,0.0018,0.051800000000000006,0.37298747209589256,0.3999558042215371,0.0,991904270319.8524
1703,25.0,0.0,1001547064181.9316,0.0,1.0685706164423557e-06,1.0365533567253632e-06,0.005039149058094067,0.010656746116660284,4.95977520152296,0.0,4.95977520152296,1.0,6.7402247984770405,0.3,0.0018,0.051800000000000006,0.37361123992385203,0.3989523167248198,0.0,1001547064181.9316
1704,25.0,0.0,994098287204.1085,0.0,1.0146761481906674e-06,9.418370219440072e-07,0.014791274396872413,0.010464415666111154,4.949820825818956,0.0,4.949820825818956,1.0,6.750179174181044,0.3,0.0018,0.051800000000000006,0.3741089587090522,0.3981516108284231,0.0,994098287204.1085
1705,25.0,0.0,998484204616.8444,0.0,9.922253444449598e-07,9.560207102308978e-07,0.006617836130436515,0.010789277033684264,5.0591300295076325,0.0,5.0591300295076325,1.0,6.640869970492368,0.3,0.0018,0.051800000000000006,0.3686434985246184,0.40694417869269883,0.0,998484204616.8444
1706,25.0,0.0,998016979521.1085,0.0,9.615880771774154e-07,1.0338753185228171e-06,0.007902342834910103,0.013405583190951663,4.996607632031107,0.0,4.996607632031107,1.0,6.703392367968894,0.3,0.0018,0.051800000000000006,0.3717696183984447,0.4019150283165305,0.0,998016979521.1085
1707,25.0,0.0,1003656206172.9884,0.0,1.0616130711850608e-06,1.013412849078878e-06,0.007972331000174743,0.007981424046513561,5.056299663478754,0.0,5.056299663478754,1.0,6.643700336521246,0.3,0.0018,0.051800000000000006,0.36878501682606235,0.40671651089758315,0.0,1003656206172.9884
1708,25.0,0.0,996541196003.8435,0.0,9.660059505274897e-07,1.090660277846632e-06,0.005364740301567258,0.008533188766403164,5.0551191570540865,0.0,5.0551191570540865,1.0,6.644880842945914,0.3,0.0018,0.051800000000000006,0.3688440421472957,0.40662155381709186,0.0,996541196003.8435
1709,25.0,0.0,1007975036321.3723,0.0,9.211542390592778e-07,1.0160359819738694e-06,0.007233951883399255,0.00715138271764858,5.017310598035534,0.0,5.017310598035534,1.0,6.682689401964466,0.3,0.0018,0.051800000000000006,0.3707344700982233,0.4035803248098081,0.0,1007975036321.3723
1710,25.0,0.0,995116434685.2576,0.0,1.0108988464736265e-06,9.43021766252323e-07,0.014264656527218051,0.013228965304067516,4.964793834554887,0.0,4.964793834554887,1.0,6.735206165445113,0.3,0.0018,0.051800000000000006,0.3733603082722557,0.39935600342301214,0.0,995116434685.2576
1711,25.0,0.0,995852862440.9396,0.0,9.329610440909135e-07,1.0374032277425535e-06,0.010573373258277936,0.013944624815519231,4.96113128384698,0.0,4.96113128384698,1.0,6.7388687161530205,0.3,0.0018,0.051800000000000006,0.37354343580765104,0.3990613967058381,0.0,995852862440.9396
1712,25.0,0.0,992922173670.1617,0.0,1.0434893393738816e-06,1.0592383309298326e-06,0.01248043623372088,0.007428191747726869,4.946098495703035,0.0,4.946098495703035,1.0,6.753901504296965,0.3,0.0018,0.051800000000000006,0.3742950752148483,0.3978521956003085,0.0,992922173670.1617
1713,25.0,0.0,996610306572.0154,0.0,1.032012140424294e-06,9.400126141706328e-07,0.0104283516239164,0.005148800500256189,5.001327478343237,0.0,5.001327478343237,1.0,6.698672521656763,0.3,0.0018,0.051800000000000006,0.3715336260828382,0.40229468133391544,0.0,996610306572.0154
1714,25.0,0.0,1004436275988.8806,0.0,1.0579044793277654e-06,1.0582454908751321e-06,0.011634095483331146,0.014292967359036617,5.0454880291499205,0.0,5.0454880291499205,1.0,6.65451197085008,0.3,0.0018,0.051800000000000006,0.369325598542504,0.4058468491915959,0.0,1004436275988.8806
1715,25.0,0.0,996998464448.7274,0.0,1.0907427240395272e-06,1.0231196736895624e-06,0.008129390594201287,0.014415177383854384,5.030040720924455,0.0,5.030040720924455,1.0,6.669959279075545,0.3,0.0018,0.051800000000000006,0.3700979639537773,0.4046043050936659,0.0,996998464448.7274
1716,25.0,0.0,996884257956.0553,0.0,9.958445691379502e-07,1.0847261746598374e-06,0.007656633594009844,0.008333067468663127,5.024024027500596,0.0,5.024024027500596,1.0,6.675975972499404,0.3,0.0018,0.051800000000000006,0.3703987986249702,0.40412033683241605,0.0,996884257956.0553
1717,25.0,0.0,994197670378.1091,0.0,1.0554594208808862e-06,9.692139534975767e-07,0.008576348080796282,0.009695338706663354,5.026069924962904,0.0,5.026069924962904,1.0,6.673930075037096,0.3,0.0018,0.051800000000000006,0.3702965037518548,0.4042849038741075,0.0,994197670378.1091
1718,25.0,0.0,991083335835.6028,0.0,9.116102703504931e-07,1.076194785004354e-06,0.005432544353474988,0.006278324313788026,4.952027655772557,0.0,4.952027655772557,1.0,6.747972344227443,0.3,0.0018,0.051800000000000006,0.3739986172113722,0.39832912289032796,0.0,991083335835.6028
1719,25.0,0.0,1003109640137.5455,0.0,1.004900562027295e-06,1.0064979481694417e-06,0.008193050979496842,0.013006804243058487,4.94157293421773,0.0,4.94157293421773,1.0,6.7584270657822705,0.3,0.0018,0.051800000000000006,0.37452135328911357,0.397488170384309,0.0,1003109640137.5455
1720,25.0,0.0,994283616376.5243,0.0,9.251920775961825e-07,9.201235590527043e-07,0.013259108114395967,0.006182991280941373,5.016208002486823,0.0,5.016208002486823,1.0,6.683791997513177,0.3,0.0018,0.051800000000000006,0.3707895998756589,0.4034916346916685,0.0,994283616376.5243
1721,25.0,0.0,1004151000736.1644,0.0,1.079093622101863e-06,9.82779778907207e-07,0.007982274489840983,0.011727820215628657,5.03269608818491,0.0,5.03269608818491,1.0,6.6673039118150905,0.3,0.0018,0.051800000000000006,0.3699651955907545,0.4048178964112701,0.0,1004151000736.1644
1722,25.0,0.0,993126610190.1338,0.0,1.0913818106663245e-06,9.833248924686786e-07,0.014962061815944346,0.0067641460449583924,5.044414918856268,0.0,5.044414918856268,1.0,6.655585081143732,0.3,0.0018,0.051800000000000006,0.36937925405718663,0.40576053079603186,0.0,993126610190.1338
1723,25.0,0.0,992186525786.2173,0.0,9.171331626354583e-07,1.02034962418316e-06,0.01498148809158931,0.008747546132352589,4.949441756378939,0.0,4.949441756378939,1.0,6.750558243621061,0.3,0.0018,0.051800000000000006,0.37412791218105307,0.39812111939985034,0.0,992186525786.2173
1724,25.0,0.0,1001379235736.6854,0.0,1.050140948107565e-06,9.17602458298672e-07,0.01123040282764022,0.009256989489503818,4.944076252976487,0.0,4.944076252976487,1.0,6.755923747023513,0.3,0.0018,0.051800000000000006,0.3743961873511757,0.39768953128832746,0.0,1001379235736.6854
1725,25.0,0.0,998800405912.6238,0.0,1.0018633168820972e-06,9.571508904197085e-07,0.01453601277938157,0.014440440377498705,4.939343209207752,0.0,4.939343209207752,1.0,6.760656790792249,0.3,0.0018,0.051800000000000006,0.37463283953961246,0.3973088166994652,0.0,998800405912.6238
1726,25.0,0.0,992132883251.1447,0.0,9.069902620155198e-07,1.0177714141121754e-06,0.014331876418681867,0.00868209737485458,5.001293776107674,0.0,5.001293776107674,1.0,6.6987062238923265,0.3,0.0018,0.051800000000000006,0.37153531119461636,0.40229197040763137,0.0,992132883251.1447
1727,25.0,0.0,1006051493374.8673,0.0,1.0106973523929035e-06,9.70928655423583e-07,0.012478720780737577,0.01202038661957203,5.029818448417113,0.0,5.029818448417113,1.0,6.670181551582887,0.3,0.0018,0.051800000000000006,0.3701090775791444,0.4045864260309775,0.0,1006051493374.8673
1728,25.0,0.0,1003021703673.7295,0.0,1.0150512708075145e-06,1.073360949364645e-06,0.007487985792700026,0.005558067893613765,5.0693755180810705,0.0,5.0693755180810705,1.0,6.63062448191893,0.3,0.0018,0.051800000000000006,0.3681312240959465,0.4077683010039471,0.0,1003021703673.7295
1729,25.0,0.0,1002245698739.0845,0.0,1.0129907861125278e-06,1.0642017450985614e-06,0.012212902632345335,0.010251121336606706,4.979498538493043,0.0,4.979498538493043,1.0,6.720501461506958,0.3,0.0018,0.051800000000000006,0.3726250730753479,0.40053881422884835,0.0,1002245698739.0845
1730,25.0,0.0,1009035336169.4789,0.0,1.05037048853244e-06,1.0016995229062673e-06,0.008085143846547993,0.014910934489623804,4.932046156628719,0.0,4.932046156628719,1.0,6.767953843371282,0.3,0.0018,0.051800000000000006,0.3749976921685641,0.396721859445682,0.0,1009035336169.4789
1731,25.0,0.0,991530528194.0413,0.0,1.0388483947355784e-06,9.216657259586867e-07,0.013010251105497122,0.011250609939521133,4.940128639232541,0.0,4.940128639232541,1.0,6.759871360767459,0.3,0.0018,0.051800000000000006,0.37459356803837296,0.3973719947902623,0.0,991530528194.0413
1732,25.0,0.0,1005952025911.1554,0.0,9.005659873433172e-07,1.0085807294456304e-06,0.00982803684264951,0.011430764029925052,4.930226608323049,0.0,4.930226608323049,1.0,6.769773391676951,0.3,0.0018,0.051800000000000006,0.37508866958384757,0.39657549938248465,0.0,1005952025911.1554
1733,25.0,0.0,1003770761923.2297,0.0,9.556527158420508e-07,9.432135089125791e-07,0.011831255973810626,0.005271127361338026,5.008517499754168,0.0,5.008517499754168,1.0,6.691482500245832,0.3,0.0018,0.051800000000000006,0.37117412501229163,0.40287302925950513,0.0,1003770761923.2297
1734,25.0,0.0,1000405961786.6493,0.0,1.0128643211098485e-06,9.297947672452687e-07,0.009056929120913562,0.010104263353048051,4.929755154206574,0.0,4.929755154206574,1.0,6.770244845793426,0.3,0.0018,0.051800000000000006,0.3751122422896713,0.39653757675406803,0.0,1000405961786.6493
1735,25.0,0.0,1009121471256.2208,0.0,9.417390734499157e-07,9.609661648457675e-07,0.013907640374569052,0.009068571636928723,4.970269071961393,0.0,4.970269071961393,1.0,6.729730928038607,0.3,0.0018,0.051800000000000006,0.37308654640193034,0.3997964182723128,0.0,1009121471256.2208
1736,25.0,0.0,1000976290226.1661,0.0,1.0249716421485312e-06,1.0462199346980826e-06,0.008249883855452713,0.011364171860232423,5.003649305444149,0.0,5.003649305444149,1.0,6.696350694555851,0.3,0.0018,0.051800000000000006,0.37141753472779254,0.40248144348810727,0.0,1000976290226.1661
1737,25.0,0.0,1005091803356.6171,0.0,1.0440809182928e-06,9.489613120942153e-07,0.009305262251359893,0.00886868425444869,4.930373289894823,0.0,4.930373289894823,1.0,6.769626710105177,0.3,0.0018,0.051800000000000006,0.37508133550525885,0.3965872980932129,0.0,1005091803356.6171
1738,25.0,0.0,990078475724.0176,0.0,9.287748850015706e-07,1.0001904334770529e-06,0.01284677823134045,0.01104481369099809,4.950402683807398,0.0,4.950402683807398,1.0,6.749597316192602,0.3,0.0018,0.051800000000000006,0.37407986580963015,0.3981984140771716,0.0,990078475724.0176
1739,25.0,0.0,1007095290322.8835,0.0,9.067842801072039e-07,1.0215896412885815e-06,0.007257685101439066,0.012808950739445914,5.026982256404919,0.0,5.026982256404919,1.0,6.673017743595081,0.3,0.0018,0.051800000000000006,0.3702508871797541,0.4043582896078603,0.0,1007095290322.8835
1740,25.0,0.0,1001690947902.9708,0.0,1.0283786764948088e-06,9.363488692397368e-07,0.012993081795089588,0.01193698624213715,5.0716909666512375,0.0,5.0716909666512375,1.0,6.628309033348763,0.3,0.0018,0.051800000000000006,0.36801545166743815,0.407954550084559,0.0,1001690947902.9708
1741,25.0,0.0,1006429820532.0475,0.0,1.0266399529229882e-06,1.007095210546575e-06,0.006688218722675568,0.006651217092602432,5.046529643188097,0.0,5.046529643188097,1.0,6.653470356811903,0.3,0.0018,0.051800000000000006,0.3692735178405952,0.40593063410457664,0.0,1006429820532.0475
1742,25.0,0.0,1004653344540.0897,0.0,9.819035326162533e-07,9.056641367048414e-07,0.01301776668293017,0.0062570720380644125,4.967118122623956,0.0,4.967118122623956,1.0,6.732881877376045,0.3,0.0018,0.051800000000000006,0.37324409386880225,0.39954296353152796,0.0,1004653344540.0897
1743,25.0,0.0,995102783007.8984,0.0,9.171864404191337e-07,9.321380775834694e-07,0.009383175148817851,0.012876731278415505,5.057653840841492,0.0,5.057653840841492,1.0,6.6423461591585085,0.3,0.0018,0.051800000000000006,0.36871730795792546,0.4068254376481251,0.0,995102783007.8984
1744,25.0,0.0,990336922852.1392,0.0,9.232692403769868e-07,1.082072548120974e-06,0.01435307207359392,0.008030282177037976,5.04915628027745,0.0,5.04915628027745,1.0,6.65084371972255,0.3,0.0018,0.051800000000000006,0.3691421859861275,0.4061419144367318,0.0,990336922852.1392
1745,25.0,0.0,1002055363186.5688,0.0,9.616188098011447e-07,9.002281552292005e-07,0.014767916772031788,0.009139834174505031,4.989639915176507,0.0,4.989639915176507,1.0,6.710360084823493,0.3,0.0018,0.051800000000000006,0.37211800424117464,0.4013545620315723,0.0,1002055363186.5688
1746,25.0,0.0,996039732246.2397,0.0,1.0654725039894392e-06,9.966754352692805e-07,0.011724742936467211,0.013605047001191455,4.927658356892783,0.0,4.927658356892783,1.0,6.772341643107217,0.3,0.0018,0.051800000000000006,0.37521708215536087,0.3963689154514787,0.0,996039732246.2397
1747,25.0,0.0,1008936434999.7292,0.0,9.644844674395835e-07,1.032295748522504e-06,0.014257929886612331,0.014926693614493905,4.987510647587852,0.0,4.987510647587852,1.0,6.712489352412148,0.3,0.0018,0.051800000000000006,0.3722244676206074,0.40118328889863675,0.0,1008936434999.7292
1748,25.0,0.0,1003879507344.772,0.0,1.059729862488884e-06,9.691686089512206e-07,0.014632640157139394,0.006203465870380314,4.999095502264424,0.0,4.999095502264424,1.0,6.700904497735576,0.3,0.0018,0.051800000000000006,0.3716452248867788,0.4021151465785412,0.0,1003879507344.772
1749,25.0,0.0,1005157815593.5789,0.0,9.154258866588349e-07,9.359703306873492e-07,0.010322390206551036,0.011945476010634188,5.002126179831587,0.0,5.002126179831587,1.0,6.697873820168414,0.3,0.0018,0.051800000000000006,0.3714936910084207,0.40235892694913017,0.0,1005157815593.5789
1750,25.0,0.0,1005717617986.7023,0.0,1.0077578261094185e-06,9.937916280535831e-07,0.007653454157457466,0.007763734647440481,4.934525118087499,0.0,4.934525118087499,1.0,6.7654748819125015,0.3,0.0018,0.051800000000000006,0.37487374409562507,0.39692126110742426,0.0,1005717617986.7023
1751,25.0,0.0,995971226963.4856,0.0,9.771625111648398e-07,1.0021394415508017e-06,0.008864731007611815,0.007901911132443753,4.925877610737015,0.0,4.925877610737015,1.0,6.774122389262986,0.3,0.0018,0.051800000000000006,0.3753061194631493,0.39622567653933516,0.0,995971226963.4856
1752,25.0,0.0,1004397806074.1884,0.0,9.005662679907474e-07,1.0350079213688514e-06,0.006186407040339387,0.009579650576825215,5.052017312133717,0.0,5.052017312133717,1.0,6.647982687866283,0.3,0.0018,0.051800000000000006,0.36899913439331417,0.4063720489168048,0.0,1004397806074.1884
1753,25.0,0.0,1001616716562.3673,0.0,9.039020530670809e-07,1.0173646156322771e-06,0.009948904640075053,0.007153170021724888,4.998567130038125,0.0,4.998567130038125,1.0,6.7014328699618755,0.3,0.0018,0.051800000000000006,0.3716716434980938,0.40207264559508726,0.0,1001616716562.3673
1754,25.0,0.0,996642288823.3126,0.0,1.0569556336100813e-06,1.0425556687186834e-06,0.01388559040702101,0.01441325736866551,4.953376674644955,0.0,4.953376674644955,1.0,6.746623325355046,0.3,0.0018,0.051800000000000006,0.3739311662677523,0.39843763470438825,0.0,996642288823.3126
1755,25.0,0.0,990900485508.6083,0.0,9.009766880002495e-07,1.0828176952535068e-06,0.012181694497416028,0.010654991724649825,4.989335145845184,0.0,4.989335145845184,1.0,6.710664854154817,0.3,0.0018,0.051800000000000006,0.37213324270774084,0.4013300471239691,0.0,990900485508.6083
1756,25.0,0.0,1006145859150.2778,0.0,9.043749866575603e-07,9.109368770124519e-07,0.006983649857201166,0.01155217596087065,5.018592379429912,0.0,5.018592379429912,1.0,6.681407620570088,0.3,0.0018,0.051800000000000006,0.3706703810285044,0.40368342820382175,0.0,1006145859150.2778
1757,25.0,0.0,991862132842.5625,0.0,9.961754239370486e-07,9.837668399945057e-07,0.005255649931948984,0.012277996416202207,5.040736326615046,0.0,5.040736326615046,1.0,6.659263673384954,0.3,0.0018,0.051800000000000006,0.36956318366924773,0.4054646337367315,0.0,991862132842.5625
1758,25.0,0.0,1002128842464.6973,0.0,1.0231164012318724e-06,9.868254118833495e-07,0.013780698554954018,0.012185132266906143,4.941574997471535,0.0,4.941574997471535,1.0,6.758425002528465,0.3,0.0018,0.051800000000000006,0.3745212501264233,0.3974883363474529,0.0,1002128842464.6973
1759,25.0,0.0,1008711368440.6401,0.0,9.055155921281592e-07,1.046872541020212e-06,0.006307343689710464,0.013772674829572784,5.067249546133611,0.0,5.067249546133611,1.0,6.6327504538663895,0.3,0.0018,0.051800000000000006,0.3682375226933195,0.40759729296441527,0.0,1008711368440.6401
1760,25.0,0.0,1002041260156.6595,0.0,9.16716556402918e-07,1.0857686997668633e-06,0.008291865347544423,0.00812847773700403,4.953698716374923,0.0,4.953698716374923,1.0,6.746301283625077,0.3,0.0018,0.051800000000000006,0.37391506418125386,0.39846353896194686,0.0,1002041260156.6595
1761,25.0,0.0,996988647397.0752,0.0,1.061073905936472e-06,9.845220100392279e-07,0.014677880500881427,0.01401216729609335,5.038917701339029,0.0,5.038917701339029,1.0,6.661082298660971,0.3,0.0018,0.051800000000000006,0.36965411493304856,0.4053183479198061,0.0,996988647397.0752
1762,25.0,0.0,1009745087737.2175,0.0,1.076313800609863e-06,9.816283678692387e-07,0.014713240007093818,0.011535913715875565,4.939475072437069,0.0,4.939475072437069,1.0,6.7605249275629316,0.3,0.0018,0.051800000000000006,0.3746262463781466,0.3973194234585802,0.0,1009745087737.2175
1763,25.0,0.0,997901514473.7222,0.0,9.464404388962725e-07,1.0901135556163449e-06,0.005999230446351405,0.011648115470741714,5.069852833422575,0.0,5.069852833422575,1.0,6.630147166577425,0.3,0.0018,0.051800000000000006,0.36810735832887126,0.4078066950951235,0.0,997901514473.7222
1764,25.0,0.0,1009820609492.916,0.0,1.0564527694581214e-06,9.063970387559473e-07,0.00927310378519044,0.007882653535049121,5.048627800099574,0.0,5.048627800099574,1.0,6.651372199900426,0.3,0.0018,0.051800000000000006,0.3691686099950213,0.40609940476991424,0.0,1009820609492.916
1765,25.0,0.0,1008631173756.3783,0.0,1.0907682544429146e-06,9.201529414338442e-07,0.008470175468825175,0.011302736647971823,4.976221430580122,0.0,4.976221430580122,1.0,6.723778569419879,0.3,0.0018,0.051800000000000006,0.37278892847099393,0.4002752115975001,0.0,1008631173756.3783
1766,25.0,0.0,1006570116598.8268,0.0,9.364153392377692e-07,9.104628055857819e-07,0.009908518389068262,0.00637533618845984,4.972789548708066,0.0,4.972789548708066,1.0,6.727210451291934,0.3,0.0018,0.051800000000000006,0.3729605225645967,0.3999991593233644,0.0,1006570116598.8268
1767,25.0,0.0,1006441518946.9402,0.0,1.0136048482677545e-06,9.333320259133875e-07,0.008757469112067578,0.009279189441451754,5.0664411136718055,0.0,5.0664411136718055,1.0,6.633558886328195,0.3,0.0018,0.051800000000000006,0.36827794431640976,0.40753226461324044,0.0,1006441518946.9402
1768,25.0,0.0,1002855896812.6688,0.0,9.118318248184173e-07,1.0631975335685248e-06,0.007168975557141391,0.00653107952063957,5.059830037801017,0.0,5.059830037801017,1.0,6.640169962198983,0.3,0.0018,0.051800000000000006,0.36860849810994917,0.40700048566610497,0.0,1002855896812.6688
1769,25.0,0.0,991744568197.7877,0.0,1.0241793802781138e-06,1.0725552098982924e-06,0.013226064972295486,0.011851643430860377,4.98208213856314,0.0,4.98208213856314,1.0,6.71791786143686,0.3,0.0018,0.051800000000000006,0.37249589307184305,0.4007466327673053,0.0,991744568197.7877
1770,25.0,0.0,999939395974.1582,0.0,1.0911123780937706e-06,9.628839039823624e-07,0.005021407649923053,0.014016903038374415,5.0115576319806,0.0,5.0115576319806,1.0,6.6884423680194,0.3,0.0018,0.051800000000000006,0.37102211840097005,0.4031175701400096,0.0,999939395974.1582
1771,25.0,0.0,998092113480.5209,0.0,9.501929416326354e-07,1.0402997890368315e-06,0.007336149226738757,0.007091278271398728,4.926743697539057,0.0,4.926743697539057,1.0,6.773256302460943,0.3,0.0018,0.051800000000000006,0.3752628151230472,0.39629534246614034,0.0,998092113480.5209
1772,25.0,0.0,1005287131133.6069,0.0,9.355648967464113e-07,1.0136254941897674e-06,0.0072544359057477095,0.009255022800541954,5.058231209257932,0.0,5.058231209257932,1.0,6.641768790742068,0.3,0.0018,0.051800000000000006,0.36868843953710345,0.40687187976656464,0.0,1005287131133.6069
1773,25.0,0.0,995629668986.4427,0.0,1.0505897968599868e-06,1.013578076909558e-06,0.01122760169824237,0.014751133193791507,4.977248138025081,0.0,4.977248138025081,1.0,6.72275186197492,0.3,0.0018,0.051800000000000006,0.372737593098746,0.4003577974601899,0.0,995629668986.4427
1774,25.0,0.0,994705198918.5388,0.0,1.0232021783977922e-06,9.595232272755146e-07,0.011954783464808744,0.012007271617384019,4.993319070172899,0.0,4.993319070172899,1.0,6.706680929827101,0.3,0.0018,0.051800000000000006,0.3719340464913551,0.4016505043575369,0.0,994705198918.5388
1775,25.0,0.0,999372098876.0015,0.0,9.151869150499523e-07,1.0959636318861532e-06,0.005334509114082813,0.007080963558963841,5.031246178198154,0.0,5.031246178198154,1.0,6.668753821801846,0.3,0.0018,0.051800000000000006,0.3700376910900923,0.4047012691600832,0.0,999372098876.0015
1776,25.0,0.0,993079533580.9775,0.0,1.015786678262029e-06,9.128957223584125e-07,0.009601342354016069,0.007085029280160455,5.07015478969736,0.0,5.07015478969736,1.0,6.62984521030264,0.3,0.0018,0.051800000000000006,0.368092260515132,0.4078309837272652,0.0,993079533580.9775
1777,25.0,0.0,999636944716.9364,0.0,1.0912985701412293e-06,9.682563755632972e-07,0.012487663732110785,0.009474664771755136,5.024114242208831,0.0,5.024114242208831,1.0,6.675885757791169,0.3,0.0018,0.051800000000000006,0.37039428788955847,0.40412759348526633,0.0,999636944716.9364
1778,25.0,0.0,991672327187.5503,0.0,1.0918860637527034e-06,1.057691323934959e-06,0.0074495924997100725,0.010291472368374629,5.03213490865251,0.0,5.03213490865251,1.0,6.66786509134749,0.3,0.0018,0.051800000000000006,0.36999325456737453,0.4047727564874928,0.0,991672327187.5503
1779,25.0,0.0,1004367638391.4541,0.0,1.0052688716933316e-06,9.420176343372464e-07,0.00503077601015526,0.011902637355650038,5.031089728943186,0.0,5.031089728943186,1.0,6.668910271056814,0.3,0.0018,0.051800000000000006,0.3700455135528407,0.4046886847605523,0.0,1004367638391.4541
1780,25.0,0.0,1004791606501.3148,0.0,1.028916067362221e-06,1.092628112094017e-06,0.01494440985277784,0.013016244017715391,5.074892886305881,0.0,5.074892886305881,1.0,6.625107113694119,0.3,0.0018,0.051800000000000006,0.36785535568470595,0.4082121047543341,0.0,1004791606501.3148
1781,25.0,0.0,1008352725087.4044,0.0,9.220224146687471e-07,9.60544529359753e-07,0.007606451204299855,0.013552616593777086,4.959986803146021,0.0,4.959986803146021,1.0,6.74001319685398,0.3,0.0018,0.051800000000000006,0.373600659842699,0.3989693374473955,0.0,1008352725087.4044
1782,25.0,0.0,991522389734.2753,0.0,9.98212555307181e-07,9.380867448058482e-07,0.007708207378237415,0.012980837470871615,5.020100972026763,0.0,5.020100972026763,1.0,6.679899027973237,0.3,0.0018,0.051800000000000006,0.3705949513986619,0.4038047757421785,0.0,991522389734.2753
1783,25.0,0.0,1008013687260.1772,0.0,1.0436224074699723e-06,9.892001009234467e-07,0.01481160150759812,0.012100702967863058,4.988543708747999,0.0,4.988543708747999,1.0,6.711456291252001,0.3,0.0018,0.051800000000000006,0.3721728145626001,0.401266385838803,0.0,1008013687260.1772
1784,25.0,0.0,1004799303870.8867,0.0,9.84725499938781e-07,1.0014701007260345e-06,0.0069154733903684295,0.010953962455338483,4.980487482253861,0.0,4.980487482253861,1.0,6.719512517746139,0.3,0.0018,0.051800000000000006,0.37257562588730697,0.40061836247215743,0.0,1004799303870.8867
1785,25.0,0.0,993295668663.6799,0.0,9.562937142016187e-07,9.05731125804005e-07,0.005404630798288275,0.009291774925858715,4.993169135922271,0.0,4.993169135922271,1.0,6.706830864077729,0.3,0.0018,0.051800000000000006,0.3719415432038865,0.40163844400919163,0.0,993295668663.6799
1786,25.0,0.0,999706855569.855,0.0,9.696142389826552e-07,9.203925467699808e-07,0.00562915693890242,0.007083066249974421,5.030086319174235,0.0,5.030086319174235,1.0,6.669913680825765,0.3,0.0018,0.051800000000000006,0.3700956840412883,0.40460797290655043,0.0,999706855569.855
1787,25.0,0.0,1005128385849.8081,0.0,9.62522417601852e-07,9.011622990335501e-07,0.011471374812877945,0.007897131876148468,4.9625150152591875,0.0,4.9625150152591875,1.0,6.737484984740813,0.3,0.0018,0.051800000000000006,0.37347424923704065,0.39917270071261163,0.0,1005128385849.8081
1788,25.0,0.0,990648694796.9879,0.0,9.612013444112868e-07,9.7868401012413e-07,0.005809349039434217,0.00904065214453321,5.070833193615282,0.0,5.070833193615282,1.0,6.629166806384718,0.3,0.0018,0.051800000000000006,0.3680583403192359,0.4078855528969822,0.0,990648694796.9879
1789,25.0,0.0,996149432920.2471,0.0,1.0222456299920397e-06,9.508900125210619e-07,0.006519475254952001,0.01196228673943648,5.055420466567828,0.0,5.055420466567828,1.0,6.6445795334321724,0.3,0.0018,0.051800000000000006,0.36882897667160863,0.4066457904253401,0.0,996149432920.2471
1790,25.0,0.0,1000611993633.9984,0.0,1.0852711463534774e-06,9.046725179214268e-07,0.009120982177081918,0.007041254795701949,5.074515317813678,0.0,5.074515317813678,1.0,6.625484682186322,0.3,0.0018,0.051800000000000006,0.36787423410931613,0.40818173405837177,0.0,1000611993633.9984
1791,25.0,0.0,995917596102.5233,0.0,9.058500880124288e-07,9.376079413035151e-07,0.011168737542309263,0.012930067120583082,5.057544627967336,0.0,5.057544627967336,1.0,6.642455372032664,0.3,0.0018,0.051800000000000006,0.3687227686016332,0.40681665282877544,0.0,995917596102.5233
1792,25.0,0.0,999096548039.075,0.0,1.0727938506104205e-06,9.675896830772363e-07,0.006992784537553653,0.009091970630999528,5.031584506234854,0.0,5.031584506234854,1.0,6.6684154937651465,0.3,0.0018,0.051800000000000006,0.37002077468825734,0.4047284834487495,0.0,999096548039.075
1793,25.0,0.0,993452259340.7079,0.0,1.0101786038327135e-06,9.731544037983846e-07,0.006993194550641228,0.014952478221984387,5.032877643063733,0.0,5.032877643063733,1.0,6.667122356936267,0.3,0.0018,0.051800000000000006,0.36995611784681337,0.4048325002464393,0.0,993452259340.7079
1794,25.0,0.0,993985646879.3649,0.0,9.222171298523206e-07,9.459302741427473e-07,0.006167797049329309,0.008777317008865625,4.9979292888754765,0.0,4.9979292888754765,1.0,6.702070711124524,0.3,0.0018,0.051800000000000006,0.3717035355562262,0.40202133919526034,0.0,993985646879.3649
1795,25.0,0.0,995079907726.6942,0.0,1.0816245637057606e-06,1.0919599424007288e-06,0.006809832338848848,0.007457511462353713,5.018574841603611,0.0,5.018574841603611,1.0,6.681425158396389,0.3,0.0018,0.051800000000000006,0.3706712579198195,0.40368201750350796,0.0,995079907726.6942
1796,25.0,0.0,991473944240.6289,0.0,1.0609356284019973e-06,9.517771325318377e-07,0.014335338871257881,0.012919355078990509,4.936619060804761,0.0,4.936619060804761,1.0,6.7633809391952395,0.3,0.0018,0.051800000000000006,0.374769046959762,0.39708969279317574,0.0,991473944240.6289
1797,25.0,0.0,1008303883155.8699,0.0,1.0373090260709434e-06,1.0365403693228398e-06,0.007851825018957436,0.014335391552007085,5.063416498733059,0.0,5.063416498733059,1.0,6.636583501266941,0.3,0.0018,0.051800000000000006,0.36842917506334705,0.40728897190581237,0.0,1008303883155.8699
1798,25.0,0.0,990942314615.8143,0.0,9.276268665847735e-07,1.0191529387386115e-06,0.012980993792046938,0.014484657602736189,4.9513043118914215,0.0,4.9513043118914215,1.0,6.748695688108579,0.3,0.0018,0.051800000000000006,0.374034784405429,0.39827093885870507,0.0,990942314615.8143
1799,25.0,0.0,1009780943337.6176,0.0,9.961428258380056e-07,1.015113071060489e-06,0.010621744113330918,0.007543607531431503,4.952808604144013,0.0,4.952808604144013,1.0,6.747191395855987,0.3,0.0018,0.051800000000000006,0.3739595697927994,0.39839194048777454,0.0,1009780943337.6176
1800,25.0,0.0,1001150561797.2872,0.0,1.0457889583231352e-06,1.0135879465714072e-06,0.010322637654140474,0.014512937670892463,4.973361430307048,0.0,4.973361430307048,1.0,6.726638569692952,0.3,0.0018,0.051800000000000006,0.3729319284846476,0.4000451600954833,0.0,1001150561797.2872
1801,25.0,0.0,1004738472945.5454,0.0,9.416769914568919e-07,9.003021112857234e-07,0.012069439640037536,0.011627007035505739,5.024811067471935,0.0,5.024811067471935,1.0,6.675188932528065,0.3,0.0018,0.051800000000000006,0.37035944662640324,0.40418364442341825,0.0,1004738472945.5454
1802,25.0,0.0,1001426695802.1212,0.0,1.0037536082936857e-06,1.0029185589237792e-06,0.013236228882333737,0.00933489022670736,4.990412815364942,0.0,4.990412815364942,1.0,6.709587184635058,0.3,0.0018,0.051800000000000006,0.37207935923175295,0.40141673225264973,0.0,1001426695802.1212
1803,25.0,0.0,994845719800.8749,0.0,9.275933312692065e-07,1.0706782117480002e-06,0.006833233767300172,0.009256033488983639,5.072588244690251,0.0,5.072588244690251,1.0,6.627411755309749,0.3,0.0018,0.051800000000000006,0.36797058776548747,0.40802672495899706,0.0,994845719800.8749
1804,25.0,0.0,999894678990.5532,0.0,1.0904982758210006e-06,1.0098462736278453e-06,0.013806410219243354,0.013691069419867506,4.927195187441105,0.0,4.927195187441105,1.0,6.7728048125588955,0.3,0.0018,0.051800000000000006,0.3752402406279448,0.396331659221453,0.0,999894678990.5532
1805,25.0,0.0,1000697280910.8301,0.0,9.77793379665938e-07,1.0629276247246194e-06,0.006731911150072665,0.012012764745763828,4.994049411408091,0.0,4.994049411408091,1.0,6.705950588591909,0.3,0.0018,0.051800000000000006,0.3718975294295955,0.40170925123938955,0.0,1000697280910.8301
1806,25.0,0.0,992820614634.6771,0.0,9.174648797765643e-07,1.0646093561554987e-06,0.01306659130936897,0.005800619971207824,5.058229579659527,0.0,5.058229579659527,1.0,6.641770420340473,0.3,0.0018,0.051800000000000006,0.36868852101702365,0.40687174868561193,0.0,992820614634.6771
1807,25.0,0.0,1009006591362.7366,0.0,1.032952388160638e-06,9.349631492473933e-07,0.01317455849604603,0.013419133415604238,5.071751210779475,0.0,5.071751210779475,1.0,6.6282487892205255,0.3,0.0018,0.051800000000000006,0.3680124394610263,0.40795939597646996,0.0,1009006591362.7366
1808,25.0,0.0,1003159272025.5615,0.0,9.25115557126229e-07,9.297590837430196e-07,0.01436437238928405,0.01183649238345345,4.932569142645356,0.0,4.932569142645356,1.0,6.767430857354644,0.3,0.0018,0.051800000000000006,0.3749715428677322,0.396763927175463,0.0,1003159272025.5615
1809,25.0,0.0,996183586113.0145,0.0,1.0453151958404084e-06,1.0352064171678893e-06,0.009630808988142357,0.010123899006990667,4.931481152062465,0.0,4.931481152062465,1.0,6.7685188479375356,0.3,0.0018,0.051800000000000006,0.3750259423968768,0.39667641184543634,0.0,996183586113.0145
1810,25.0,0.0,995701024009.4991,0.0,1.0297893794712897e-06,9.858515241442638e-07,0.009258024084279243,0.0065918699135147875,5.069279535236543,0.0,5.069279535236543,1.0,6.630720464763457,0.3,0.0018,0.051800000000000006,0.3681360232381729,0.40776058037616975,0.0,995701024009.4991
1811,25.0,0.0,993804095283.5947,0.0,9.872257492921709e-07,9.827299878036204e-07,0.013750948853890669,0.012594798497934531,5.002981257933377,0.0,5.002981257933377,1.0,6.697018742066623,0.3,0.0018,0.051800000000000006,0.37145093710333116,0.4024277073627234,0.0,993804095283.5947
1812,25.0,0.0,1009129243293.8247,0.0,1.0520295852972867e-06,1.0798185816307632e-06,0.014643087558707375,0.005822747662708233,5.074600824870587,0.0,5.074600824870587,1.0,6.625399175129413,0.3,0.0018,0.051800000000000006,0.36786995875647066,0.4081886120391399,0.0,1009129243293.8247
1813,25.0,0.0,998263342506.538,0.0,1.0608420417047956e-06,1.0308870113093226e-06,0.00700705168821494,0.011099110371340058,4.9461749152582195,0.0,4.9461749152582195,1.0,6.753825084741781,0.3,0.0018,0.051800000000000006,0.37429125423708903,0.3978583426044256,0.0,998263342506.538
1814,25.0,0.0,1002713681414.8806,0.0,9.191197057301541e-07,9.517416331950715e-07,0.011070298321546133,0.014316828139709227,5.041868529635053,0.0,5.041868529635053,1.0,6.658131470364947,0.3,0.0018,0.051800000000000006,0.3695065735182474,0.40555570540822494,0.0,1002713681414.8806
1815,25.0,0.0,992234147595.5032,0.0,1.0001707010033258e-06,9.201021692408503e-07,0.010349687301171792,0.011754102426652563,4.972985004440351,0.0,4.972985004440351,1.0,6.727014995559649,0.3,0.0018,0.051800000000000006,0.3729507497779825,0.40001488130955204,0.0,992234147595.5032
1816,25.0,0.0,990801910368.5897,0.0,1.0649550456253693e-06,1.099769526468496e-06,0.008703029139841674,0.0052012692650019714,4.998935465290816,0.0,4.998935465290816,1.0,6.701064534709184,0.3,0.0018,0.051800000000000006,0.37165322673545925,0.4021022735916036,0.0,990801910368.5897
1817,25.0,0.0,1004230063006.5538,0.0,1.052405646183634e-06,9.682411737845866e-07,0.010217635851137899,0.014227852797991703,4.955023589935554,0.0,4.955023589935554,1.0,6.744976410064446,0.3,0.0018,0.051800000000000006,0.3738488205032223,0.3985701085855497,0.0,1004230063006.5538
1818,25.0,0.0,999237567206.2083,0.0,9.074597340367881e-07,9.837906075173801e-07,0.01000601111368809,0.009063328673210871,4.966618885065584,0.0,4.966618885065584,1.0,6.733381114934416,0.3,0.0018,0.051800000000000006,0.3732690557467208,0.39950280607026895,0.0,999237567206.2083
1819,25.0,0.0,1007825594399.26,0.0,1.0292324871947532e-06,1.0633749723961756e-06,0.006651427777332663,0.008010976294581383,4.932588647446231,0.0,4.932588647446231,1.0,6.767411352553769,0.3,0.0018,0.051800000000000006,0.3749705676276885,0.3967654960944523,0.0,1007825594399.26
1820,25.0,0.0,996586247907.3115,0.0,9.171555427860865e-07,9.919424726672e-07,0.008514628653816365,0.007015828632314156,4.98087593855853,0.0,4.98087593855853,1.0,6.7191240614414705,0.3,0.0018,0.051800000000000006,0.37255620307207354,0.4006496089574107,0.0,996586247907.3115
1821,25.0,0.0,1006886680624.1692,0.0,9.96378566233889e-07,1.096345262830224e-06,0.0057202076353658395,0.007763392213362481,4.987506690561286,0.0,4.987506690561286,1.0,6.712493309438714,0.3,0.0018,0.051800000000000006,0.3722246654719357,0.401182970604994,0.0,1006886680624.1692
1822,25.0,0.0,1001359535275.6415,0.0,9.555130383906612e-07,1.0633707491177257e-06,0.010580005541276593,0.009904904829226912,4.96991201384382,0.0,4.96991201384382,1.0,6.73008798615618,0.3,0.0018,0.051800000000000006,0.37310439930780903,0.39976769738125967,0.0,1001359535275.6415
1823,25.0,0.0,1005270209761.9938,0.0,9.307667370512499e-07,1.05197263546856e-06,0.011633799879158684,0.01449238768401167,5.004412115242932,0.0,5.004412115242932,1.0,6.695587884757068,0.3,0.0018,0.051800000000000006,0.37137939423785343,0.4025428020626554,0.0,1005270209761.9938
1824,25.0,0.0,1003615604165.5593,0.0,9.275712957471649e-07,1.0973366472598262e-06,0.012203637027958552,0.011086258252298514,4.997213112527828,0.0,4.997213112527828,1.0,6.702786887472172,0.3,0.0018,0.051800000000000006,0.3717393443736086,0.4019637317026889,0.0,1003615604165.5593
1825,25.0,0.0,996522267962.8339,0.0,9.252050192196408e-07,9.042695089754401e-07,0.012558934151415504,0.007273086246251791,5.049801157860453,0.0,5.049801157860453,1.0,6.650198842139547,0.3,0.0018,0.051800000000000006,0.3691099421069774,0.406193786829187,0.0,996522267962.8339
1826,25.0,0.0,1004177280846.7189,0.0,1.0837922314812102e-06,9.968834387603304e-07,0.00878873886442777,0.007945651190301599,5.060543216034223,0.0,5.060543216034223,1.0,6.639456783965777,0.3,0.0018,0.051800000000000006,0.36857283919828887,0.4070578519976048,0.0,1004177280846.7189
1827,25.0,0.0,993883748951.5587,0.0,9.902131279448391e-07,9.209217350033358e-07,0.006259330043170523,0.007815091499156697,5.039997752743111,0.0,5.039997752743111,1.0,6.660002247256889,0.3,0.0018,0.051800000000000006,0.36960011236284446,0.40540522464149864,0.0,993883748951.5587
1828,25.0,0.0,999524043891.338,0.0,1.0431892572366406e-06,1.0586604070034802e-06,0.013935120000370269,0.013857459663901738,4.975683846071901,0.0,4.975683846071901,1.0,6.7243161539281,0.3,0.0018,0.051800000000000006,0.372815807696405,0.4002319696003781,0.0,999524043891.338
1829,25.0,0.0,992920139496.3901,0.0,9.628485956049549e-07,1.0520600087829325e-06,0.011941997921554634,0.014870552790268561,4.97893003566619,0.0,4.97893003566619,1.0,6.72106996433381,0.3,0.0018,0.051800000000000006,0.3726534982166905,0.4004930852369844,0.0,992920139496.3901
1830,25.0,0.0,1005645125228.6091,0.0,1.0895495968492905e-06,1.002509866505939e-06,0.012831449957744698,0.013272618244839166,4.996822267600662,0.0,4.996822267600662,1.0,6.703177732399338,0.3,0.0018,0.051800000000000006,0.3717588866199669,0.40193229308242134,0.0,1005645125228.6091
1831,25.0,0.0,1006218560285.4641,0.0,1.0132411638876838e-06,9.436295631746074e-07,0.014702231751803647,0.014469798701752475,5.0179730816869,0.0,5.0179730816869,1.0,6.6820269183131,0.3,0.0018,0.051800000000000006,0.370701345915655,0.4036336133918034,0.0,1006218560285.4641
1832,25.0,0.0,997509687498.5206,0.0,9.09181403637102e-07,1.0098243696382724e-06,0.011662324405631974,0.00609519973730649,4.9633396357544255,0.0,4.9633396357544255,1.0,6.736660364245575,0.3,0.0018,0.051800000000000006,0.37343301821227876,0.3992390311900278,0.0,997509687498.5206
1833,25.0,0.0,1009717340986.8889,0.0,1.0682878943329163e-06,9.344205930228333e-07,0.006308783953986425,0.012292035811756204,4.991880855716173,0.0,4.991880855716173,1.0,6.7081191442838275,0.3,0.0018,0.051800000000000006,0.3720059572141914,0.40153481786648754,0.0,1009717340986.8889
1834,25.0,0.0,994263877541.994,0.0,9.230620949341861e-07,9.557498427982993e-07,0.006662370114582886,0.008200472937724414,5.039824805877732,0.0,5.039824805877732,1.0,6.660175194122268,0.3,0.0018,0.051800000000000006,0.36960875970611345,0.4053913132141032,0.0,994263877541.994
1835,25.0,0.0,1001695321409.6646,0.0,9.968495206947123e-07,1.0327721208376533e-06,0.013518106554557558,0.006620366383488409,5.047119698355739,0.0,5.047119698355739,1.0,6.652880301644261,0.3,0.0018,0.051800000000000006,0.3692440150822131,0.4059780967145864,0.0,1001695321409.6646
1836,25.0,0.0,1000229310417.8171,0.0,9.179346210713075e-07,9.149821950923946e-07,0.00537233985043288,0.010735930241189824,4.948321191583191,0.0,4.948321191583191,1.0,6.751678808416809,0.3,0.0018,0.051800000000000006,0.37418394042084047,0.3980309838789568,0.0,1000229310417.8171
1837,25.0,0.0,995848163204.0023,0.0,9.819223751240165e-07,1.076314040256912e-06,0.008998191833412321,0.006083362960136229,5.072700213914376,0.0,5.072700213914376,1.0,6.627299786085624,0.3,0.0018,0.051800000000000006,0.36796498930428123,0.4080357314924691,0.0,995848163204.0023
1838,25.0,0.0,1007872415796.8842,0.0,9.993608933017312e-07,9.613432787586816e-07,0.009826338195621566,0.0071928195117018714,4.99673571469084,0.0,4.99673571469084,1.0,6.70326428530916,0.3,0.0018,0.051800000000000006,0.37176321426545805,0.40192533097577543,0.0,1007872415796.8842
1839,25.0,0.0,1005197783621.3936,0.0,1.0685140938608769e-06,9.172269689613107e-07,0.007115228799416588,0.010316918578787054,4.96363864912835,0.0,4.96363864912835,1.0,6.7363613508716504,0.3,0.0018,0.051800000000000006,0.37341806754358253,0.39926308310234476,0.0,1005197783621.3936
1840,25.0,0.0,997155440151.7515,0.0,1.0017672833045273e-06,1.095441742629678e-06,0.011785386264227609,0.006587661132426786,5.002144337889455,0.0,5.002144337889455,1.0,6.697855662110546,0.3,0.0018,0.051800000000000006,0.3714927831055273,0.40236038753937053,0.0,997155440151.7515
1841,25.0,0.0,1002757864015.2987,0.0,1.0408023398629019e-06,9.300340837094169e-07,0.014072785317152614,0.008222713327130725,4.93276130350865,0.0,4.93276130350865,1.0,6.76723869649135,0.3,0.0018,0.051800000000000006,0.3749619348245675,0.3967793841303612,0.0,1002757864015.2987
1842,25.0,0.0,990799640041.5809,0.0,1.0731647011940636e-06,9.02674635004261e-07,0.013100135033272436,0.014812064690993977,4.9295552241658624,0.0,4.9295552241658624,1.0,6.770444775834138,0.3,0.0018,0.051800000000000006,0.3751222387917069,0.3965214948653364,0.0,990799640041.5809
1843,25.0,0.0,1005942371725.879,0.0,1.0769645944146249e-06,1.0415864849805071e-06,0.007924516504603962,0.007243197820772698,5.001881658905693,0.0,5.001881658905693,1.0,6.6981183410943075,0.3,0.0018,0.051800000000000006,0.3715059170547154,0.4023392582774849,0.0,1005942371725.879
1844,25.0,0.0,993558496334.5377,0.0,1.0410029001289754e-06,9.662642939317487e-07,0.007376670815851867,0.0062813791300863585,4.941876943200853,0.0,4.941876943200853,1.0,6.758123056799147,0.3,0.0018,0.051800000000000006,0.37450615283995736,0.39751262413134275,0.0,993558496334.5377
1845,25.0,0.0,1009204252479.5393,0.0,9.051609721163663e-07,1.071065944768637e-06,0.008675873958503002,0.008429658829749597,4.942793091772457,0.0,4.942793091772457,1.0,6.757206908227543,0.3,0.0018,0.051800000000000006,0.3744603454113772,0.3975863169057639,0.0,1009204252479.5393
1846,25.0,0.0,1006459890591.3345,0.0,1.0759824705187934e-06,1.0245122315976153e-06,0.012792782297197486,0.011965392849047251,4.9943888636961,0.0,4.9943888636961,1.0,6.7056111363039,0.3,0.0018,0.051800000000000006,0.371880556815195,0.401736555960111,0.0,1006459890591.3345
1847,25.0,0.0,990134072398.5225,0.0,9.524319003645692e-07,1.0083645644000062e-06,0.006113323884108549,0.005230225015723401,4.927267956316335,0.0,4.927267956316335,1.0,6.772732043683665,0.3,0.0018,0.051800000000000006,0.37523660218418325,0.39633751257370775,0.0,990134072398.5225
1848,25.0,0.0,992647948417.0204,0.0,9.800545663145991e-07,1.0961496245181307e-06,0.01308694360217202,0.006467757544886305,4.987518409019159,0.0,4.987518409019159,1.0,6.7124815909808415,0.3,0.0018,0.051800000000000006,0.3722240795490421,0.4011839132093918,0.0,992647948417.0204
1849,25.0,0.0,999911795613.5107,0.0,1.0281779431319306e-06,9.714198328267106e-07,0.012050456231485224,0.007894853986634327,5.050320176633957,0.0,5.050320176633957,1.0,6.649679823366043,0.3,0.0018,0.051800000000000006,0.36908399116830215,0.4062355354435294,0.0,999911795613.5107
1850,25.0,0.0,1005693771055.4086,0.0,9.981526749069759e-07,9.175494623306088e-07,0.01286181890099284,0.009074782382325198,4.956210691325262,0.0,4.956210691325262,1.0,6.743789308674738,0.3,0.0018,0.051800000000000006,0.3737894654337369,0.39866559614907193,0.0,1005693771055.4086
1851,25.0,0.0,991751448973.6036,0.0,9.489323740488291e-07,1.002193011095929e-06,0.011672882617310237,0.006150893643986915,5.035911514079114,0.0,5.035911514079114,1.0,6.664088485920886,0.3,0.0018,0.051800000000000006,0.3698044242960443,0.4050765374902762,0.0,991751448973.6036
1852,25.0,0.0,1000566599833.3737,0.0,1.082179567453793e-06,9.223966647742574e-07,0.008687520530669004,0.010167714317696185,5.062996376885267,0.0,5.062996376885267,1.0,6.637003623114733,0.3,0.0018,0.051800000000000006,0.3684501811557367,0.407255178320887,0.0,1000566599833.3737
1853,25.0,0.0,1007724208110.2129,0.0,9.54238587160862e-07,1.02197852531152e-06,0.008559017548148033,0.011224075599225855,4.986452611256784,0.0,4.986452611256784,1.0,6.713547388743216,0.3,0.0018,0.051800000000000006,0.37227736943716083,0.4010981830161506,0.0,1007724208110.2129
1854,25.0,0.0,995406183577.4286,0.0,1.0448864870605177e-06,9.3170381904143e-07,0.012959061480773682,0.010829719616454271,4.947461078586812,0.0,4.947461078586812,1.0,6.752538921413188,0.3,0.0018,0.051800000000000006,0.3742269460706594,0.3979617984706252,0.0,995406183577.4286
1855,25.0,0.0,993532386918.4929,0.0,1.057101279953265e-06,1.0871432321169956e-06,0.008782499222541493,0.005788280753072328,4.940123461918079,0.0,4.940123461918079,1.0,6.7598765380819215,0.3,0.0018,0.051800000000000006,0.3745938269040961,0.3973715783396138,0.0,993532386918.4929
1856,25.0,0.0,998522629946.9159,0.0,9.931077131979156e-07,1.028709890576013e-06,0.010411391639047859,0.006642414241514775,4.99869329779157,0.0,4.99869329779157,1.0,6.70130670220843,0.3,0.0018,0.051800000000000006,0.3716653351104215,0.40208279422390364,0.0,998522629946.9159
1857,25.0,0.0,992213400620.8076,0.0,1.0060488356215894e-06,9.550870085099266e-07,0.011290316887113468,0.008727513826791601,4.9581102121498155,0.0,4.9581102121498155,1.0,6.741889787850185,0.3,0.0018,0.051800000000000006,0.37369448939250927,0.3988183890081898,0.0,992213400620.8076
1858,25.0,0.0,993152249410.1945,0.0,9.863517423881228e-07,1.0830140679445287e-06,0.006934009285154025,0.01376350234606473,5.047386495604861,0.0,5.047386495604861,1.0,6.6526135043951395,0.3,0.0018,0.051800000000000006,0.369230675219757,0.4059995572397732,0.0,993152249410.1945
1859,25.0,0.0,1003073657202.929,0.0,9.78052616837187e-07,1.0887684254727407e-06,0.012008208597422194,0.014658698775644907,5.051934546627979,0.0,5.051934546627979,1.0,6.648065453372022,0.3,0.0018,0.051800000000000006,0.3690032726686011,0.40636539145977946,0.0,1003073657202.929
1860,25.0,0.0,1002921584842.9054,0.0,1.0226819545326126e-06,9.150576801850383e-07,0.010825635189933014,0.006028351515867747,5.067395160518364,0.0,5.067395160518364,1.0,6.632604839481636,0.3,0.0018,0.051800000000000006,0.36823024197408183,0.40760900583320175,0.0,1002921584842.9054
1861,25.0,0.0,993956422654.6617,0.0,9.685062007658685e-07,1.0350772336017281e-06,0.011044097974593572,0.009993070900070586,4.9629111502166525,0.0,4.9629111502166525,1.0,6.737088849783348,0.3,0.0018,0.051800000000000006,0.3734544424891674,0.39920456485011685,0.0,993956422654.6617
1862,25.0,0.0,1007025317549.2465,0.0,1.0518498308216818e-06,9.639279913224623e-07,0.005380895104181537,0.014253359592438786,5.073801837748801,0.0,5.073801837748801,1.0,6.6261981622512,0.3,0.0018,0.051800000000000006,0.36790990811256,0.40812434344826254,0.0,1007025317549.2465
1863,25.0,0.0,998502930709.7944,0.0,1.0996202621931134e-06,1.0866457708923548e-06,0.014826088762827136,0.0064389625437014505,4.998788678798449,0.0,4.998788678798449,1.0,6.701211321201551,0.3,0.0018,0.051800000000000006,0.3716605660600776,0.4020904664413167,0.0,998502930709.7944
1864,25.0,0.0,998692036065.8317,0.0,9.077203209402113e-07,1.0223034353628585e-06,0.01359715516700262,0.0050279362654128195,4.948994701647158,0.0,4.948994701647158,1.0,6.751005298352842,0.3,0.0018,0.051800000000000006,0.37415026491764214,0.39808515939890265,0.0,998692036065.8317
1865,25.0,0.0,996867046903.3285,0.0,1.0487200191099679e-06,9.485850236490286e-07,0.011445773019008013,0.010591467410776472,4.989625712368989,0.0,4.989625712368989,1.0,6.710374287631011,0.3,0.0018,0.051800000000000006,0.3721187143815506,0.40135341959210014,0.0,996867046903.3285
1866,25.0,0.0,1001444886358.9192,0.0,9.872155493714174e-07,9.86006904494423e-07,0.009909659850294138,0.009520779121560397,4.9908536876460525,0.0,4.9908536876460525,1.0,6.709146312353948,0.3,0.0018,0.051800000000000006,0.3720573156176974,0.4014521949522243,0.0,1001444886358.9192
1867,25.0,0.0,992659049378.1901,0.0,1.0249692421544318e-06,9.09780135824655e-07,0.011589986997482541,0.008615142615058172,5.064464726657097,0.0,5.064464726657097,1.0,6.635535273342903,0.3,0.0018,0.051800000000000006,0.36837676366714517,0.40737328882376905,0.0,992659049378.1901
1868,25.0,0.0,1001356978039.479,0.0,1.0299616378145718e-06,1.075025811094222e-06,0.006600531992711423,0.014041803134312036,5.02423860418482,0.0,5.02423860418482,1.0,6.67576139581518,0.3,0.0018,0.051800000000000006,0.37038806979075906,0.40413759686171324,0.0,1001356978039.479
1869,25.0,0.0,1003737679347.0895,0.0,9.011171041954034e-07,1.0104676819098371e-06,0.012125326235727029,0.005137368891187114,5.039383883768427,0.0,5.039383883768427,1.0,6.660616116231573,0.3,0.0018,0.051800000000000006,0.36963080581157864,0.4053558465064694,0.0,1003737679347.0895
1870,25.0,0.0,1003778898926.955,0.0,1.0648074397537614e-06,1.0732450234517008e-06,0.009854769302784972,0.010074421679483215,4.985308154129953,0.0,4.985308154129953,1.0,6.714691845870047,0.3,0.0018,0.051800000000000006,0.37233459229350235,0.4010061256539537,0.0,1003778898926.955
1871,25.0,0.0,996097463515.7507,0.0,9.599832592889025e-07,1.0313425521585453e-06,0.013142183311115826,0.006643358269441413,4.963211377384285,0.0,4.963211377384285,1.0,6.736788622615715,0.3,0.0018,0.051800000000000006,0.37343943113078576,0.3992287143970628,0.0,996097463515.7507
1872,25.0,0.0,998137632489.1143,0.0,1.008323586993783e-06,9.106552555774327e-07,0.011250867496839782,0.012953041688883199,4.984020170236485,0.0,4.984020170236485,1.0,6.715979829763516,0.3,0.0018,0.051800000000000006,0.3723989914881758,0.4009025233459206,0.0,998137632489.1143
1873,25.0,0.0,990478124779.2185,0.0,1.06085191630884e-06,1.0775971861388416e-06,0.005894799406236246,0.006077584819046249,5.055912923589072,0.0,5.055912923589072,1.0,6.644087076410928,0.3,0.0018,0.051800000000000006,0.36880435382054644,0.40668540247659846,0.0,990478124779.2185
1874,25.0,0.0,1001465871302.6073,0.0,1.0287432339792163e-06,1.0890166307178795e-06,0.011757198941670516,0.009645351123091835,5.0691321482917235,0.0,5.0691321482917235,1.0,6.630867851708277,0.3,0.0018,0.051800000000000006,0.36814339258541384,0.4077487249269404,0.0,1001465871302.6073
1875,25.0,0.0,1003400930636.2626,0.0,9.614459765579937e-07,1.0231366960805434e-06,0.007156160161868635,0.005381891845942991,5.017693053316983,0.0,5.017693053316983,1.0,6.682306946683017,0.3,0.0018,0.051800000000000006,0.37071534733415085,0.40361108858727346,0.0,1003400930636.2626
1876,25.0,0.0,995222911578.0924,0.0,1.0791402782319409e-06,9.173129605591283e-07,0.012863186854547584,0.00656095055120349,4.974411468076896,0.0,4.974411468076896,1.0,6.725588531923104,0.3,0.0018,0.051800000000000006,0.3728794265961552,0.4001296225930579,0.0,995222911578.0924
1877,25.0,0.0,991504686817.2607,0.0,1.0587255078546552e-06,1.0993666580756049e-06,0.014346042489953269,0.009346424233848225,4.945008202181266,0.0,4.945008202181266,1.0,6.754991797818734,0.3,0.0018,0.051800000000000006,0.37434958989093675,0.3977644950274506,0.0,991504686817.2607
1878,25.0,0.0,1007211328216.657,0.0,9.397882735976138e-07,9.877906743541645e-07,0.013935328009522342,0.009516738317704446,5.033406935899658,0.0,5.033406935899658,1.0,6.666593064100343,0.3,0.0018,0.051800000000000006,0.36992965320501714,0.404875075281504,0.0,1007211328216.657
1879,25.0,0.0,998818241089.9229,0.0,1.0508812111756019e-06,9.8635163572308e-07,0.007676174254286655,0.006391270390837452,4.925205454156284,0.0,4.925205454156284,1.0,6.774794545843716,0.3,0.0018,0.051800000000000006,0.37533972729218584,0.396171609890306,0.0,998818241089.9229
1880,25.0,0.0,1003798755819.6218,0.0,1.0473891332462418e-06,1.044646553440471e-06,0.014943206147241189,0.014625977393209904,4.965327079269385,0.0,4.965327079269385,1.0,6.734672920730615,0.3,0.0018,0.051800000000000006,0.3733336460365308,0.3993988963376275,0.0,1003798755819.6218
1881,25.0,0.0,1007912133414.2257,0.0,9.68028833776284e-07,1.0060693056842145e-06,0.011134505036831874,0.010957326378148747,5.042961158320989,0.0,5.042961158320989,1.0,6.657038841679011,0.3,0.0018,0.051800000000000006,0.36945194208395055,0.40564359381603843,0.0,1007912133414.2257
1882,25.0,0.0,991692604481.4437,0.0,1.0180006321554007e-06,9.4458651317007e-07,0.014777431886978665,0.014397342737288297,5.0518588732510565,0.0,5.0518588732510565,1.0,6.648141126748944,0.3,0.0018,0.051800000000000006,0.3690070563374472,0.40635930447643637,0.0,991692604481.4437
1883,25.0,0.0,994556097448.9918,0.0,1.0747519937021834e-06,1.0653262697802174e-06,0.014809383833349374,0.01348252101454097,5.019854887088973,0.0,5.019854887088973,1.0,6.680145112911027,0.3,0.0018,0.051800000000000006,0.37060725564555136,0.40378498126520057,0.0,994556097448.9918
1884,25.0,0.0,999473990535.9275,0.0,9.346550780355504e-07,1.0831035015857705e-06,0.01183790730486856,0.008123090904464194,5.057863938824083,0.0,5.057863938824083,1.0,6.6421360611759175,0.3,0.0018,0.051800000000000006,0.3687068030587959,0.40684233742149956,0.0,999473990535.9275
1885,25.0,0.0,997708844125.1112,0.0,9.02523514096294e-07,1.0075804045510019e-06,0.012607968058338668,0.014688245135866036,5.058834025506235,0.0,5.058834025506235,1.0,6.641165974493765,0.3,0.0018,0.051800000000000006,0.36865829872468825,0.40692036884702665,0.0,997708844125.1112
1886,25.0,0.0,992989613780.017,0.0,1.0497859670936451e-06,1.0811772900658302e-06,0.014497829060251894,0.013249761077662119,4.955735932356707,0.0,4.955735932356707,1.0,6.744264067643293,0.3,0.0018,0.051800000000000006,0.37381320338216467,0.3986274076863503,0.0,992989613780.017
1887,25.0,0.0,1001639381597.8824,0.0,9.218567216872743e-07,9.929654237343127e-07,0.01067323590534487,0.012229546435104984,4.987129635505013,0.0,4.987129635505013,1.0,6.712870364494987,0.3,0.0018,0.051800000000000006,0.3722435182247494,0.40115264120857574,0.0,1001639381597.8824
1888,25.0,0.0,1003684472860.9109,0.0,9.039646164474253e-07,1.0891381139485038e-06,0.012552864064591721,0.007011043344633539,5.00984984764908,0.0,5.00984984764908,1.0,6.69015015235092,0.3,0.0018,0.051800000000000006,0.371107507617546,0.402980200100473,0.0,1003684472860.9109
1889,25.0,0.0,993833141746.7911,0.0,1.0016021720041796e-06,9.382884438786952e-07,0.012975747540940084,0.009705733025334727,5.020761812490904,0.0,5.020761812490904,1.0,6.679238187509096,0.3,0.0018,0.051800000000000006,0.3705619093754548,0.4038579321501693,0.0,993833141746.7911
1890,25.0,0.0,993298884471.2809,0.0,1.024717687165643e-06,1.0662170397148811e-06,0.005215195579238192,0.01265462501154367,4.99774280998128,0.0,4.99774280998128,1.0,6.70225719001872,0.3,0.0018,0.051800000000000006,0.371712859500936,0.4020063392842085,0.0,993298884471.2809
1891,25.0,0.0,1002417376536.3778,0.0,9.091177425073421e-07,1.0597672819810295e-06,0.0062446526780044025,0.005139839345861366,5.061868473445498,0.0,5.061868473445498,1.0,6.638131526554502,0.3,0.0018,0.051800000000000006,0.3685065763277251,0.40716445249722477,0.0,1002417376536.3778
1892,25.0,0.0,1006778339410.7701,0.0,9.093255641621866e-07,1.0121897401717686e-06,0.010417978670954396,0.008500801782104621,5.038034447205253,0.0,5.038034447205253,1.0,6.661965552794747,0.3,0.0018,0.051800000000000006,0.3696982776397374,0.4052473010943736,0.0,1006778339410.7701
1893,25.0,0.0,992904480074.8872,0.0,9.908832820332556e-07,1.0590437861159433e-06,0.006410776096470706,0.005398575441422101,5.029690111227747,0.0,5.029690111227747,1.0,6.670309888772254,0.3,0.0018,0.051800000000000006,0.3701154944386127,0.4045761028979848,0.0,992904480074.8872
1894,25.0,0.0,1007286757789.0094,0.0,9.033579090586213e-07,1.0020043585942421e-06,0.007788542071248199,0.011934031415201801,4.968174593365264,0.0,4.968174593365264,1.0,6.731825406634736,0.3,0.0018,0.051800000000000006,0.3731912703317368,0.3996279434817619,0.0,1007286757789.0094
1895,25.0,0.0,1006562035160.8712,0.0,9.806671508432927e-07,9.897760065135966e-07,0.01482683673211532,0.006421154767246634,5.046292927188506,0.0,5.046292927188506,1.0,6.653707072811494,0.3,0.0018,0.051800000000000006,0.36928535364057474,0.4059115932423187,0.0,1006562035160.8712
1896,25.0,0.0,995848570896.5382,0.0,9.651639896110813e-07,9.03326216464591e-07,0.006698928990780582,0.014945866411198251,4.96234228606759,0.0,4.96234228606759,1.0,6.7376577139324105,0.3,0.0018,0.051800000000000006,0.3734828856966205,0.3991588067943685,0.0,995848570896.5382
1897,25.0,0.0,998167803359.6918,0.0,9.137132039730853e-07,1.0580857839409533e-06,0.013255012681970574,0.007131605788717014,5.044762728235247,0.0,5.044762728235247,1.0,6.655237271764753,0.3,0.0018,0.051800000000000006,0.3693618635882377,0.4057885077409304,0.0,998167803359.6918
1898,25.0,0.0,1008727765086.2803,0.0,9.75022142638098e-07,9.976220611445206e-07,0.007865237880329924,0.010154342583486617,5.0272861854252415,0.0,5.0272861854252415,1.0,6.672713814574759,0.3,0.0018,0.051800000000000006,0.37023569072873797,0.40438273692287974,0.0,1008727765086.2803
1899,25.0,0.0,1004377479362.8936,0.0,1.0737977983957686e-06,1.0487365732485665e-06,0.008131268168327488,0.010214330882978778,5.05401959887845,0.0,5.05401959887845,1.0,6.64598040112155,0.3,0.0018,0.051800000000000006,0.3688990200560775,0.4065331080178934,0.0,1004377479362.8936
1900,25.0,0.0,1003011163646.5465,0.0,1.0976333697685891e-06,9.141436977292624e-07,0.010036219658208284,0.013736657618394817,4.925473718644929,0.0,4.925473718644929,1.0,6.7745262813550715,0.3,0.0018,0.051800000000000006,0.3753263140677536,0.3961931884366899,0.0,1003011163646.5465
1901,25.0,0.0,1000529806171.1323,0.0,9.131044173907961e-07,1.0570833447171685e-06,0.007831705361334835,0.013242293865239556,4.987923189016889,0.0,4.987923189016889,1.0,6.7120768109831115,0.3,0.0018,0.051800000000000006,0.3722038405491556,0.4012164727330187,0.0,1000529806171.1323
1902,25.0,0.0,1005610985809.9409,0.0,9.540054736436726e-07,1.017792745690011e-06,0.01487294602823911,0.007901668241797477,5.067240667511923,0.0,5.067240667511923,1.0,6.632759332488077,0.3,0.0018,0.051800000000000006,0.3682379666244039,0.40759657878956906,0.0,1005610985809.9409
1903,25.0,0.0,997634687155.8408,0.0,1.0872378731226578e-06,9.327855989433191e-07,0.014446914679975983,0.00603306825928855,4.965042116743475,0.0,4.965042116743475,1.0,6.734957883256525,0.3,0.0018,0.051800000000000006,0.37334789416282627,0.3993759746415279,0.0,997634687155.8408
1904,25.0,0.0,993789668716.8339,0.0,9.360782416071107e-07,1.0748884135340683e-06,0.005498286073385226,0.010297776977774984,4.9345209538744195,0.0,4.9345209538744195,1.0,6.765479046125581,0.3,0.0018,0.051800000000000006,0.37487395230627907,0.39692092614819974,0.0,993789668716.8339
1905,25.0,0.0,1006621328993.4331,0.0,9.473809810959519e-07,9.242054984773766e-07,0.013736239873825329,0.005811091290474124,5.019324378736665,0.0,5.019324378736665,1.0,6.680675621263335,0.3,0.0018,0.051800000000000006,0.37063378106316675,0.403742308456939,0.0,1006621328993.4331
1906,25.0,0.0,1000176466270.367,0.0,1.0835777570029703e-06,1.0939273806501645e-06,0.010836364610945396,0.0129618207474235,5.020215012366267,0.0,5.020215012366267,1.0,6.679784987633733,0.3,0.0018,0.051800000000000006,0.37058924938168664,0.4038139488711605,0.0,1000176466270.367
1907,25.0,0.0,1004354877470.8357,0.0,9.23340461337745e-07,9.460137749912731e-07,0.012321281868747053,0.006497119775945398,5.028640255164911,0.0,5.028640255164911,1.0,6.671359744835089,0.3,0.0018,0.051800000000000006,0.3701679872417545,0.40449165501648254,0.0,1004354877470.8357
1908,25.0,0.0,995163636995.5885,0.0,9.718393242785788e-07,1.0214039611409166e-06,0.012438482997188634,0.013617526348503637,4.929498842600317,0.0,4.929498842600317,1.0,6.770501157399683,0.3,0.0018,0.051800000000000006,0.3751250578699842,0.39651695966862266,0.0,995163636995.5885
1909,25.0,0.0,1006772840214.2095,0.0,1.0102349020346134e-06,1.0097347179508026e-06,0.008265114621752282,0.01470306597353365,4.941038472675303,0.0,4.941038472675303,1.0,6.758961527324697,0.3,0.0018,0.051800000000000006,0.3745480763662349,0.3974451795909993,0.0,1006772840214.2095
1910,25.0,0.0,1000285984492.873,0.0,9.608543592914883e-07,9.314046617417639e-07,0.013677641389118731,0.010695188731396903,4.961725186423075,0.0,4.961725186423075,1.0,6.7382748135769255,0.3,0.0018,0.051800000000000006,0.3735137406788463,0.39910916879207486,0.0,1000285984492.873
1911,25.0,0.0,1007736823233.0613,0.0,1.0308200276559407e-06,9.305942341939447e-07,0.007108833655482571,0.01364207592246416,5.0592785476213935,0.0,5.0592785476213935,1.0,6.640721452378607,0.3,0.0018,0.051800000000000006,0.36863607261893033,0.406956125130421,0.0,1007736823233.0613
1912,25.0,0.0,1004569871056.8645,0.0,1.058363065529162e-06,1.0014466543475991e-06,0.014469076429882016,0.007003596039805953,5.000744766127632,0.0,5.000744766127632,1.0,6.6992552338723685,0.3,0.0018,0.051800000000000006,0.37156276169361846,0.4022478093732007,0.0,1004569871056.8645
1913,25.0,0.0,991654014242.5756,0.0,1.054695531249066e-06,9.62468182311548e-07,0.007404762842704487,0.007625491547948961,5.0320385161109815,0.0,5.0320385161109815,1.0,6.667961483889019,0.3,0.0018,0.051800000000000006,0.36999807419445097,0.4047650029046799,0.0,991654014242.5756
1914,25.0,0.0,1000913361748.7836,0.0,1.0588695119773858e-06,9.370563328448034e-07,0.013830842325344355,0.013447674331852035,5.03678367793323,0.0,5.03678367793323,1.0,6.66321632206677,0.3,0.0018,0.051800000000000006,0.3697608161033385,0.40514669224044647,0.0,1000913361748.7836
1915,25.0,0.0,1004230104827.7833,0.0,9.619549851635912e-07,9.019876000036548e-07,0.007310489807763488,0.011056901775793921,4.941845987949793,0.0,4.941845987949793,1.0,6.758154012050207,0.3,0.0018,0.051800000000000006,0.3745077006025104,0.39751013416584563,0.0,1004230104827.7833
1916,25.0,0.0,996363566814.725,0.0,9.279397580852437e-07,9.71581786506981e-07,0.013134342527584275,0.01134278719712755,5.055183147214428,0.0,5.055183147214428,1.0,6.644816852785572,0.3,0.0018,0.051800000000000006,0.36884084263927863,0.4066267010307616,0.0,996363566814.725
1917,25.0,0.0,1003896428724.7358,0.0,9.98695612189364e-07,9.651162807121608e-07,0.008425122149994104,0.011762819483977675,5.018120437579403,0.0,5.018120437579403,1.0,6.6818795624205976,0.3,0.0018,0.051800000000000006,0.3706939781210299,0.40364546634325954,0.0,1003896428724.7358
1918,25.0,0.0,1001564825746.1641,0.0,1.011724358042902e-06,9.007301346913282e-07,0.007823155124738027,0.012785793396350116,5.036382230791511,0.0,5.036382230791511,1.0,6.663617769208489,0.3,0.0018,0.051800000000000006,0.3697808884604245,0.40511440080369293,0.0,1001564825746.1641
1919,25.0,0.0,998746363453.0068,0.0,9.249960080129995e-07,1.024283046576454e-06,0.014469180201610508,0.0087174953461525,4.975603462648964,0.0,4.975603462648964,1.0,6.724396537351036,0.3,0.0018,0.051800000000000006,0.37281982686755183,0.4002255037523298,0.0,998746363453.0068
1920,25.0,0.0,1008631448938.5944,0.0,9.011283400873173e-07,1.080135937268633e-06,0.006739600306808209,0.010613587186564296,5.026721138529313,0.0,5.026721138529313,1.0,6.6732788614706875,0.3,0.0018,0.051800000000000006,0.3702639430735344,0.4043372859177375,0.0,1008631448938.5944
1921,25.0,0.0,1002550843763.1061,0.0,1.0988513243171366e-06,9.407763671170972e-07,0.005103384646866187,0.014442845921047477,4.989369155129621,0.0,4.989369155129621,1.0,6.710630844870379,0.3,0.0018,0.051800000000000006,0.37213154224351896,0.40133278274852163,0.0,1002550843763.1061
1922,25.0,0.0,990516638535.8234,0.0,9.786600685131963e-07,1.0040658497733444e-06,0.009576442201219823,0.013790362077040225,5.061699479289523,0.0,5.061699479289523,1.0,6.6383005207104775,0.3,0.0018,0.051800000000000006,0.3685150260355239,0.40715085901621,0.0,990516638535.8234
1923,25.0,0.0,1007298683442.4071,0.0,1.0412661764775595e-06,9.396543686651083e-07,0.006952277926577745,0.01408651563083943,5.0010568189901665,0.0,5.0010568189901665,1.0,6.698943181009834,0.3,0.0018,0.051800000000000006,0.3715471590504917,0.4022729101504317,0.0,1007298683442.4071
1924,25.0,0.0,994250246086.7013,0.0,1.0935650430045017e-06,9.039165522887009e-07,0.012145838630927438,0.014787796970752057,4.9406220418885445,0.0,4.9406220418885445,1.0,6.759377958111456,0.3,0.0018,0.051800000000000006,0.3745688979055728,0.3974116829060927,0.0,994250246086.7013
1925,25.0,0.0,1006875298554.934,0.0,9.119192093989143e-07,9.254368646662307e-07,0.008759433688325644,0.008225406737605488,4.957951794676881,0.0,4.957951794676881,1.0,6.742048205323119,0.3,0.0018,0.051800000000000006,0.37370241026615597,0.3988056462899679,0.0,1006875298554.934
1926,25.0,0.0,1006586884955.5415,0.0,1.0260222049102128e-06,1.0250700797175529e-06,0.0064901771298548185,0.010683177382108318,4.98127615909071,0.0,4.98127615909071,1.0,6.71872384090929,0.3,0.0018,0.051800000000000006,0.37253619204546456,0.4006818017286607,0.0,1006586884955.5415
1927,25.0,0.0,990023809341.247,0.0,1.0312084048576875e-06,9.910081221014683e-07,0.0064564054050444885,0.005013181117499578,4.965565897110495,0.0,4.965565897110495,1.0,6.734434102889505,0.3,0.0018,0.051800000000000006,0.37332170514447527,0.3994181062669317,0.0,990023809341.247
1928,25.0,0.0,992621437987.4384,0.0,1.099784875645015e-06,1.0169733812522206e-06,0.010276381757092543,0.011226331235929162,5.05695063353911,0.0,5.05695063353911,1.0,6.6430493664608905,0.3,0.0018,0.051800000000000006,0.36875246832304454,0.4067688733541755,0.0,992621437987.4384
1929,25.0,0.0,994099876058.3031,0.0,1.054470757140528e-06,9.091125717903892e-07,0.014026349469911305,0.005205553649031308,5.015382021942369,0.0,5.015382021942369,1.0,6.684617978057632,0.3,0.0018,0.051800000000000006,0.3708308989028816,0.403425194815184,0.0,994099876058.3031
1930,25.0,0.0,998837718280.0977,0.0,9.993284202119836e-07,9.842441660253101e-07,0.012302771025843543,0.014258069193048555,5.044088360228535,0.0,5.044088360228535,1.0,6.655911639771465,0.3,0.0018,0.051800000000000006,0.36939558198857325,0.40573426321014605,0.0,998837718280.0977
1931,25.0,0.0,1008004315965.6266,0.0,1.0860571570631073e-06,1.060584452484322e-06,0.006502602356101296,0.005469921727273521,5.03612835302991,0.0,5.03612835302991,1.0,6.66387164697009,0.3,0.0018,0.051800000000000006,0.3697935823485045,0.4050939794908229,0.0,1008004315965.6266
1932,25.0,0.0,1009524785600.3469,0.0,9.695799734202726e-07,1.012993170164516e-06,0.005284117525054563,0.010792642345702997,5.060364530756154,0.0,5.060364530756154,1.0,6.639635469243847,0.3,0.0018,0.051800000000000006,0.36858177346219234,0.4070434789861771,0.0,1009524785600.3469
1933,25.0,0.0,1006038577881.9823,0.0,1.0693660986243435e-06,1.052709053146682e-06,0.009910464575598453,0.007452139383997731,4.968215062377178,0.0,4.968215062377178,1.0,6.731784937622822,0.3,0.0018,0.051800000000000006,0.37318924688114113,0.3996311987111629,0.0,1006038577881.9823
1934,25.0,0.0,996507113513.4794,0.0,1.0458657233012505e-06,1.0472148099433962e-06,0.014559364221216793,0.0050579401980312645,4.961672876505897,0.0,4.961672876505897,1.0,6.738327123494103,0.3,0.0018,0.051800000000000006,0.3735163561747052,0.3991049611089042,0.0,996507113513.4794
1935,25.0,0.0,992256098962.6475,0.0,9.094145068159853e-07,1.0087702224378976e-06,0.01062464331542517,0.011359613196106538,4.972343945408272,0.0,4.972343945408272,1.0,6.727656054591728,0.3,0.0018,0.051800000000000006,0.37298280272958645,0.39996331607209396,0.0,992256098962.6475
1936,25.0,0.0,1008584095896.5691,0.0,9.041280706963056e-07,1.01617423204469e-06,0.008159298516629212,0.006824855768336968,4.950342898457181,0.0,4.950342898457181,1.0,6.7496571015428195,0.3,0.0018,0.051800000000000006,0.374082855077141,0.3981936050882545,0.0,1008584095896.5691
1937,25.0,0.0,995612404313.8535,0.0,9.990629414780049e-07,9.855294984930096e-07,0.006458335571144683,0.013758907931211636,4.933223330869068,0.0,4.933223330869068,1.0,6.766776669130932,0.3,0.0018,0.051800000000000006,0.3749388334565466,0.39681654849332915,0.0,995612404313.8535
1938,25.0,0.0,1004046248560.2074,0.0,9.820582602940215e-07,9.693480173282835e-07,0.007885516179629274,0.010680946710777264,4.9772953422718045,0.0,4.9772953422718045,1.0,6.722704657728196,0.3,0.0018,0.051800000000000006,0.3727352328864098,0.4003615944555827,0.0,1004046248560.2074
1939,25.0,0.0,1008966319750.8322,0.0,9.541743036621879e-07,1.0842839254681392e-06,0.012353481952623452,0.0107813980418744,5.024122086979306,0.0,5.024122086979306,1.0,6.675877913020694,0.3,0.0018,0.051800000000000006,0.37039389565103475,0.4041282244996224,0.0,1008966319750.8322
1940,25.0,0.0,995002135235.6521,0.0,9.462749207588037e-07,1.0250728832463652e-06,0.010453244920121695,0.006431030939686687,4.979439075172522,0.0,4.979439075172522,1.0,6.7205609248274785,0.3,0.0018,0.051800000000000006,0.37262804624137397,0.40053403114322084,0.0,995002135235.6521
1941,25.0,0.0,1009257146296.8391,0.0,1.0253443318960172e-06,1.023773407917973e-06,0.009707782421651653,0.01155360464165759,5.036536541574016,0.0,5.036536541574016,1.0,6.663463458425984,0.3,0.0018,0.051800000000000006,0.36977317292129924,0.4051268131896731,0.0,1009257146296.8391
1942,25.0,0.0,1002132548161.4553,0.0,9.141746334263099e-07,9.319396758365564e-07,0.011067040430396944,0.01427173892417442,4.928861082285677,0.0,4.928861082285677,1.0,6.771138917714323,0.3,0.0018,0.051800000000000006,0.3751569458857162,0.3964656597720139,0.0,1002132548161.4553
1943,25.0,0.0,1001234798109.6903,0.0,1.0470906264339187e-06,1.0449771595636267e-06,0.012789234659394369,0.005726106868209576,5.001436675087692,0.0,5.001436675087692,1.0,6.698563324912308,0.3,0.0018,0.051800000000000006,0.3715281662456154,0.4023034648558311,0.0,1001234798109.6903
1944,25.0,0.0,1005657584440.3894,0.0,9.48649225806036e-07,9.91044051099629e-07,0.014629086218064254,0.006096731841210519,5.010195855281319,0.0,5.010195855281319,1.0,6.689804144718681,0.3,0.0018,0.051800000000000006,0.37109020723593406,0.40300803211722325,0.0,1005657584440.3894
1945,25.0,0.0,1002974134540.4541,0.0,1.0571618800612132e-06,9.182524942669616e-07,0.013181388710873328,0.00711966858579494,5.013436894773748,0.0,5.013436894773748,1.0,6.686563105226252,0.3,0.0018,0.051800000000000006,0.3709281552613126,0.40326873349209685,0.0,1002974134540.4541
1946,25.0,0.0,995348356965.4875,0.0,9.016396520427128e-07,9.748908915234404e-07,0.01326389379062189,0.009630065865055076,4.999889164848494,0.0,4.999889164848494,1.0,6.700110835151506,0.3,0.0018,0.051800000000000006,0.3716055417575753,0.4021789868764876,0.0,995348356965.4875
1947,25.0,0.0,1007341534554.4763,0.0,1.08851048684865e-06,1.0753876046648517e-06,0.009210877826589851,0.008658008745986372,5.026494202835026,0.0,5.026494202835026,1.0,6.6735057971649745,0.3,0.0018,0.051800000000000006,0.37027528985824876,0.4043190317595741,0.0,1007341534554.4763
1948,25.0,0.0,994820904063.7296,0.0,1.0521383756376638e-06,1.042880372995817e-06,0.006890538143183762,0.01036874786154343,5.03963590388051,0.0,5.03963590388051,1.0,6.6603640961194905,0.3,0.0018,0.051800000000000006,0.36961820480597457,0.4053761183945068,0.0,994820904063.7296
1949,25.0,0.0,996086595597.7938,0.0,1.0249954718266418e-06,9.272837700417974e-07,0.006934290692513927,0.01280436837391986,5.0063080498784105,0.0,5.0063080498784105,1.0,6.69369195012159,0.3,0.0018,0.051800000000000006,0.3712845975060795,0.4026953064574011,0.0,996086595597.7938
1950,25.0,0.0,992689883906.6346,0.0,9.80039859042327e-07,9.224220823250792e-07,0.0055983342618604204,0.013816018902575306,5.058147213446033,0.0,5.058147213446033,1.0,6.641852786553967,0.3,0.0018,0.051800000000000006,0.36869263932769836,0.4068651233466887,0.0,992689883906.6346
1951,25.0,0.0,991873580150.7795,0.0,1.0759124784307504e-06,1.0233230310740453e-06,0.011131554572029419,0.008714815090537242,4.962420345404429,0.0,4.962420345404429,1.0,6.737579654595571,0.3,0.0018,0.051800000000000006,0.3734789827297786,0.39916508569855447,0.0,991873580150.7795
1952,25.0,0.0,1003444497897.2183,0.0,9.355203012061861e-07,1.0176628505578567e-06,0.012953278365857288,0.01088799461667131,5.004449211748482,0.0,5.004449211748482,1.0,6.695550788251518,0.3,0.0018,0.051800000000000006,0.37137753941257595,0.4025457860158045,0.0,1003444497897.2183
1953,25.0,0.0,1002334952556.6926,0.0,9.387132297315338e-07,1.09591557001722e-06,0.009038138291471893,0.008352628124422225,4.950351265961097,0.0,4.950351265961097,1.0,6.749648734038903,0.3,0.0018,0.051800000000000006,0.3740824367019452,0.3981942781500239,0.0,1002334952556.6926
1954,25.0,0.0,991399448373.499,0.0,9.294802421750931e-07,1.0431562830025893e-06,0.00984083429260437,0.006103889641992759,5.008555833689644,0.0,5.008555833689644,1.0,6.691444166310356,0.3,0.0018,0.051800000000000006,0.37117220831551784,0.4028761127485235,0.0,991399448373.499
1955,25.0,0.0,991016112295.2396,0.0,9.2835983760189e-07,9.950104001762466e-07,0.010446771278482841,0.007370874631812567,4.95161270480572,0.0,4.95161270480572,1.0,6.74838729519428,0.3,0.0018,0.051800000000000006,0.37401936475971403,0.3982957452385554,0.0,991016112295.2396
1956,25.0,0.0,1000162530953.6069,0.0,9.253517542733202e-07,1.0401238056890997e-06,0.009126207704235998,0.0053522423897058614,5.005395846500708,0.0,5.005395846500708,1.0,6.694604153499292,0.3,0.0018,0.051800000000000006,0.37133020767496466,0.4026219310248317,0.0,1000162530953.6069
1957,25.0,0.0,996986460216.7775,0.0,1.0837006725862059e-06,9.489089124162918e-07,0.014398404689876975,0.007043088602503319,4.935604232333504,0.0,4.935604232333504,1.0,6.764395767666496,0.3,0.0018,0.051800000000000006,0.3748197883833248,0.39700806244638864,0.0,996986460216.7775
1958,25.0,0.0,1003551124905.2909,0.0,1.0419654620849862e-06,9.825262530073268e-07,0.013924309741328762,0.014581285182084597,5.043748238144016,0.0,5.043748238144016,1.0,6.656251761855984,0.3,0.0018,0.051800000000000006,0.3694125880927992,0.40570690461261394,0.0,1003551124905.2909
1959,25.0,0.0,993580894146.6857,0.0,1.0999117964973073e-06,1.0330280332910692e-06,0.006958890395800084,0.006444366621953218,5.0689121608400525,0.0,5.0689121608400525,1.0,6.631087839159948,0.3,0.0018,0.051800000000000006,0.36815439195799743,0.40773102966860136,0.0,993580894146.6857
1960,25.0,0.0,1008982385072.3082,0.0,1.077549280600473e-06,9.325640627976758e-07,0.006828097181073625,0.010123430456603898,4.974876449126678,0.0,4.974876449126678,1.0,6.725123550873322,0.3,0.0018,0.051800000000000006,0.3728561775436661,0.4001670245436517,0.0,1008982385072.3082
1961,25.0,0.0,991068149418.8452,0.0,9.176458536906731e-07,1.0695002100560842e-06,0.007018998065356751,0.012349389203479954,5.013781909848153,0.0,5.013781909848153,1.0,6.686218090151847,0.3,0.0018,0.051800000000000006,0.3709109045075924,0.40329648566989645,0.0,991068149418.8452
1962,25.0,0.0,991149186325.3281,0.0,9.401057513202352e-07,9.271825007903964e-07,0.01238498122589134,0.007125149910132005,4.958473707157425,0.0,4.958473707157425,1.0,6.741526292842575,0.3,0.0018,0.051800000000000006,0.3736763146421288,0.39884762766710297,0.0,991149186325.3281
1963,25.0,0.0,1000274254885.794,0.0,1.0177044095675856e-06,9.963367759453284e-07,0.008939402146374703,0.007657862119292345,5.031491392052456,0.0,5.031491392052456,1.0,6.668508607947544,0.3,0.0018,0.051800000000000006,0.37002543039737723,0.404720993569213,0.0,1000274254885.794
1964,25.0,0.0,1001723249117.7598,0.0,1.0017580461755467e-06,1.0857112129304096e-06,0.009215955686177444,0.009269684534188125,5.058952174365775,0.0,5.058952174365775,1.0,6.641047825634225,0.3,0.0018,0.051800000000000006,0.3686523912817113,0.40692987245541945,0.0,1001723249117.7598
1965,25.0,0.0,995243022290.3346,0.0,1.0602868627510472e-06,9.55893215524744e-07,0.005057376903033657,0.005194606392983236,5.071760391739485,0.0,5.071760391739485,1.0,6.6282396082605155,0.3,0.0018,0.051800000000000006,0.3680119804130258,0.40796013447067925,0.0,995243022290.3346
1966,25.0,0.0,1008357521382.1666,0.0,1.0589995119310467e-06,1.0443619625560278e-06,0.009770964823218379,0.012746318974586909,5.069866758138896,0.0,5.069866758138896,1.0,6.630133241861104,0.3,0.0018,0.051800000000000006,0.36810666209305526,0.40780781516561254,0.0,1008357521382.1666
1967,25.0,0.0,1006429088125.286,0.0,1.0088804987030017e-06,9.444924641465064e-07,0.01341788761852877,0.012212062490727113,5.06800499422922,0.0,5.06800499422922,1.0,6.63199500577078,0.3,0.0018,0.051800000000000006,0.368199750288539,0.4076580593813723,0.0,1006429088125.286
1968,25.0,0.0,1000217107859.478,0.0,1.0348254879643382e-06,9.97954291144035e-07,0.010627801909689243,0.007233070647014899,4.9793544587199365,0.0,4.9793544587199365,1.0,6.720645541280064,0.3,0.0018,0.051800000000000006,0.3726322770640032,0.4005272248005097,0.0,1000217107859.478
1969,25.0,0.0,1004008262399.3455,0.0,9.543671672748443e-07,1.0386976928705222e-06,0.007149451627207562,0.01461683435889314,5.073601855056961,0.0,5.073601855056961,1.0,6.626398144943039,0.3,0.0018,0.051800000000000006,0.36791990724715196,0.40810825732440165,0.0,1004008262399.3455
1970,25.0,0.0,991580749127.9746,0.0,9.325447993092475e-07,1.0866095720952161e-06,0.014905927389552102,0.006224097800817115,5.027450882313906,0.0,5.027450882313906,1.0,6.672549117686094,0.3,0.0018,0.051800000000000006,0.3702274558843047,0.4043959847421096,0.0,991580749127.9746
1971,25.0,0.0,993591493593.0956,0.0,9.333225441930239e-07,1.0770599955487476e-06,0.009539746143431607,0.011348680993675447,5.063268666057249,0.0,5.063268666057249,1.0,6.636731333942751,0.3,0.0018,0.051800000000000006,0.3684365666971376,0.40727708060306056,0.0,993591493593.0956
1972,25.0,0.0,998053552956.8672,0.0,9.683346119221078e-07,1.089236765050481e-06,0.007528578441476488,0.009093462825969723,5.041733588697661,0.0,5.041733588697661,1.0,6.658266411302339,0.3,0.0018,0.051800000000000006,0.369513320565117,0.4055448510857192,0.0,998053552956.8672
1973,25.0,0.0,994861452802.9409,0.0,1.0257502224503738e-06,1.0016506915470262e-06,0.014330580798908223,0.009231323258959617,4.945338538693729,0.0,4.945338538693729,1.0,6.754661461306271,0.3,0.0018,0.051800000000000006,0.37433307306531355,0.39779106649724333,0.0,994861452802.9409
1974,25.0,0.0,1001662636276.5161,0.0,1.010062664034761e-06,1.0816091731131927e-06,0.009237303497985735,0.011515694939376311,4.959334788068869,0.0,4.959334788068869,1.0,6.740665211931131,0.3,0.0018,0.051800000000000006,0.3736332605965566,0.3989168909321806,0.0,1001662636276.5161
1975,25.0,0.0,1001596055870.1111,0.0,9.134804700123693e-07,9.639325481122061e-07,0.007120306607113492,0.013926737684026289,4.964924317195721,0.0,4.964924317195721,1.0,6.735075682804279,0.3,0.0018,0.051800000000000006,0.373353784140214,0.3993664991309299,0.0,1001596055870.1111
1976,25.0,0.0,994421299331.353,0.0,9.366862234995174e-07,1.0667366507690907e-06,0.006199692693064753,0.013735277514954132,4.931887557267813,0.0,4.931887557267813,1.0,6.768112442732187,0.3,0.0018,0.051800000000000006,0.3750056221366094,0.3967091020968318,0.0,994421299331.353
1977,25.0,0.0,1003705310918.4148,0.0,1.0878679145695742e-06,9.7323615221613e-07,0.005407490935004935,0.012616590631951332,5.011925097451358,0.0,5.011925097451358,1.0,6.688074902548642,0.3,0.0018,0.051800000000000006,0.3710037451274321,0.4031471281733718,0.0,1003705310918.4148
1978,25.0,0.0,1004763623227.129,0.0,1.0999053109663683e-06,9.347293949738217e-07,0.01329800627658866,0.0071243816896272615,5.0423761976891255,0.0,5.0423761976891255,1.0,6.657623802310875,0.3,0.0018,0.051800000000000006,0.36948119011554376,0.40559654099816,0.0,1004763623227.129
1979,25.0,0.0,999514368938.2635,0.0,1.0667582260261472e-06,1.015897844590163e-06,0.011212768314885282,0.007360671212086214,4.991923552130391,0.0,4.991923552130391,1.0,6.708076447869609,0.3,0.0018,0.051800000000000006,0.37200382239348045,0.4015382522627406,0.0,999514368938.2635
1980,25.0,0.0,993929665600.3839,0.0,1.0697464117996315e-06,1.0092891354177066e-06,0.013960439773248116,0.007325274439566806,4.9909855004897405,0.0,4.9909855004897405,1.0,6.70901449951026,0.3,0.0018,0.051800000000000006,0.372050724975513,0.4014627976584412,0.0,993929665600.3839
1981,25.0,0.0,1003689871246.9506,0.0,1.0038800780343715e-06,9.277544700952018e-07,0.011291974887875547,0.01330248133274467,4.927999557004035,0.0,4.927999557004035,1.0,6.7720004429959655,0.3,0.0018,0.051800000000000006,0.3752000221497983,0.39639636076287277,0.0,1003689871246.9506
1982,25.0,0.0,1004405084213.0627,0.0,9.81204156254019e-07,1.0570962462345112e-06,0.010321445615108742,0.012498461881132612,4.979601467040749,0.0,4.979601467040749,1.0,6.720398532959251,0.3,0.0018,0.051800000000000006,0.37261992664796256,0.40054709355218376,0.0,1004405084213.0627
1983,25.0,0.0,991823288116.0559,0.0,9.941647698071304e-07,1.0276935054929803e-06,0.00729056134739218,0.007260282909768756,5.037366435165455,0.0,5.037366435165455,1.0,6.662633564834545,0.3,0.0018,0.051800000000000006,0.36973167824172726,0.4051935678221891,0.0,991823288116.0559
1984,25.0,0.0,1002814139701.5916,0.0,1.0422259279472148e-06,1.0759030749211853e-06,0.013166462573476222,0.005088618658897751,5.005957085920794,0.0,5.005957085920794,1.0,6.694042914079207,0.3,0.0018,0.051800000000000006,0.37130214570396036,0.40266707576582955,0.0,1002814139701.5916
1985,25.0,0.0,995806521413.062,0.0,1.0369895058709925e-06,1.0542507869425747e-06,0.014125847649174003,0.01405716583533105,4.975892024917357,0.0,4.975892024917357,1.0,6.724107975082643,0.3,0.0018,0.051800000000000006,0.37280539875413216,0.4002487150030049,0.0,995806521413.062
1986,25.0,0.0,991889251003.276,0.0,1.0854288492175824e-06,9.304864852454987e-07,0.009823261984886285,0.009330723647944072,4.973715666443998,0.0,4.973715666443998,1.0,6.726284333556002,0.3,0.0018,0.051800000000000006,0.3729142166778001,0.4000736539932431,0.0,991889251003.276
1987,25.0,0.0,997602986766.392,0.0,1.0606608772410602e-06,1.040192685860329e-06,0.013497618040179571,0.008762982352651211,4.9461358291696085,0.0,4.9461358291696085,1.0,6.753864170830392,0.3,0.0018,0.051800000000000006,0.3742932085415196,0.397855198614029,0.0,997602986766.392
1988,25.0,0.0,994286551881.1454,0.0,1.0888674552318152e-06,1.0899846169620427e-06,0.006492368544299156,0.012694528615511989,4.989461375627865,0.0,4.989461375627865,1.0,6.710538624372135,0.3,0.0018,0.051800000000000006,0.3721269312186068,0.4013402007422672,0.0,994286551881.1454
1989,25.0,0.0,1009367431222.3668,0.0,1.0546127470505636e-06,9.011348216719216e-07,0.011286101069088056,0.011526779766990595,5.038055931417603,0.0,5.038055931417603,1.0,6.661944068582397,0.3,0.0018,0.051800000000000006,0.3696972034291199,0.40524902923243267,0.0,1009367431222.3668
1990,25.0,0.0,1004642879716.7902,0.0,1.098567941834296e-06,9.936817621847851e-07,0.009174501022792231,0.010018775732770935,4.984108468363052,0.0,4.984108468363052,1.0,6.715891531636948,0.3,0.0018,0.051800000000000006,0.37239457658184744,0.40090962583357886,0.0,1004642879716.7902
1991,25.0,0.0,994798896978.892,0.0,1.0855656959941624e-06,9.992490825561378e-07,0.014621473439443033,0.009157171598443575,4.983106830269993,0.0,4.983106830269993,1.0,6.716893169730008,0.3,0.0018,0.051800000000000006,0.3724446584865004,0.400829056488899,0.0,994798896978.892
1992,25.0,0.0,1005250347399.9376,0.0,9.81400332895203e-07,9.166607409756201e-07,0.01466743884613773,0.00727958966842106,4.999140059545089,0.0,4.999140059545089,1.0,6.700859940454911,0.3,0.0018,0.051800000000000006,0.37164299702274556,0.40211873065838877,0.0,1005250347399.9376
1993,25.0,0.0,997817509004.9553,0.0,1.005675730897593e-06,9.258958630369875e-07,0.00510740508594946,0.007124486823003044,5.033651974223068,0.0,5.033651974223068,1.0,6.666348025776932,0.3,0.0018,0.051800000000000006,0.3699174012888466,0.40489478557135367,0.0,997817509004.9553
1994,25.0,0.0,1000718501424.6571,0.0,1.0760886481839921e-06,1.0930414291818364e-06,0.012529400237269398,0.005888867205918311,4.9905677870928375,0.0,4.9905677870928375,1.0,6.709432212907163,0.3,0.0018,0.051800000000000006,0.37207161064535815,0.4014291978034779,0.0,1000718501424.6571
1995,25.0,0.0,1003409433403.5095,0.0,1.0546406776526775e-06,1.0217720311328558e-06,0.010067051588955624,0.01428814362337033,4.984210005066155,0.0,4.984210005066155,1.0,6.7157899949338455,0.3,0.0018,0.051800000000000006,0.3723894997466923,0.400917793200302,0.0,1003409433403.5095
1996,25.0,0.0,1005130900475.1765,0.0,1.010128581725644e-06,9.619759696668515e-07,0.005509867196586743,0.01309259963504775,5.018301488104012,0.0,5.018301488104012,1.0,6.681698511895988,0.3,0.0018,0.051800000000000006,0.37068492559479943,0.40366002960939606,0.0,1005130900475.1765
1997,25.0,0.0,1008406055275.516,0.0,1.0203035796712367e-06,1.0953163214338587e-06,0.01374805631201768,0.006042604049456593,5.072165896393902,0.0,5.072165896393902,1.0,6.627834103606098,0.3,0.0018,0.051800000000000006,0.36799170518030494,0.4079927522839368,0.0,1008406055275.516
1998,25.0,0.0,1005206828696.6537,0.0,9.653344763312727e-07,9.054060047168668e-07,0.007767362524420835,0.011858203228735955,5.054467236030737,0.0,5.054467236030737,1.0,6.645532763969263,0.3,0.0018,0.051800000000000006,0.36887663819846317,0.40656911486733727,0.0,1005206828696.6537
1999,25.0,0.0,1003461354308.0417,0.0,9.28340570810723e-07,9.163872196447047e-07,0.011378789968245559,0.010948598170283447,5.05379203582245,0.0,5.05379203582245,1.0,6.64620796417755,0.3,0.0018,0.051800000000000006,0.3689103982088775,0.4065148033962718,0.0,1003461354308.0417
